INSERT INTO `curatedhitdb`.`sequence`
(`accession`,
`variant`,
`gi`,
`ncbi_gene_id`,
`hgnc_gene_name`,
`taxonomy_id`,
`organism`,
`phylum`,
`class`,
`taxonomy_group`,
`info`,
`sequence`,
`variant_under_consideration`)
VALUES
('AAA30025.1',
'cH2B_(Animals)',
'161386',
null,
null,
7660,
'Psammechinus miliaris',
'Echinodermata',
'Echinoidea',
null,
null,
'MAPTAQVAKKGSKKAVKAPRPSGGKKRNRKRKESYGIYIYKVLKQVHPDTGISSRAMIIMNSFVNDIFERIAGESSRLAQYNKKSTISSREIQTAVRLILPGELAKHAVSEGTKAVTKYTTSK',
null);
INSERT INTO `curatedhitdb`.`sequence`
(`accession`,
`variant`,
`gi`,
`ncbi_gene_id`,
`hgnc_gene_name`,
`taxonomy_id`,
`organism`,
`phylum`,
`class`,
`taxonomy_group`,
`info`,
`sequence`,
`variant_under_consideration`)
VALUES
('AAB48832.1',
'CS_H2B_(Echinoidea)',
null,
null,
null,
7660,
'Psammechinus miliaris',
'Echinodermata',
'Echinoidea',
null,
null,
'MPAKGAATKGEKKQAVKSKAMASSRTGDKKRRRRRLESYNIYIYKVLKQVHPDTGISSKAMSIMNSFVNDIFERIAAEASRLAQYNKKSTISSREVQTAVRLLLPGELAKHAVSEGTKAVTKYTTSR',
null);
INSERT INTO `curatedhitdb`.`publication`
(`id`,
`title`,
`doi`,
`author`,
`year`)
VALUES
('9032246',
null,
null,
null,
null);
INSERT INTO `curatedhitdb`.`sequence_has_publication`
(`sequence_accession`,
`publication_id`)
VALUES
('AAB48832.1',
'9032246');
INSERT INTO `curatedhitdb`.`sequence`
(`accession`,
`variant`,
`gi`,
`ncbi_gene_id`,
`hgnc_gene_name`,
`taxonomy_id`,
`organism`,
`phylum`,
`class`,
`taxonomy_group`,
`info`,
`sequence`,
`variant_under_consideration`)
VALUES
('AAC28846.1',
'macroH2A',
'3395780',
null,
null,
9031,
'Gallus gallus',
'Chordata',
'Aves',
null,
null,
'MSSRGGKKKSTKTSRSAKAGVIFPVGRMLRYIKKGHPKYRIGVGAPVYMAAVLEYLTAEILELAGNAARDNKKGRVTPRHILLAVANDEELNQLLKGVTIASGGVLPNIHPELLAKKRGSKGKLEAIITPPPAKKAKSPSQKKTVSKKTGGKKGARKSKKKQGEVSKSASADSTTEGTPADGFTVLSTKSLFLGQKLQVVQADIATIDSDAVVHPTNSDFYTGGEVGSTLEKKGGKEFVEAVIELRKKNGPLDIAGAVVSAGHGLPAKFVIHCNSPGWGSDKCEELLEKTVKNCLALADEKKLKSIAFPSIGSGRNGFPKQTAAQLILKAISSYFVSTMSSSIKTVYFVLFDSESIGIYVQEMAKLDAN',
null);
INSERT INTO `curatedhitdb`.`sequence_has_publication`
(`sequence_accession`,
`publication_id`)
VALUES
('AAC28846.1',
'22650316');
INSERT INTO `curatedhitdb`.`publication`
(`id`,
`title`,
`doi`,
`author`,
`year`)
VALUES
('26989147',
null,
null,
null,
null);
INSERT INTO `curatedhitdb`.`sequence_has_publication`
(`sequence_accession`,
`publication_id`)
VALUES
('AAC28846.1',
'26989147');
INSERT INTO `curatedhitdb`.`sequence`
(`accession`,
`variant`,
`gi`,
`ncbi_gene_id`,
`hgnc_gene_name`,
`taxonomy_id`,
`organism`,
`phylum`,
`class`,
`taxonomy_group`,
`info`,
`sequence`,
`variant_under_consideration`)
VALUES
('AAC37291.1',
'H2A.X_(Protists)',
'310870',
null,
null,
5911,
'Tetrahymena thermophila',
'Ciliophora',
'Oligohymenophorea',
null,
null,
'MSTTGKGGKAKGKTASSKQVSRSARAGLQFPVGRISRFLKHGRYSERVGTGAPVYLAAVLEYLAAEVLELAGNAAKDNKKTRIVPRHILLAIRNDEELNKLMANTTIADGGVLPNINPMLLPSKSKKTESRGQASQDL',
null);
INSERT INTO `curatedhitdb`.`sequence_has_publication`
(`sequence_accession`,
`publication_id`)
VALUES
('AAC37291.1',
'22650316');
INSERT INTO `curatedhitdb`.`sequence_has_publication`
(`sequence_accession`,
`publication_id`)
VALUES
('AAC37291.1',
'26989147');
INSERT INTO `curatedhitdb`.`sequence`
(`accession`,
`variant`,
`gi`,
`ncbi_gene_id`,
`hgnc_gene_name`,
`taxonomy_id`,
`organism`,
`phylum`,
`class`,
`taxonomy_group`,
`info`,
`sequence`,
`variant_under_consideration`)
VALUES
('AAC37292.1',
'cH2A_(Protists)',
'310872',
null,
null,
5911,
'Tetrahymena thermophila',
'Ciliophora',
'Oligohymenophorea',
null,
null,
'MSTTGKGGKAKGKTASSKQVSRSARAGLQFPVGRISRFLKNGRYSERIGTGAPVYLAAVLEYLAAEVLELAGNAAKDNKKTRIVPRHILLAIRNDEELNKLMANTTIADGGVLPNINPMLLPSKTKKSTEPEH',
null);
INSERT INTO `curatedhitdb`.`sequence_has_publication`
(`sequence_accession`,
`publication_id`)
VALUES
('AAC37292.1',
'22650316');
INSERT INTO `curatedhitdb`.`sequence_has_publication`
(`sequence_accession`,
`publication_id`)
VALUES
('AAC37292.1',
'26989147');
INSERT INTO `curatedhitdb`.`sequence`
(`accession`,
`variant`,
`gi`,
`ncbi_gene_id`,
`hgnc_gene_name`,
`taxonomy_id`,
`organism`,
`phylum`,
`class`,
`taxonomy_group`,
`info`,
`sequence`,
`variant_under_consideration`)
VALUES
('AAK39657.1',
null,
'13794280',
null,
null,
55529,
'Guillardia theta',
null,
'Cryptophyceae',
null,
null,
'MMKKQNLKRFKKSSNSLVDIRKFQKSTDLLIHRLPFARLVKEISLKYHHSLNWQQVAVEALQFASEDYIIGLLQDANLAAIHAKRVTVMPKDLKLAKIIRGEH',
'cenH3_(Plants)');
INSERT INTO `curatedhitdb`.`sequence`
(`accession`,
`variant`,
`gi`,
`ncbi_gene_id`,
`hgnc_gene_name`,
`taxonomy_id`,
`organism`,
`phylum`,
`class`,
`taxonomy_group`,
`info`,
`sequence`,
`variant_under_consideration`)
VALUES
('AAM95790.1',
'H3.3',
'22476750',
null,
null,
5811,
'Toxoplasma gondii',
'Apicomplexa',
'Conoidasida',
null,
null,
'MARTKQTARKSTGGKAPRKQLASKAARKSAPMSGGIKKPHRYRPGTVALREIRKFQKSTDLLIRKLPFQRLVREIAQDFKTDLRFQSQAILALQEAAEAYLVGLFEDTNLCAIHAKRVTIMPKDIQLARRIRGERS',
null);
INSERT INTO `curatedhitdb`.`sequence`
(`accession`,
`variant`,
`gi`,
`ncbi_gene_id`,
`hgnc_gene_name`,
`taxonomy_id`,
`organism`,
`phylum`,
`class`,
`taxonomy_group`,
`info`,
`sequence`,
`variant_under_consideration`)
VALUES
('AAO24603.1',
'H2B.V',
null,
null,
null,
5702,
'Trypanosoma brucei brucei',
'Euglenozoa',
'Kinetoplastea',
null,
null,
'MPPTKGGKRPLPLGGKGKGKRPPGQTTKSSSSRKKSGARRGKKQQRWDLYIHRTLRQVYKRGTLSKAAVRVLSSFIEDMYGKIQAEAVHVACINNVKTLTAREIQTSARLLLPPELAKHAMSEGTKAVAKYNASREEAYSKVL',
null);
INSERT INTO `curatedhitdb`.`publication`
(`id`,
`title`,
`doi`,
`author`,
`year`)
VALUES
('16303849',
null,
null,
null,
null);
INSERT INTO `curatedhitdb`.`sequence_has_publication`
(`sequence_accession`,
`publication_id`)
VALUES
('AAO24603.1',
'16303849');
INSERT INTO `curatedhitdb`.`sequence`
(`accession`,
`variant`,
`gi`,
`ncbi_gene_id`,
`hgnc_gene_name`,
`taxonomy_id`,
`organism`,
`phylum`,
`class`,
`taxonomy_group`,
`info`,
`sequence`,
`variant_under_consideration`)
VALUES
('AAP80725.1',
'H3.3',
'32401039',
null,
null,
83288,
'Griffithsia japonica',
'Rhodophyta',
'Florideophyceae',
null,
null,
'MARTKQTARKSTGGKAPRKQLATKAARKSAPITGGVKKPHRYRPGTVALREIRKFQKSTDLLIRKLPFQRLVREIAQDFKSDLRFQSSAVLALQEAAEAYLRGGLFEDTNLCAIHAKRVTIMPKDIQLARRIRGERA',
null);
INSERT INTO `curatedhitdb`.`sequence`
(`accession`,
`variant`,
`gi`,
`ncbi_gene_id`,
`hgnc_gene_name`,
`taxonomy_id`,
`organism`,
`phylum`,
`class`,
`taxonomy_group`,
`info`,
`sequence`,
`variant_under_consideration`)
VALUES
('AAZ66580.1',
'generic_H1',
'72151622',
null,
null,
7227,
'Drosophila melanogaster',
'Arthropoda',
'Insecta',
null,
null,
'MSDSAVATSASPVAAPPATVEKKVVQKKASGSAGTKAKKASATPSHPPTQQMVDASIKNLKERGGSSLLAIKKYITATYKCDAQKLAPFIKKYLKSAVVNGKLIQTKGKGASGSFKLSASAKKEKDPKAKSKVLSAEKKVQSKKVASKKIGVSSKKTAVGAADKKPKAKKAVATKKTAENKKTEKAKAKDAKKTGIIKSKPAATKAKVTAAKPKAVVAKASKAKPAVSAKPKKTVKKASVSATAKKPKAKTTAAKK',
null);
INSERT INTO `curatedhitdb`.`sequence`
(`accession`,
`variant`,
`gi`,
`ncbi_gene_id`,
`hgnc_gene_name`,
`taxonomy_id`,
`organism`,
`phylum`,
`class`,
`taxonomy_group`,
`info`,
`sequence`,
`variant_under_consideration`)
VALUES
('ACH70944.1',
'H1.0',
'197632441',
null,
null,
8030,
'Salmo salar',
'Chordata',
'Actinopteri',
null,
null,
'MAETAAAPAPKAKKAKAPKKPASHPKYSDMIKAAVHADKSRGGASRQSVQKYIKSHYKVGDNADSQIKLSLKRMVSEGVLRHTKGIGASGSFKLAKAEDTKKAPKVKAVVKAKKSPVKSAKPKKVAKPKKVAKSPAKAKKAKVAVKKVKKSPKKAAPKPKKVAKKTKVAKPAKATKPKKAKAAKPKPKAAAKKAAKKK',
null);
INSERT INTO `curatedhitdb`.`sequence`
(`accession`,
`variant`,
`gi`,
`ncbi_gene_id`,
`hgnc_gene_name`,
`taxonomy_id`,
`organism`,
`phylum`,
`class`,
`taxonomy_group`,
`info`,
`sequence`,
`variant_under_consideration`)
VALUES
('ACI22865.1',
'TS_H1.9',
'207081162',
null,
null,
564181,
'Peromyscus californicus insignis',
'Chordata',
'Mammalia',
null,
null,
'MQRDTLLVSPSAAPNSAVAVDQDASTSDDPSKSETGPYTCPQTMRKPSMSKVILRAVTDKGLHRRVSLAALKKAVSTTGYNMAHNSWRFKRVVKNLVKKGMLKQVTGKGASGSFRLGKKQAFKSKRKARRRQRRQQRQKPRQRRSGPRQSLLGSGRSLKGLF',
null);
INSERT INTO `curatedhitdb`.`sequence`
(`accession`,
`variant`,
`gi`,
`ncbi_gene_id`,
`hgnc_gene_name`,
`taxonomy_id`,
`organism`,
`phylum`,
`class`,
`taxonomy_group`,
`info`,
`sequence`,
`variant_under_consideration`)
VALUES
('ACM08534.1',
'H1.0',
'221219746',
null,
null,
8030,
'Salmo salar',
'Chordata',
'Actinopteri',
null,
null,
'MIKAAVHADKSRGGASRQSVQKYIKSHYKVGDNADSQIKLSLKRMVSEGVLRHTKGIGASGSFKLAKAEDTKKAPKVKAVVKAKKSPVKSAKPKKVAKPKKVAKSPAKAKKAKVAVKKVKKSPKKAAPKPKKVVKKTKVAKPAKATKPKKAKAAKPKPKAAAKKAAKKK',
null);
INSERT INTO `curatedhitdb`.`sequence`
(`accession`,
`variant`,
`gi`,
`ncbi_gene_id`,
`hgnc_gene_name`,
`taxonomy_id`,
`organism`,
`phylum`,
`class`,
`taxonomy_group`,
`info`,
`sequence`,
`variant_under_consideration`)
VALUES
('ACM09455.1',
'H1.10',
'221221588',
null,
null,
8030,
'Salmo salar',
'Chordata',
'Actinopteri',
null,
null,
'MVKSEVEVTINAEEAPVASSLKPAKKKKNKKKKNKPGKYSVLVLDAVKKLNERSGSSLVKIYNEAKKASWFDEQNGRTYLRYSIRALVLNNTLIQVKGMGANGSFRLNEDKFAKGVPKKTQSKPAKNTTKTAKASTTKKATVVKAKSSPKKAPDAKMPAAKLKKLGVKKVSAAQKNKKPKKASKPPAKSPRKK',
null);
INSERT INTO `curatedhitdb`.`sequence`
(`accession`,
`variant`,
`gi`,
`ncbi_gene_id`,
`hgnc_gene_name`,
`taxonomy_id`,
`organism`,
`phylum`,
`class`,
`taxonomy_group`,
`info`,
`sequence`,
`variant_under_consideration`)
VALUES
('ACM09522.1',
'TS_H1.6',
'221221722',
null,
null,
8030,
'Salmo salar',
'Chordata',
'Actinopteri',
null,
null,
'MSGVIAIPLATPATTPKKRSKPKKTGPTVSDRILKVVSASSGRSGVSLAALKKSLAASGYDVVKNNARLKLAVRRLVAKGYLLQPKGTGASGSFKINKNKAVAKKKRPTKNKVKKVGAKKVRRASPKKAAGAKKSPKKTKRKSPKKAKRPAAAKKPKSPRKTKRRVAKSTRAKTAPKKK',
null);
INSERT INTO `curatedhitdb`.`sequence`
(`accession`,
`variant`,
`gi`,
`ncbi_gene_id`,
`hgnc_gene_name`,
`taxonomy_id`,
`organism`,
`phylum`,
`class`,
`taxonomy_group`,
`info`,
`sequence`,
`variant_under_consideration`)
VALUES
('ACM09660.1',
'H1.0',
'221221998',
null,
null,
8030,
'Salmo salar',
'Chordata',
'Actinopteri',
null,
null,
'MIKAAVHADKSRGGASRQSVQKYIKSHYKVGDNADSQIKLSLKRMVSEGVLRHTKGIGASGSFKLAKAEDTKKAPKVKAVVKAKKSPVKSAKPKKVAKPKKVAKSPAKAKKAKVAVKKVKKSPKKAAPKPKKVAKKTKVAKPAKATKPKKAKAAKPKPKAAAKKAAKKK',
null);
INSERT INTO `curatedhitdb`.`sequence`
(`accession`,
`variant`,
`gi`,
`ncbi_gene_id`,
`hgnc_gene_name`,
`taxonomy_id`,
`organism`,
`phylum`,
`class`,
`taxonomy_group`,
`info`,
`sequence`,
`variant_under_consideration`)
VALUES
('ACO07616.1',
'H1.10',
'225703540',
null,
null,
8022,
'Oncorhynchus mykiss',
'Chordata',
'Actinopteri',
null,
null,
'MVKSEVDVTINAEEAPVASGPKPAKKKKKKKKKNKPGKYSVLVLDAVKKLNERSGSSLVKIYNEAKKASWFDEQNGRTYLRYSIRALVLNNTLIQVKGMGANGSFRLNEDKFAKEVPKKTQSKPAKTTTKTAKASTTKKATVKPKAKSSPKKAPDAKKPAAKMKKLGVKKVIAAQKNKKPKKASKPPAKSPRKK',
null);
INSERT INTO `curatedhitdb`.`sequence`
(`accession`,
`variant`,
`gi`,
`ncbi_gene_id`,
`hgnc_gene_name`,
`taxonomy_id`,
`organism`,
`phylum`,
`class`,
`taxonomy_group`,
`info`,
`sequence`,
`variant_under_consideration`)
VALUES
('ACO09903.1',
'H1.10',
'225708114',
null,
null,
8014,
'Osmerus mordax',
'Chordata',
'Actinopteri',
null,
null,
'MASDTEVVPAAEAPVAAKSKKRTATKPKPKAKPATVATSSAKKKKRKGKGPGKYSVLVVDAIKQLGERNGSSLAKIYNKAREAIWFDQQHGRTYLRYSIRALVLNDTLIQVKGTGANGSFKLNKKKFETKAPKKAPTPVKAVKTKAPAKKAKAAIKTKAKPKASPKKKSTPKKKPAAKPKKLAAKKATPVKSKKPKPKKASKPAAKSPRKK',
null);
INSERT INTO `curatedhitdb`.`sequence`
(`accession`,
`variant`,
`gi`,
`ncbi_gene_id`,
`hgnc_gene_name`,
`taxonomy_id`,
`organism`,
`phylum`,
`class`,
`taxonomy_group`,
`info`,
`sequence`,
`variant_under_consideration`)
VALUES
('ACO10502.1',
'H1.10',
'225709312',
null,
null,
217165,
'Caligus rogercresseyi',
'Arthropoda',
'Hexanauplia',
null,
null,
'MVKSEVEVTINAEEAPVASSLKPAKKKKNKKKKNKPGKYSVLVLDAVKKLNERSGSSLVKIYNEAKKASWFDEQNGRTYLRYSIRALVLNNTLIQVKGMGANGSFRLNEDKFAKGVPKKTQSKPAKNTTKTAKASTTKKATVVKAKSSPKKAPDAKMPAAKLKKLGVKKVSAAQKNKKPKKASKPPAKSPRKK',
null);
INSERT INTO `curatedhitdb`.`sequence`
(`accession`,
`variant`,
`gi`,
`ncbi_gene_id`,
`hgnc_gene_name`,
`taxonomy_id`,
`organism`,
`phylum`,
`class`,
`taxonomy_group`,
`info`,
`sequence`,
`variant_under_consideration`)
VALUES
('BAE47493.1',
'gH2A',
null,
null,
null,
4690,
'Lilium longiflorum',
'Streptophyta',
'Magnoliopsida',
null,
null,
'MISSANNKGAGTSRRKLRSEKAALQFSVSRVEYSLKKGRYCRRLGATAPVYLAAVLENLVAEVLEMAANVTEKHKRIVIKPRHIMLAVRNDVEVNKLFHGVTISASGVVPKTRKELDRRKRRSTSQAD',
null);
INSERT INTO `curatedhitdb`.`publication`
(`id`,
`title`,
`doi`,
`author`,
`year`)
VALUES
('16247554',
null,
null,
null,
null);
INSERT INTO `curatedhitdb`.`sequence_has_publication`
(`sequence_accession`,
`publication_id`)
VALUES
('BAE47493.1',
'16247554');
INSERT INTO `curatedhitdb`.`sequence`
(`accession`,
`variant`,
`gi`,
`ncbi_gene_id`,
`hgnc_gene_name`,
`taxonomy_id`,
`organism`,
`phylum`,
`class`,
`taxonomy_group`,
`info`,
`sequence`,
`variant_under_consideration`)
VALUES
('CAA32434.1',
'cH3',
'8070',
null,
null,
7227,
'Drosophila melanogaster',
'Arthropoda',
'Insecta',
null,
null,
'MARTKQTARKSTGGKAPRKQLATKAARKSAPATGGVKKPHRYRPGTVALREIRRYQKSTELLIRKLPFQRLVREIAQDFKTDLRFQSSAVMALQEASEAYLVGLFEDTNLCAIHAKRITIMPKDIQLARRIRGERA',
null);
INSERT INTO `curatedhitdb`.`sequence`
(`accession`,
`variant`,
`gi`,
`ncbi_gene_id`,
`hgnc_gene_name`,
`taxonomy_id`,
`organism`,
`phylum`,
`class`,
`taxonomy_group`,
`info`,
`sequence`,
`variant_under_consideration`)
VALUES
('CAA33554.1',
'H2A.Z',
'10823',
null,
null,
5911,
'Tetrahymena thermophila',
'Ciliophora',
'Oligohymenophorea',
null,
null,
'MAGGKGGKGGKGGKGGKVGGAKNKKTPQSRSYKAGLQFPVGRIHRFLKGRVSAKNRVGATAAVYAAAILEYLTAEVLELAGNASKDFKVRRITPRHLLLAIRGDEELDILIKATIAGGGVIPHIHKALLGKHSTKNRSSAKTAEPR',
null);
INSERT INTO `curatedhitdb`.`sequence_has_publication`
(`sequence_accession`,
`publication_id`)
VALUES
('CAA33554.1',
'22650316');
INSERT INTO `curatedhitdb`.`sequence_has_publication`
(`sequence_accession`,
`publication_id`)
VALUES
('CAA33554.1',
'26989147');
INSERT INTO `curatedhitdb`.`sequence`
(`accession`,
`variant`,
`gi`,
`ncbi_gene_id`,
`hgnc_gene_name`,
`taxonomy_id`,
`organism`,
`phylum`,
`class`,
`taxonomy_group`,
`info`,
`sequence`,
`variant_under_consideration`)
VALUES
('CAA62299.1',
'cH2B.1_(Mus_musculus)',
null,
null,
null,
10090,
'Mus musculus',
'Chordata',
'Mammalia',
null,
null,
'MPEVAVKGATISKKGFKKAVTKTQKKEGRKRKRCRKESYSIYIYKVLKQVHPDTGISSKAMSIMNSFVTDIFERIASEASRLAHYNKRSTITSREIQTAVRLLLPGELAKHAVSEGTKAVTKYTSSK',
null);
INSERT INTO `curatedhitdb`.`publication`
(`id`,
`title`,
`doi`,
`author`,
`year`)
VALUES
('8672246',
null,
null,
null,
null);
INSERT INTO `curatedhitdb`.`sequence_has_publication`
(`sequence_accession`,
`publication_id`)
VALUES
('CAA62299.1',
'8672246');
INSERT INTO `curatedhitdb`.`sequence`
(`accession`,
`variant`,
`gi`,
`ncbi_gene_id`,
`hgnc_gene_name`,
`taxonomy_id`,
`organism`,
`phylum`,
`class`,
`taxonomy_group`,
`info`,
`sequence`,
`variant_under_consideration`)
VALUES
('CAF1924216.1',
'H2B.S',
null,
null,
null,
3708,
'Brassica napus',
'Streptophyta',
'Magnoliopsida',
null,
null,
'MAPKKSKKVVSVTKKKKVVEETIKVTVTDGVPNVTTETDTQETQELETQDLPLSIPVEEENVTRVEIPVDVGDDRSPPPSETVTPASEGTVKETHKVEIPVDVRDDRSPQPPETPAPASEVPSKETHKVEEKEGNKKKKMLKKRNKNRSEVAGDEYKRYVYKVMKQVHPDLGISSKAMTVINMFMGDMFERLAVEAAKLNDYSKRRTLSSREIEAAVRLVLPGELSRHAVAEGSKAISNFVAYGAKKR',
null);
INSERT INTO `curatedhitdb`.`publication`
(`id`,
`title`,
`doi`,
`author`,
`year`)
VALUES
('32716939',
null,
null,
null,
null);
INSERT INTO `curatedhitdb`.`sequence_has_publication`
(`sequence_accession`,
`publication_id`)
VALUES
('CAF1924216.1',
'32716939');
INSERT INTO `curatedhitdb`.`sequence`
(`accession`,
`variant`,
`gi`,
`ncbi_gene_id`,
`hgnc_gene_name`,
`taxonomy_id`,
`organism`,
`phylum`,
`class`,
`taxonomy_group`,
`info`,
`sequence`,
`variant_under_consideration`)
VALUES
('CEM32013.1',
'H2B.Z',
null,
null,
null,
1169540,
'Vitrella brassicaformis CCMP3155',
null,
null,
null,
null,
'MPGKGPAEKRQAAKKTAGKTPAEAGKKRRRKRTESFALYIYKVLKQVHPETGISKKSMSIMNSFINDIFDRMATEATNLIRFNKKKTLSSREVQTSVRLMLPGELSKHAVSEGTKAVTKYTTAAGN',
null);
INSERT INTO `curatedhitdb`.`publication`
(`id`,
`title`,
`doi`,
`author`,
`year`)
VALUES
('DOI:10.5772/intechopen.81409',
null,
null,
null,
null);
INSERT INTO `curatedhitdb`.`sequence_has_publication`
(`sequence_accession`,
`publication_id`)
VALUES
('CEM32013.1',
'DOI:10.5772/intechopen.81409');
INSERT INTO `curatedhitdb`.`sequence`
(`accession`,
`variant`,
`gi`,
`ncbi_gene_id`,
`hgnc_gene_name`,
`taxonomy_id`,
`organism`,
`phylum`,
`class`,
`taxonomy_group`,
`info`,
`sequence`,
`variant_under_consideration`)
VALUES
('CUT18445.1',
'gH2B',
null,
null,
null,
1473204,
'Lilium davidii var. unicolor',
'Streptophyta',
'Magnoliopsida',
null,
null,
'MAPKSEKKPAEKKPVAEKPAAEEEKKSAPAPAAAEKKPAEKKPKAGKKLPASKGKEGEKKK',
null);
INSERT INTO `curatedhitdb`.`publication`
(`id`,
`title`,
`doi`,
`author`,
`year`)
VALUES
('26846354',
null,
null,
null,
null);
INSERT INTO `curatedhitdb`.`sequence_has_publication`
(`sequence_accession`,
`publication_id`)
VALUES
('CUT18445.1',
'26846354');
INSERT INTO `curatedhitdb`.`sequence`
(`accession`,
`variant`,
`gi`,
`ncbi_gene_id`,
`hgnc_gene_name`,
`taxonomy_id`,
`organism`,
`phylum`,
`class`,
`taxonomy_group`,
`info`,
`sequence`,
`variant_under_consideration`)
VALUES
('CUT18446.1',
'gH2B',
null,
null,
null,
1473204,
'Lilium davidii var. unicolor',
'Streptophyta',
'Magnoliopsida',
null,
null,
'AEKKPKAGKKVPASKEGEKKKKRSKKSVETYKIYIFKVLKQVHPDIGISSKAMGIMNSFINDLFEKMAQESARLARYNKKNTITSREIQTSVRLVLPGELAKHAVSEGTKAVTKFTSA',
null);
INSERT INTO `curatedhitdb`.`sequence_has_publication`
(`sequence_accession`,
`publication_id`)
VALUES
('CUT18446.1',
'26846354');
INSERT INTO `curatedhitdb`.`sequence`
(`accession`,
`variant`,
`gi`,
`ncbi_gene_id`,
`hgnc_gene_name`,
`taxonomy_id`,
`organism`,
`phylum`,
`class`,
`taxonomy_group`,
`info`,
`sequence`,
`variant_under_consideration`)
VALUES
('CUT18447.1',
'gH2B',
null,
null,
null,
1473204,
'Lilium davidii var. unicolor',
'Streptophyta',
'Magnoliopsida',
null,
null,
'MAPKAEKKPAAKKPAATPPPEEEKEVVPPPPAEKKPKAGKKLPAAKEGDAKKKKKAKKSIETYKIYIFKVLKQVHPDIGISSKAMGIMNSFINDIFEKLAQESARLARYNKKPTITSREIQTSVRLVLPGELAKHAVSEGTKAVTKFTSA',
null);
INSERT INTO `curatedhitdb`.`sequence_has_publication`
(`sequence_accession`,
`publication_id`)
VALUES
('CUT18447.1',
'26846354');
INSERT INTO `curatedhitdb`.`sequence`
(`accession`,
`variant`,
`gi`,
`ncbi_gene_id`,
`hgnc_gene_name`,
`taxonomy_id`,
`organism`,
`phylum`,
`class`,
`taxonomy_group`,
`info`,
`sequence`,
`variant_under_consideration`)
VALUES
('CUT18448.1',
'gH2B',
null,
null,
null,
1473204,
'Lilium davidii var. unicolor',
'Streptophyta',
'Magnoliopsida',
null,
null,
'AATPPPEEEKEVVPPPAEKKPAEKKPKAGKKLPASKEGDAKKKKKSKKSIETYKIYIFKVLKQVHPDIGISSKAMGIMNSFINDIFEKLAQESARLARYNKKPTITSREIQTSVRLVLPGELAKHAVSEGTKAVTKFTSA',
null);
INSERT INTO `curatedhitdb`.`sequence_has_publication`
(`sequence_accession`,
`publication_id`)
VALUES
('CUT18448.1',
'26846354');
INSERT INTO `curatedhitdb`.`sequence`
(`accession`,
`variant`,
`gi`,
`ncbi_gene_id`,
`hgnc_gene_name`,
`taxonomy_id`,
`organism`,
`phylum`,
`class`,
`taxonomy_group`,
`info`,
`sequence`,
`variant_under_consideration`)
VALUES
('CUT18449.1',
'gH2B',
null,
null,
null,
1473204,
'Lilium davidii var. unicolor',
'Streptophyta',
'Magnoliopsida',
null,
null,
'MPPRRKKTAAGAAAGGKAAAAAVGKAGFMPPKKPKKGKKKTPIMRYKRYIYKVLKQVRPELGISEKSTMIMNNFVAHNFQNIAKEASILAYYSKKRTITVDELKAAVAMVLPNLLADYANRDGEKAVSNFEGEASAKKSQGRKRGRGQQA',
null);
INSERT INTO `curatedhitdb`.`sequence_has_publication`
(`sequence_accession`,
`publication_id`)
VALUES
('CUT18449.1',
'26846354');
INSERT INTO `curatedhitdb`.`sequence`
(`accession`,
`variant`,
`gi`,
`ncbi_gene_id`,
`hgnc_gene_name`,
`taxonomy_id`,
`organism`,
`phylum`,
`class`,
`taxonomy_group`,
`info`,
`sequence`,
`variant_under_consideration`)
VALUES
('CUT18450.1',
'gH2B',
null,
null,
null,
1473204,
'Lilium davidii var. unicolor',
'Streptophyta',
'Magnoliopsida',
null,
null,
'MAPKKKPSKLVGTVTKTRKVTETQTLKVSLTKGLKPEDQQTTTNKFEVSVTGKQSKTQPLIVSTNTNLVPKKEKEESPTTTLMVKKKRKNRKAGGEYKRYVYMVLKTVHPDMTVSSKAMMVMEGMMQDMFERLVTEAVRLVQYMKKATLTCREIQTAVMLVLPGELGKHAVSEGAKAITNYMAAVGSGNGGAA',
null);
INSERT INTO `curatedhitdb`.`sequence_has_publication`
(`sequence_accession`,
`publication_id`)
VALUES
('CUT18450.1',
'26846354');
INSERT INTO `curatedhitdb`.`sequence_has_publication`
(`sequence_accession`,
`publication_id`)
VALUES
('CUT18450.1',
'32716939');
INSERT INTO `curatedhitdb`.`sequence`
(`accession`,
`variant`,
`gi`,
`ncbi_gene_id`,
`hgnc_gene_name`,
`taxonomy_id`,
`organism`,
`phylum`,
`class`,
`taxonomy_group`,
`info`,
`sequence`,
`variant_under_consideration`)
VALUES
('CUT18451.1',
'gH2B',
null,
null,
null,
1473204,
'Lilium davidii var. unicolor',
'Streptophyta',
'Magnoliopsida',
null,
null,
'MAPKAEKKPAAKKPAATPPPEEEKEVVPPPPAEKKPKAGKKLPAAKEGDAKKKKKAKKSIETYKIYIFKVLKQVHPDIGISSKAMGIMNSFINDIFEKLAQESARLARYNKKPTITSREIQTSVRLVLPGELAKHAVSEGTKAVTKFTSG',
null);
INSERT INTO `curatedhitdb`.`sequence_has_publication`
(`sequence_accession`,
`publication_id`)
VALUES
('CUT18451.1',
'26846354');
INSERT INTO `curatedhitdb`.`sequence`
(`accession`,
`variant`,
`gi`,
`ncbi_gene_id`,
`hgnc_gene_name`,
`taxonomy_id`,
`organism`,
`phylum`,
`class`,
`taxonomy_group`,
`info`,
`sequence`,
`variant_under_consideration`)
VALUES
('CUT18452.1',
'gH2B',
null,
null,
null,
1473204,
'Lilium davidii var. unicolor',
'Streptophyta',
'Magnoliopsida',
null,
null,
'MAPKSEKKPAEKKPVAEKPAAEEEKKAAPAAAPAEKKAAEKKPKA',
null);
INSERT INTO `curatedhitdb`.`sequence_has_publication`
(`sequence_accession`,
`publication_id`)
VALUES
('CUT18452.1',
'26846354');
INSERT INTO `curatedhitdb`.`sequence`
(`accession`,
`variant`,
`gi`,
`ncbi_gene_id`,
`hgnc_gene_name`,
`taxonomy_id`,
`organism`,
`phylum`,
`class`,
`taxonomy_group`,
`info`,
`sequence`,
`variant_under_consideration`)
VALUES
('DAA13058.1',
'H2B.W',
'296470943',
null,
null,
9913,
'Bos taurus',
'Chordata',
'Mammalia',
null,
null,
'MGIGGSILSETSSDSYEEDVITKETGISEIEPSEKEMAKVETSKPDPYDAEPIKVETSKPDPYDAEPKKAETSKPDPYDAEPKKAKQKTAKGRRRRRHCHHDSFSSFATYFPRVLRQIHKGMSLSHDSVNILDSFVKDTFERIAEEAGRLAGDNKRRTITTEDIEAAVRLLLPGKLGKYAVLKATKSLITYRTCK',
null);
INSERT INTO `curatedhitdb`.`sequence`
(`accession`,
`variant`,
`gi`,
`ncbi_gene_id`,
`hgnc_gene_name`,
`taxonomy_id`,
`organism`,
`phylum`,
`class`,
`taxonomy_group`,
`info`,
`sequence`,
`variant_under_consideration`)
VALUES
('EDO46289.1',
'H2A.Z',
'156225472',
null,
null,
45351,
'Nematostella vectensis',
'Cnidaria',
'Anthozoa',
null,
null,
'MAGGKAGKDSKAKAKAVSRSARAGLQFPVGRIHRHLKNRTTSHGRVGATAAVYSAAILEYLTAEVLELAGNASKDLKVKRITPRHLQLAIRGDEELDSLIKATIAGGGVIPHIHKSLIGKKGANKPT',
null);
INSERT INTO `curatedhitdb`.`sequence_has_publication`
(`sequence_accession`,
`publication_id`)
VALUES
('EDO46289.1',
'22650316');
INSERT INTO `curatedhitdb`.`sequence_has_publication`
(`sequence_accession`,
`publication_id`)
VALUES
('EDO46289.1',
'26989147');
INSERT INTO `curatedhitdb`.`sequence`
(`accession`,
`variant`,
`gi`,
`ncbi_gene_id`,
`hgnc_gene_name`,
`taxonomy_id`,
`organism`,
`phylum`,
`class`,
`taxonomy_group`,
`info`,
`sequence`,
`variant_under_consideration`)
VALUES
('EDO48405.1',
'cH2A_(Animals)',
'156227602',
null,
null,
45351,
'Nematostella vectensis',
'Cnidaria',
'Anthozoa',
null,
null,
'MSGRGKGKAKGTKSKTRSSRAGLQFPVGRIHRHLRKGNYAERVGAGAPVYMAAVLEYLSAEILELAGNAARDNKKTRIIPRHLQLAVRNDEELNRLLHGVTIAQGGVLPNIQAVLLPKKTEKKAKA',
null);
INSERT INTO `curatedhitdb`.`sequence_has_publication`
(`sequence_accession`,
`publication_id`)
VALUES
('EDO48405.1',
'22650316');
INSERT INTO `curatedhitdb`.`sequence_has_publication`
(`sequence_accession`,
`publication_id`)
VALUES
('EDO48405.1',
'26989147');
INSERT INTO `curatedhitdb`.`sequence`
(`accession`,
`variant`,
`gi`,
`ncbi_gene_id`,
`hgnc_gene_name`,
`taxonomy_id`,
`organism`,
`phylum`,
`class`,
`taxonomy_group`,
`info`,
`sequence`,
`variant_under_consideration`)
VALUES
('EEC09557.1',
'cH2A_(Animals)',
'215500063',
null,
null,
6945,
'Ixodes scapularis',
'Arthropoda',
'Arachnida',
null,
null,
'MSGRGKGGKVKGKSKTRSSRAGLQFPVGRIHRLLRKGNYAERVGAGAPVYLAAVLEYLAAEVLELAGNAARDNKKTRIIPRHLQLAIRNDEELNKLLSGVTIAQGGVLPNIQAVLLPKKTEKKS',
null);
INSERT INTO `curatedhitdb`.`sequence_has_publication`
(`sequence_accession`,
`publication_id`)
VALUES
('EEC09557.1',
'22650316');
INSERT INTO `curatedhitdb`.`sequence_has_publication`
(`sequence_accession`,
`publication_id`)
VALUES
('EEC09557.1',
'26989147');
INSERT INTO `curatedhitdb`.`sequence`
(`accession`,
`variant`,
`gi`,
`ncbi_gene_id`,
`hgnc_gene_name`,
`taxonomy_id`,
`organism`,
`phylum`,
`class`,
`taxonomy_group`,
`info`,
`sequence`,
`variant_under_consideration`)
VALUES
('EED88841.1',
'H1.0',
'220970504',
null,
null,
296543,
'Thalassiosira pseudonana CCMP1335',
'Bacillariophyta',
'Coscinodiscophyceae',
null,
null,
'MSYKAGIAKAITELKDRTGSSSIAIKKHMQANLPADKKWMNATFLKALKDMVASGELVKTKASYKLSAVAKQKASSAGKPKKAPKKKAAPKKTAPKKKAAPKKKTATKKAATAKKPAAKKATTAKKSTTKKTAKK',
null);
INSERT INTO `curatedhitdb`.`sequence`
(`accession`,
`variant`,
`gi`,
`ncbi_gene_id`,
`hgnc_gene_name`,
`taxonomy_id`,
`organism`,
`phylum`,
`class`,
`taxonomy_group`,
`info`,
`sequence`,
`variant_under_consideration`)
VALUES
('EER16127.1',
'cH2A_(Protists)',
'239897365',
null,
null,
423536,
'Perkinsus marinus ATCC 50983',
'Perkinsozoa',
null,
'Perkinsea',
null,
'MSGKGKGAVLEGMHKDKKTRSAKAGLQFPVGRIARYMKHGRYAKRVGAGAPVYLAAVLEYLVAEILELAGNAARDHKKTRINPRHIQLAVRNDDELNEFLSNVTIASGGVLPNIHTSLLPKKSTKKSMEY',
null);
INSERT INTO `curatedhitdb`.`sequence_has_publication`
(`sequence_accession`,
`publication_id`)
VALUES
('EER16127.1',
'22650316');
INSERT INTO `curatedhitdb`.`sequence_has_publication`
(`sequence_accession`,
`publication_id`)
VALUES
('EER16127.1',
'26989147');
INSERT INTO `curatedhitdb`.`sequence`
(`accession`,
`variant`,
`gi`,
`ncbi_gene_id`,
`hgnc_gene_name`,
`taxonomy_id`,
`organism`,
`phylum`,
`class`,
`taxonomy_group`,
`info`,
`sequence`,
`variant_under_consideration`)
VALUES
('EHB04253.1',
'H2A.L',
'351701334',
null,
null,
10181,
'Heterocephalus glaber',
'Chordata',
'Mammalia',
null,
null,
'MAGKKRRQNSSKPRKQAVSRSTRAELQFPVSRVEHYLREGGYAHRLASSTPVFLAGVLEYLRANILDLAGKEAQGKRKKCITPQHLETAMENNQHLRPLFQDDPKSLLDETSQPNPRRSDEAWVPEHGKTFSTSSSSPQNTHR',
null);
INSERT INTO `curatedhitdb`.`sequence_has_publication`
(`sequence_accession`,
`publication_id`)
VALUES
('EHB04253.1',
'22650316');
INSERT INTO `curatedhitdb`.`sequence_has_publication`
(`sequence_accession`,
`publication_id`)
VALUES
('EHB04253.1',
'26989147');
INSERT INTO `curatedhitdb`.`sequence`
(`accession`,
`variant`,
`gi`,
`ncbi_gene_id`,
`hgnc_gene_name`,
`taxonomy_id`,
`organism`,
`phylum`,
`class`,
`taxonomy_group`,
`info`,
`sequence`,
`variant_under_consideration`)
VALUES
('EHB05905.1',
'H2A.B',
'351702986',
null,
null,
10181,
'Heterocephalus glaber',
'Chordata',
'Mammalia',
null,
null,
'MPRQALALTNERPPQGRAEPIFSVSQVERALCDGRYAQRLSCSASVFLAATLQFLSATVLELADREARYRSRRRITRELLDVATLKDALLCTLLGTTTISRVAPARP',
null);
INSERT INTO `curatedhitdb`.`sequence_has_publication`
(`sequence_accession`,
`publication_id`)
VALUES
('EHB05905.1',
'22650316');
INSERT INTO `curatedhitdb`.`sequence_has_publication`
(`sequence_accession`,
`publication_id`)
VALUES
('EHB05905.1',
'26989147');
INSERT INTO `curatedhitdb`.`sequence`
(`accession`,
`variant`,
`gi`,
`ncbi_gene_id`,
`hgnc_gene_name`,
`taxonomy_id`,
`organism`,
`phylum`,
`class`,
`taxonomy_group`,
`info`,
`sequence`,
`variant_under_consideration`)
VALUES
('EHB10562.1',
'H2A.P',
'351707643',
null,
null,
10181,
'Heterocephalus glaber',
'Chordata',
'Mammalia',
null,
null,
'MMCEQKSQYGSYKDNNQQEDPASRPEQQLPVSDIYCILHEEYNPYFSSTSDLLLAMLESLTDYILTLVGSEGNNVGMPTNPQDGEREMDNNHEHPPIIPDVSFSFSDEMPGSRKKG',
null);
INSERT INTO `curatedhitdb`.`sequence_has_publication`
(`sequence_accession`,
`publication_id`)
VALUES
('EHB10562.1',
'22650316');
INSERT INTO `curatedhitdb`.`sequence_has_publication`
(`sequence_accession`,
`publication_id`)
VALUES
('EHB10562.1',
'26989147');
INSERT INTO `curatedhitdb`.`sequence`
(`accession`,
`variant`,
`gi`,
`ncbi_gene_id`,
`hgnc_gene_name`,
`taxonomy_id`,
`organism`,
`phylum`,
`class`,
`taxonomy_group`,
`info`,
`sequence`,
`variant_under_consideration`)
VALUES
('EHB10563.1',
'H2A.L',
'351707644',
null,
null,
10181,
'Heterocephalus glaber',
'Chordata',
'Mammalia',
null,
null,
'MAGKKRRQNSSKPRKQAVSRSTRAELQFPVSRVEHYLREGGYAHRLGSSTPVFLAGVLKYLRANILDLAGKEAQGKRKKCIAPQHLETAMENNQHLRPLFQDGPKSLLDETSQPKKK',
null);
INSERT INTO `curatedhitdb`.`sequence_has_publication`
(`sequence_accession`,
`publication_id`)
VALUES
('EHB10563.1',
'22650316');
INSERT INTO `curatedhitdb`.`sequence_has_publication`
(`sequence_accession`,
`publication_id`)
VALUES
('EHB10563.1',
'26989147');
INSERT INTO `curatedhitdb`.`sequence`
(`accession`,
`variant`,
`gi`,
`ncbi_gene_id`,
`hgnc_gene_name`,
`taxonomy_id`,
`organism`,
`phylum`,
`class`,
`taxonomy_group`,
`info`,
`sequence`,
`variant_under_consideration`)
VALUES
('EHB17227.1',
'H2A.L',
'351714308',
null,
null,
10181,
'Heterocephalus glaber',
'Chordata',
'Mammalia',
null,
null,
'MDIHRQRPNQSPVDTNDITKPRLSQRQLLTSEKHRETSGWAQALLFGEAQARREIKLGQLKPNTASIMAGKKRRQNSSKPRKQAVSRSTRAELQFPVSRVERYLREGGYAQRLGSSTPVFLAGVLEYLTANILDLAGKEAEGNCKKRITPQHLETVMENNQQLRALFQGDTKSLLDETSQLKKKC',
null);
INSERT INTO `curatedhitdb`.`sequence_has_publication`
(`sequence_accession`,
`publication_id`)
VALUES
('EHB17227.1',
'22650316');
INSERT INTO `curatedhitdb`.`sequence_has_publication`
(`sequence_accession`,
`publication_id`)
VALUES
('EHB17227.1',
'26989147');
INSERT INTO `curatedhitdb`.`sequence`
(`accession`,
`variant`,
`gi`,
`ncbi_gene_id`,
`hgnc_gene_name`,
`taxonomy_id`,
`organism`,
`phylum`,
`class`,
`taxonomy_group`,
`info`,
`sequence`,
`variant_under_consideration`)
VALUES
('EHH30639.1',
'H2A.P',
'355704714',
null,
null,
9544,
'Macaca mulatta',
'Chordata',
'Mammalia',
null,
null,
'MSEKNNRKNSSANNNQIQDRSRNELRVPMSFVDRVVQDEQDAQSQSSSTINILLTLLDCLADYIMEQVGLEAINNGRMRNTSQDGEREGDNHHEPHRTESDGTRFVFDEMPKSGKND',
null);
INSERT INTO `curatedhitdb`.`sequence_has_publication`
(`sequence_accession`,
`publication_id`)
VALUES
('EHH30639.1',
'22650316');
INSERT INTO `curatedhitdb`.`sequence_has_publication`
(`sequence_accession`,
`publication_id`)
VALUES
('EHH30639.1',
'26989147');
INSERT INTO `curatedhitdb`.`sequence`
(`accession`,
`variant`,
`gi`,
`ncbi_gene_id`,
`hgnc_gene_name`,
`taxonomy_id`,
`organism`,
`phylum`,
`class`,
`taxonomy_group`,
`info`,
`sequence`,
`variant_under_consideration`)
VALUES
('ELK02218.1',
'H2A.Q',
null,
null,
null,
9402,
'Pteropus alecto',
'Chordata',
'Mammalia',
null,
null,
'MSGKRSCLNYKLKKQTLSCTTKTKLHLPVSHEDSLLQGNNSARNLRFSTQVFLSVILKYVTTNILELVDNEAHNNCCVQRAVDKNPQLGQHFKNGNNSQVDEMF',
null);
INSERT INTO `curatedhitdb`.`publication`
(`id`,
`title`,
`doi`,
`author`,
`year`)
VALUES
('29549088',
null,
null,
null,
null);
INSERT INTO `curatedhitdb`.`sequence_has_publication`
(`sequence_accession`,
`publication_id`)
VALUES
('ELK02218.1',
'29549088');
INSERT INTO `curatedhitdb`.`sequence`
(`accession`,
`variant`,
`gi`,
`ncbi_gene_id`,
`hgnc_gene_name`,
`taxonomy_id`,
`organism`,
`phylum`,
`class`,
`taxonomy_group`,
`info`,
`sequence`,
`variant_under_consideration`)
VALUES
('ESR37664.1',
'H2B.S',
null,
null,
null,
85681,
'Citrus clementina',
'Streptophyta',
'Magnoliopsida',
null,
null,
'MPPRRSARVVLTKKVVTETVEVSVVNEKKKGKQEIAIHSEETLPSKTITVEDKEEGKRTTVEVPIEEPEPPTEPEAEPSSSVAAEAATPAKKEEKKTSIETSPEPEHDVAASAEQEEPPEQSKNKEKEKPNEAQKTAQQEARAAHEKPGSKKRKRRKRNEGTGEEYKTYVFRVLKQVHPGMAISSKAMTVINNLMNDMFERIAGEAATLSKHCHRTTMSSREIQGAVKLVLPGELGKHAVAEGTKAVTNYTSYDAKRSKA',
null);
INSERT INTO `curatedhitdb`.`sequence_has_publication`
(`sequence_accession`,
`publication_id`)
VALUES
('ESR37664.1',
'32716939');
INSERT INTO `curatedhitdb`.`sequence`
(`accession`,
`variant`,
`gi`,
`ncbi_gene_id`,
`hgnc_gene_name`,
`taxonomy_id`,
`organism`,
`phylum`,
`class`,
`taxonomy_group`,
`info`,
`sequence`,
`variant_under_consideration`)
VALUES
('GBG59214.1',
'H2B.S',
null,
null,
null,
69332,
'Chara braunii',
'Streptophyta',
'Charophyceae',
null,
null,
'MAEGGYPLEAVAGDICGTSMDPLDPSGTVRRRSPRGDGPDDQGVGRDQQSDQMHLPAEEQRKSDTQSVVLSRQSTPQQAESAKLPANYPEVEIGADRKASKRSKTQKKRTAAAENVPGTVPGETRPGGKKESGSRPEGKNKGRRRRKRTTLIVPSGRTYKIYIYKVLKEIHPELAISSQGMSIMNSFMVDVCERIAAEASRLSRHAKRATLSSRDIQSAVQLCLPGELAVNAMSEAKKAVIKFIRHGKASERRNIIIKSNRFYLINKMIVI',
null);
INSERT INTO `curatedhitdb`.`sequence_has_publication`
(`sequence_accession`,
`publication_id`)
VALUES
('GBG59214.1',
'32716939');
INSERT INTO `curatedhitdb`.`sequence`
(`accession`,
`variant`,
`gi`,
`ncbi_gene_id`,
`hgnc_gene_name`,
`taxonomy_id`,
`organism`,
`phylum`,
`class`,
`taxonomy_group`,
`info`,
`sequence`,
`variant_under_consideration`)
VALUES
('GBG60584.1',
'H2B.S',
null,
null,
null,
69332,
'Chara braunii',
'Streptophyta',
'Charophyceae',
null,
null,
'MWNLLRMPPGQWSSRSAASSLPRQNGVVGVRRGRSAAVVVLEDSGDGDANGIGIGTGIANGNGNGKDMNRRMEKGGALGTSTATGMMKESSAKKKGGGSGSGAGSELGSEPGSEPGTGPGAGRHKGSPSGVAKGLPMMWPTQRTGYVTPKKKERVTRAKKKAISGSRRTARKTNAFQPSFATHIRRVLKQVHPNLSITCDGIDIMNDFLIDIFERIAGEAALLIRVHKRCTLTCREIMAAVQLVLGGELSKHAIHLATEVLTLFSQ',
null);
INSERT INTO `curatedhitdb`.`sequence_has_publication`
(`sequence_accession`,
`publication_id`)
VALUES
('GBG60584.1',
'32716939');
INSERT INTO `curatedhitdb`.`sequence`
(`accession`,
`variant`,
`gi`,
`ncbi_gene_id`,
`hgnc_gene_name`,
`taxonomy_id`,
`organism`,
`phylum`,
`class`,
`taxonomy_group`,
`info`,
`sequence`,
`variant_under_consideration`)
VALUES
('HISTDB_H2A_L_0',
'H2A.L.1_(Homo_sapiens)',
null,
'115482714',
'H2AL1Q',
9606,
'Homo sapiens',
'Chordata',
'Mammalia',
'Mammalia',
null,
'MAGNKHSRSSCKPRRQCLSRSRRAELQFPVSHMERCLREGQYARHLSSTTPVFLAAVLEYLTANILEQAGKEAQNSHRVCITPEHLKRALQKNEQLRWILEEEDDIHSQEEEMPQPEEEEEEDERMEEEEEEKKEEEEKEEEEDERMEEEEEEKKEEEEKKEEKEKEEEKEKKKKKGGFLSFRAVQDFISNLFQLLKFP',
null);
INSERT INTO `curatedhitdb`.`sequence_has_publication`
(`sequence_accession`,
`publication_id`)
VALUES
('HISTDB_H2A_L_0',
'29549088');
INSERT INTO `curatedhitdb`.`publication`
(`id`,
`title`,
`doi`,
`author`,
`year`)
VALUES
('35099534',
null,
null,
null,
null);
INSERT INTO `curatedhitdb`.`sequence_has_publication`
(`sequence_accession`,
`publication_id`)
VALUES
('HISTDB_H2A_L_0',
'35099534');
INSERT INTO `curatedhitdb`.`sequence`
(`accession`,
`variant`,
`gi`,
`ncbi_gene_id`,
`hgnc_gene_name`,
`taxonomy_id`,
`organism`,
`phylum`,
`class`,
`taxonomy_group`,
`info`,
`sequence`,
`variant_under_consideration`)
VALUES
('HISTDB_H2A_L_1',
'H2A.L.3_(Homo_sapiens)',
null,
'115482686',
'H2AL3',
9606,
'Homo sapiens',
'Chordata',
'Mammalia',
'Mammalia',
null,
'MAGNKMFCRPRRQRLSHSRRAELQFPVSHLERCLRESQHARHLSSTTPVFLAGVLEYLTANILEKVGKEVKNSCRLCITPEHVKRALQKDEQLRWILELEDDTHSQVEEMPQSEEEEEEEEEKEEEMVVLVVMGGRRRRRRRRRRKDS',
null);
INSERT INTO `curatedhitdb`.`sequence_has_publication`
(`sequence_accession`,
`publication_id`)
VALUES
('HISTDB_H2A_L_1',
'29549088');
INSERT INTO `curatedhitdb`.`sequence_has_publication`
(`sequence_accession`,
`publication_id`)
VALUES
('HISTDB_H2A_L_1',
'35099534');
INSERT INTO `curatedhitdb`.`sequence`
(`accession`,
`variant`,
`gi`,
`ncbi_gene_id`,
`hgnc_gene_name`,
`taxonomy_id`,
`organism`,
`phylum`,
`class`,
`taxonomy_group`,
`info`,
`sequence`,
`variant_under_consideration`)
VALUES
('HISTDB_H2A_M_0',
'H2A.M',
null,
null,
null,
3329,
'Picea abies',
'Streptophyta',
'Pinopsida',
null,
null,
'MEPATQGSGGRGGKKKPVSKSERAGLQFPVGRLARYLKKGRYAKRVGTGAPIYLAAVLEYLAAEILELSGNAAKDNKKSRIIPRHILLAVKNDDELNKLLANVTIAYGGVVPNIHQVLLPKKTAEKAKAKESSEI',
null);
INSERT INTO `curatedhitdb`.`publication`
(`id`,
`title`,
`doi`,
`author`,
`year`)
VALUES
('25983206',
null,
null,
null,
null);
INSERT INTO `curatedhitdb`.`sequence_has_publication`
(`sequence_accession`,
`publication_id`)
VALUES
('HISTDB_H2A_M_0',
'25983206');
INSERT INTO `curatedhitdb`.`sequence`
(`accession`,
`variant`,
`gi`,
`ncbi_gene_id`,
`hgnc_gene_name`,
`taxonomy_id`,
`organism`,
`phylum`,
`class`,
`taxonomy_group`,
`info`,
`sequence`,
`variant_under_consideration`)
VALUES
('HISTDB_H2A_M_1',
'H2A.M',
null,
null,
null,
88036,
'Selaginella moellendorffii',
'Streptophyta',
'Lycopodiopsida',
null,
null,
'MVVQGGGRKGKKKSVSKSARAGLQFPVGRLARYLKNGRYAKRVGSGAPVYLAAVLEYLAAEVLELAGNAARDNKKTRIIPRHIQLAVRNDDELGKLLQGVTIAHGGVIPHIHGVLLPKKSSSGAGSAEKSPKPEKS',
null);
INSERT INTO `curatedhitdb`.`sequence_has_publication`
(`sequence_accession`,
`publication_id`)
VALUES
('HISTDB_H2A_M_1',
'25983206');
INSERT INTO `curatedhitdb`.`sequence`
(`accession`,
`variant`,
`gi`,
`ncbi_gene_id`,
`hgnc_gene_name`,
`taxonomy_id`,
`organism`,
`phylum`,
`class`,
`taxonomy_group`,
`info`,
`sequence`,
`variant_under_consideration`)
VALUES
('HISTDB_H2A_M_2',
'H2A.M',
null,
null,
null,
3197,
'Marchantia polymorpha',
'Streptophyta',
'Marchantiopsida',
null,
null,
'MSGRGHSAKAKRKAISKSARAGLQFPVGRLARYLKNGRYAKRVGAGAPVYLAAVLEYLAAEVLELAGNACRDNGKTRIIPRHIQLAIRNDEELGKLLASVTIAHGGVLPNIHQLLLPKKTAAKLEKEEKSKAEKSSTKSDSKSTEK*',
null);
INSERT INTO `curatedhitdb`.`sequence_has_publication`
(`sequence_accession`,
`publication_id`)
VALUES
('HISTDB_H2A_M_2',
'25983206');
INSERT INTO `curatedhitdb`.`sequence`
(`accession`,
`variant`,
`gi`,
`ncbi_gene_id`,
`hgnc_gene_name`,
`taxonomy_id`,
`organism`,
`phylum`,
`class`,
`taxonomy_group`,
`info`,
`sequence`,
`variant_under_consideration`)
VALUES
('HISTDB_H2A_Q_0',
'H2A.Q',
null,
null,
null,
null,
'Cercopithecus aethiops',
'Chordata',
'Mammalia',
null,
null,
'MFWKRRQRRSYRCRNQTFSYSIKAKQQFPSSCVHCLLWKNHCPRPELVHYFQILGGNILELMGNKVHKTYRMHITPKYVERAVDNNSLISHLFEGDTN',
null);
INSERT INTO `curatedhitdb`.`sequence_has_publication`
(`sequence_accession`,
`publication_id`)
VALUES
('HISTDB_H2A_Q_0',
'29549088');
INSERT INTO `curatedhitdb`.`sequence`
(`accession`,
`variant`,
`gi`,
`ncbi_gene_id`,
`hgnc_gene_name`,
`taxonomy_id`,
`organism`,
`phylum`,
`class`,
`taxonomy_group`,
`info`,
`sequence`,
`variant_under_consideration`)
VALUES
('HISTDB_H2A_Q_1',
'H2A.Q',
null,
null,
null,
null,
'Pantholops hodgsonii',
'Chordata',
'Mammalia',
null,
null,
'MSGNRSYHSSDGFRKHILPCTMKTKLQFSKSHVDHHLQENQDAQNQNLTNQIYLSAILKYLSSNVLKLVSNETQSNCRIHKAMDNHPQLHHVFDKDAKSQVHEM',
null);
INSERT INTO `curatedhitdb`.`sequence_has_publication`
(`sequence_accession`,
`publication_id`)
VALUES
('HISTDB_H2A_Q_1',
'29549088');
INSERT INTO `curatedhitdb`.`sequence`
(`accession`,
`variant`,
`gi`,
`ncbi_gene_id`,
`hgnc_gene_name`,
`taxonomy_id`,
`organism`,
`phylum`,
`class`,
`taxonomy_group`,
`info`,
`sequence`,
`variant_under_consideration`)
VALUES
('HISTDB_H2A_Q_10',
'H2A.Q',
null,
null,
null,
null,
'Ursus maritimus',
'Chordata',
'Mammalia',
null,
null,
'MSGKRSGPSSYRLGKQTSSCFPKSKLQFPVSHEEPLLQEDHPAQQLSLSSQVCLSAILKYVATNILELVGNEAQHNCRVQRAVNNNMQSGHLFKDDAASQVSEMF',
null);
INSERT INTO `curatedhitdb`.`sequence_has_publication`
(`sequence_accession`,
`publication_id`)
VALUES
('HISTDB_H2A_Q_10',
'29549088');
INSERT INTO `curatedhitdb`.`sequence`
(`accession`,
`variant`,
`gi`,
`ncbi_gene_id`,
`hgnc_gene_name`,
`taxonomy_id`,
`organism`,
`phylum`,
`class`,
`taxonomy_group`,
`info`,
`sequence`,
`variant_under_consideration`)
VALUES
('HISTDB_H2A_Q_11',
'H2A.Q',
null,
null,
null,
null,
'Cercocebus atys',
'Chordata',
'Mammalia',
null,
null,
'MFWKRRQRRSYRCRNQTFSYSIKAKQQFPLSCVHCLLWKNHCPRPELVHYFQILGGNILELMGNKVHKNYRMHITPKYVERAVDNNSLISHLFEGDTN',
null);
INSERT INTO `curatedhitdb`.`sequence_has_publication`
(`sequence_accession`,
`publication_id`)
VALUES
('HISTDB_H2A_Q_11',
'29549088');
INSERT INTO `curatedhitdb`.`sequence`
(`accession`,
`variant`,
`gi`,
`ncbi_gene_id`,
`hgnc_gene_name`,
`taxonomy_id`,
`organism`,
`phylum`,
`class`,
`taxonomy_group`,
`info`,
`sequence`,
`variant_under_consideration`)
VALUES
('HISTDB_H2A_Q_12',
'H2A.Q',
null,
null,
null,
null,
'Odobenus rosmarus divergens',
'Chordata',
'Mammalia',
null,
null,
'MSGKRSGRSSYRLGKQTSSCSTKTKLQFSMSHEEPLLQENHPAQKLSFSRQVCLSAILKYVATNILELVGNKAHHNCRVQTAMDHDMQISHLFEDDTTSQVSEMF',
null);
INSERT INTO `curatedhitdb`.`sequence_has_publication`
(`sequence_accession`,
`publication_id`)
VALUES
('HISTDB_H2A_Q_12',
'29549088');
INSERT INTO `curatedhitdb`.`sequence`
(`accession`,
`variant`,
`gi`,
`ncbi_gene_id`,
`hgnc_gene_name`,
`taxonomy_id`,
`organism`,
`phylum`,
`class`,
`taxonomy_group`,
`info`,
`sequence`,
`variant_under_consideration`)
VALUES
('HISTDB_H2A_Q_13',
'H2A.Q',
null,
null,
null,
null,
'Ceratotherium simum',
'Chordata',
'Mammalia',
null,
null,
'MSEKRSCQNSSRLKKQTFSCSTKAKLHFPVSHMDRHQQENHSAQQLSLSTPVFLSAIRKYVTNNILELVGNESHNNRRIRRAVDNAEQLSHLFEDDNQFSG',
null);
INSERT INTO `curatedhitdb`.`sequence_has_publication`
(`sequence_accession`,
`publication_id`)
VALUES
('HISTDB_H2A_Q_13',
'29549088');
INSERT INTO `curatedhitdb`.`sequence`
(`accession`,
`variant`,
`gi`,
`ncbi_gene_id`,
`hgnc_gene_name`,
`taxonomy_id`,
`organism`,
`phylum`,
`class`,
`taxonomy_group`,
`info`,
`sequence`,
`variant_under_consideration`)
VALUES
('HISTDB_H2A_Q_14',
'H2A.Q',
null,
null,
null,
null,
'Bos mutus',
'Chordata',
'Mammalia',
null,
null,
'MSGNRSYHSSDGLRKRTVPCTMKTKLQFSKSHVDHHLQGNQDAHNQNLTTQIYLSAILKNVSSNVLKLVSDETQSNCKIHRAKHNHPQLQHVFDKDAKSQVHEMF',
null);
INSERT INTO `curatedhitdb`.`sequence_has_publication`
(`sequence_accession`,
`publication_id`)
VALUES
('HISTDB_H2A_Q_14',
'29549088');
INSERT INTO `curatedhitdb`.`sequence`
(`accession`,
`variant`,
`gi`,
`ncbi_gene_id`,
`hgnc_gene_name`,
`taxonomy_id`,
`organism`,
`phylum`,
`class`,
`taxonomy_group`,
`info`,
`sequence`,
`variant_under_consideration`)
VALUES
('HISTDB_H2A_Q_15',
'H2A.Q',
null,
null,
null,
null,
'Pan troglodytes',
'Chordata',
'Mammalia',
null,
null,
'MFWKRRQRSSYRCRNQTFSYSIRAKQQFLLSCVHCLLWKNHCPRPELVHYFQILGGNILELMGNKVHKNYRMHITPKYVERVVDNNPLLSHLFEGDRNSG',
null);
INSERT INTO `curatedhitdb`.`sequence_has_publication`
(`sequence_accession`,
`publication_id`)
VALUES
('HISTDB_H2A_Q_15',
'29549088');
INSERT INTO `curatedhitdb`.`sequence`
(`accession`,
`variant`,
`gi`,
`ncbi_gene_id`,
`hgnc_gene_name`,
`taxonomy_id`,
`organism`,
`phylum`,
`class`,
`taxonomy_group`,
`info`,
`sequence`,
`variant_under_consideration`)
VALUES
('HISTDB_H2A_Q_16',
'H2A.Q',
null,
null,
null,
null,
'Bos taurus',
'Chordata',
'Mammalia',
null,
null,
'MSGNRSYHSSDGLKKRTVPCTMKTKLQFSKSHVDHHLQGNQDAHNQNLTTQIYLSAILKNVSSNVLKLVSDETQSNCKIHRAKHNHPQLQHVFDKDAKSQVHEMF',
null);
INSERT INTO `curatedhitdb`.`sequence_has_publication`
(`sequence_accession`,
`publication_id`)
VALUES
('HISTDB_H2A_Q_16',
'29549088');
INSERT INTO `curatedhitdb`.`sequence`
(`accession`,
`variant`,
`gi`,
`ncbi_gene_id`,
`hgnc_gene_name`,
`taxonomy_id`,
`organism`,
`phylum`,
`class`,
`taxonomy_group`,
`info`,
`sequence`,
`variant_under_consideration`)
VALUES
('HISTDB_H2A_Q_17',
'H2A.Q',
null,
null,
null,
null,
'Equus caballus',
'Chordata',
'Mammalia',
null,
null,
'MSGKRSCQNYKLMKQTFSCSAKTKLQFPVSHVDCLQQENHSAQHLSLSTQVFLPAILKYVTNNILEWVGNEAHNSCRIRKAVANNQQLSHLFEDDTDSQVNEMF',
null);
INSERT INTO `curatedhitdb`.`sequence_has_publication`
(`sequence_accession`,
`publication_id`)
VALUES
('HISTDB_H2A_Q_17',
'29549088');
INSERT INTO `curatedhitdb`.`sequence`
(`accession`,
`variant`,
`gi`,
`ncbi_gene_id`,
`hgnc_gene_name`,
`taxonomy_id`,
`organism`,
`phylum`,
`class`,
`taxonomy_group`,
`info`,
`sequence`,
`variant_under_consideration`)
VALUES
('HISTDB_H2A_Q_18',
'H2A.Q',
null,
null,
null,
null,
'Papio anubis',
'Chordata',
'Mammalia',
null,
null,
'MFWKRRQRRSYRCRNQTFSYSIKAKQQFPLSCVHCLLWKNHCPRQELVHYFQILGGNILELMGNKVHKNYRMHITPKYVERAVDNNSLISHLFEGDTN',
null);
INSERT INTO `curatedhitdb`.`sequence_has_publication`
(`sequence_accession`,
`publication_id`)
VALUES
('HISTDB_H2A_Q_18',
'29549088');
INSERT INTO `curatedhitdb`.`sequence`
(`accession`,
`variant`,
`gi`,
`ncbi_gene_id`,
`hgnc_gene_name`,
`taxonomy_id`,
`organism`,
`phylum`,
`class`,
`taxonomy_group`,
`info`,
`sequence`,
`variant_under_consideration`)
VALUES
('HISTDB_H2A_Q_19',
'H2A.Q',
null,
null,
null,
null,
'Pongo pygmaeus abelii',
'Chordata',
'Mammalia',
null,
null,
'MFWKRRQRSSYRCRNQTFSYSIRAKQQFPLCCVHCLLWKDHCPRPELVHYFQILGGNILELMGNKVHKNYRMHITPKYVERVVDNNPLLSHLL',
null);
INSERT INTO `curatedhitdb`.`sequence_has_publication`
(`sequence_accession`,
`publication_id`)
VALUES
('HISTDB_H2A_Q_19',
'29549088');
INSERT INTO `curatedhitdb`.`sequence`
(`accession`,
`variant`,
`gi`,
`ncbi_gene_id`,
`hgnc_gene_name`,
`taxonomy_id`,
`organism`,
`phylum`,
`class`,
`taxonomy_group`,
`info`,
`sequence`,
`variant_under_consideration`)
VALUES
('HISTDB_H2A_Q_2',
'H2A.Q',
null,
null,
null,
9899,
'Ammotragus lervia',
'Chordata',
'Mammalia',
null,
null,
'MSGNRSYHSSDGFRKHILPCTMKTKLQFSKSHVDHHLQENQDAQNQNLTNQIYLSAILKYLSSNALKLVSNETQSDCRIHKAMDNHPQLHHAFDKDAKSQVHEM',
null);
INSERT INTO `curatedhitdb`.`sequence_has_publication`
(`sequence_accession`,
`publication_id`)
VALUES
('HISTDB_H2A_Q_2',
'29549088');
INSERT INTO `curatedhitdb`.`sequence`
(`accession`,
`variant`,
`gi`,
`ncbi_gene_id`,
`hgnc_gene_name`,
`taxonomy_id`,
`organism`,
`phylum`,
`class`,
`taxonomy_group`,
`info`,
`sequence`,
`variant_under_consideration`)
VALUES
('HISTDB_H2A_Q_20',
'H2A.Q',
null,
null,
null,
null,
'Sus scrofa',
'Chordata',
'Mammalia',
null,
null,
'MSANRSCQNSCGLRKHTLSRSTKTKLQFPESQGGPLLQENHSAQHLNLSTRVFLSAILKYVTANVLELVGNETPSNCRIQRTVGNNPQLSQLFENETDPQVREMF',
null);
INSERT INTO `curatedhitdb`.`sequence_has_publication`
(`sequence_accession`,
`publication_id`)
VALUES
('HISTDB_H2A_Q_20',
'29549088');
INSERT INTO `curatedhitdb`.`sequence`
(`accession`,
`variant`,
`gi`,
`ncbi_gene_id`,
`hgnc_gene_name`,
`taxonomy_id`,
`organism`,
`phylum`,
`class`,
`taxonomy_group`,
`info`,
`sequence`,
`variant_under_consideration`)
VALUES
('HISTDB_H2A_Q_21',
'H2A.Q',
null,
null,
null,
null,
'Nasalis larvatus',
'Chordata',
'Mammalia',
null,
null,
'MFWKRRQRRSYRCRNQTFSYSIKAKQQFPLSCVHCLLWKNHCPRPELVHYFQILGGNILELMGNKVHKNYRMHITPKYVERAVDNNSLISHLFEGDTNSG',
null);
INSERT INTO `curatedhitdb`.`sequence_has_publication`
(`sequence_accession`,
`publication_id`)
VALUES
('HISTDB_H2A_Q_21',
'29549088');
INSERT INTO `curatedhitdb`.`sequence`
(`accession`,
`variant`,
`gi`,
`ncbi_gene_id`,
`hgnc_gene_name`,
`taxonomy_id`,
`organism`,
`phylum`,
`class`,
`taxonomy_group`,
`info`,
`sequence`,
`variant_under_consideration`)
VALUES
('HISTDB_H2A_Q_22',
'H2A.Q',
null,
null,
null,
null,
'Nomascus leucogenys',
'Chordata',
'Mammalia',
null,
null,
'MFWKRRQRSSYRCRNQTFSYSIRAKQQFPLSCVHCLLWKNHCPRPELVHYFQILGGNILELMGNKVHKNYRMHITPKYVERVVDNNLLLSHLFEGDTNSG',
null);
INSERT INTO `curatedhitdb`.`sequence_has_publication`
(`sequence_accession`,
`publication_id`)
VALUES
('HISTDB_H2A_Q_22',
'29549088');
INSERT INTO `curatedhitdb`.`sequence`
(`accession`,
`variant`,
`gi`,
`ncbi_gene_id`,
`hgnc_gene_name`,
`taxonomy_id`,
`organism`,
`phylum`,
`class`,
`taxonomy_group`,
`info`,
`sequence`,
`variant_under_consideration`)
VALUES
('HISTDB_H2A_Q_3',
'H2A.Q',
null,
null,
null,
null,
'Bison bison bison',
'Chordata',
'Mammalia',
null,
null,
'MSGNRSYHSSDGLRKRTVPCTMKTKLQFSKSHVDHHLQGNQDAHNQNLTTQIYLSAILKNVSSNVLKLVSDETQSNCKIHRAKHNHPQLQHVFDKDAKSQVHEMF',
null);
INSERT INTO `curatedhitdb`.`sequence_has_publication`
(`sequence_accession`,
`publication_id`)
VALUES
('HISTDB_H2A_Q_3',
'29549088');
INSERT INTO `curatedhitdb`.`sequence`
(`accession`,
`variant`,
`gi`,
`ncbi_gene_id`,
`hgnc_gene_name`,
`taxonomy_id`,
`organism`,
`phylum`,
`class`,
`taxonomy_group`,
`info`,
`sequence`,
`variant_under_consideration`)
VALUES
('HISTDB_H2A_Q_4',
'H2A.Q',
null,
null,
null,
null,
'Pan paniscus',
'Chordata',
'Mammalia',
null,
null,
'MFWKRRQRSSYRCRNQTFSYSIRAKQQFLLSCVHCLLWKNHCPRPELVHYFQILGGNILELMGNKVHKNYRMHITPKYVERVVDNNPLLSHLFEGDTNSG',
null);
INSERT INTO `curatedhitdb`.`sequence_has_publication`
(`sequence_accession`,
`publication_id`)
VALUES
('HISTDB_H2A_Q_4',
'29549088');
INSERT INTO `curatedhitdb`.`sequence`
(`accession`,
`variant`,
`gi`,
`ncbi_gene_id`,
`hgnc_gene_name`,
`taxonomy_id`,
`organism`,
`phylum`,
`class`,
`taxonomy_group`,
`info`,
`sequence`,
`variant_under_consideration`)
VALUES
('HISTDB_H2A_Q_5',
'H2A.Q',
null,
null,
null,
null,
'Mandrillus leucophaeus',
'Chordata',
'Mammalia',
null,
null,
'MFWKRRQRRSYRCRNQTFSYSIKAKQQFPLSCVHCLLWKNHCPRPELVHYFQILGGNILELMGNKVHKNYRMHITPKYVERAVDNNSLISHLFEGDTN',
null);
INSERT INTO `curatedhitdb`.`sequence_has_publication`
(`sequence_accession`,
`publication_id`)
VALUES
('HISTDB_H2A_Q_5',
'29549088');
INSERT INTO `curatedhitdb`.`sequence`
(`accession`,
`variant`,
`gi`,
`ncbi_gene_id`,
`hgnc_gene_name`,
`taxonomy_id`,
`organism`,
`phylum`,
`class`,
`taxonomy_group`,
`info`,
`sequence`,
`variant_under_consideration`)
VALUES
('HISTDB_H2A_Q_6',
'H2A.Q',
null,
null,
null,
null,
'Mustela putorius furo',
'Chordata',
'Mammalia',
null,
null,
'MSGKRSSQTSYRLGKQTSSCSTKTKLQVPVSHVEPILQEHQPVQNLSFSSQVCLSAILKYVATNILELVGNEAQHNCRVQRAMNNNMQNSHLFEDDTTSQL',
null);
INSERT INTO `curatedhitdb`.`sequence_has_publication`
(`sequence_accession`,
`publication_id`)
VALUES
('HISTDB_H2A_Q_6',
'29549088');
INSERT INTO `curatedhitdb`.`sequence`
(`accession`,
`variant`,
`gi`,
`ncbi_gene_id`,
`hgnc_gene_name`,
`taxonomy_id`,
`organism`,
`phylum`,
`class`,
`taxonomy_group`,
`info`,
`sequence`,
`variant_under_consideration`)
VALUES
('HISTDB_H2A_Q_7',
'H2A.Q',
null,
null,
null,
439328,
'Giraffa camelopardalis tippelskirchi',
'Chordata',
'Mammalia',
null,
null,
'MSGNRSYHSSDGLKKRTLPCTMKTKLQFSKSHVDHLLQENQAAQNQNLTTQIFLSAILRHMSSNILKLMSNETQSNCRIHRAMDNPTQLHHVFDNDAKSQVHEMF',
null);
INSERT INTO `curatedhitdb`.`sequence_has_publication`
(`sequence_accession`,
`publication_id`)
VALUES
('HISTDB_H2A_Q_7',
'29549088');
INSERT INTO `curatedhitdb`.`sequence`
(`accession`,
`variant`,
`gi`,
`ncbi_gene_id`,
`hgnc_gene_name`,
`taxonomy_id`,
`organism`,
`phylum`,
`class`,
`taxonomy_group`,
`info`,
`sequence`,
`variant_under_consideration`)
VALUES
('HISTDB_H2A_Q_8',
'H2A.Q',
null,
null,
null,
null,
'Ovis aries musimon',
'Chordata',
'Mammalia',
null,
null,
'MSGNRSYHSSDGFRKHILPCTMKTKLQFSKSHVDHHLQENQDAQNQNLTNQIYLSAILKYLSSNVLKLVSNETQSDCRIHKAMDNHPQLHHAFDKDAKSQVHEM',
null);
INSERT INTO `curatedhitdb`.`sequence_has_publication`
(`sequence_accession`,
`publication_id`)
VALUES
('HISTDB_H2A_Q_8',
'29549088');
INSERT INTO `curatedhitdb`.`sequence`
(`accession`,
`variant`,
`gi`,
`ncbi_gene_id`,
`hgnc_gene_name`,
`taxonomy_id`,
`organism`,
`phylum`,
`class`,
`taxonomy_group`,
`info`,
`sequence`,
`variant_under_consideration`)
VALUES
('HISTDB_H2A_Q_9',
'H2A.Q',
null,
null,
null,
86973,
'Okapia johnstoni',
'Chordata',
'Mammalia',
null,
null,
'MSGNRSYHSSDGLKKHTLPCTMKTKLQFSKSHVDHLLRENQAAQNQNLTTQIFLSAILKYTSSNILKLVSNETQSNCRIHRAMDNPTQLHHVFDNGAKSQVHEIF',
null);
INSERT INTO `curatedhitdb`.`sequence_has_publication`
(`sequence_accession`,
`publication_id`)
VALUES
('HISTDB_H2A_Q_9',
'29549088');
INSERT INTO `curatedhitdb`.`sequence`
(`accession`,
`variant`,
`gi`,
`ncbi_gene_id`,
`hgnc_gene_name`,
`taxonomy_id`,
`organism`,
`phylum`,
`class`,
`taxonomy_group`,
`info`,
`sequence`,
`variant_under_consideration`)
VALUES
('HISTDB_H2B_S_0',
'H2B.S',
null,
null,
null,
264402,
'Capsella grandiflora',
'Streptophyta',
'Magnoliopsida',
null,
null,
'MAPRKPKVVSVTKKKTVVEETVKVTVAEGGDPNVTTEITENDQETQDLTFSIPVGENVTTVEVPVEVLGERSPQPPETPVSTSEGTLKKKTNEVEKKQEKKKKKNKKRDDLAGDEYRRYVYKVLKQVHPDLGITSKAMTVVNMFMGDMFERIAQEAARLSDYTKRRTLSSREIESAVRLVLPGELSRHAVAEGSKAISNYVSYDSRKL',
null);
INSERT INTO `curatedhitdb`.`sequence_has_publication`
(`sequence_accession`,
`publication_id`)
VALUES
('HISTDB_H2B_S_0',
'32716939');
INSERT INTO `curatedhitdb`.`sequence`
(`accession`,
`variant`,
`gi`,
`ncbi_gene_id`,
`hgnc_gene_name`,
`taxonomy_id`,
`organism`,
`phylum`,
`class`,
`taxonomy_group`,
`info`,
`sequence`,
`variant_under_consideration`)
VALUES
('HISTDB_H2B_S_1',
'H2B.S',
null,
null,
null,
72658,
'Boechera stricta',
'Streptophyta',
'Magnoliopsida',
null,
null,
'MAPRKPKVVSVTKKKKVVEETVKVTVTEGGDPNATTEITENDQETQDLTFSIPVGENVTTVEIPVEVRDEQSPQPPETPASTSEGIVKKKTKKVEKKQAKKKKKKKRDDLAGDEYRRYVYKVMKQVHPDLGITSKAMTVVNMFMGDMFERIAQEAARLGDYTKRRTLSSREIEAAVRLVLPGELSRHAVAEGSKAISNYVAYDSRKR',
null);
INSERT INTO `curatedhitdb`.`sequence_has_publication`
(`sequence_accession`,
`publication_id`)
VALUES
('HISTDB_H2B_S_1',
'32716939');
INSERT INTO `curatedhitdb`.`sequence`
(`accession`,
`variant`,
`gi`,
`ncbi_gene_id`,
`hgnc_gene_name`,
`taxonomy_id`,
`organism`,
`phylum`,
`class`,
`taxonomy_group`,
`info`,
`sequence`,
`variant_under_consideration`)
VALUES
('HISTDB_H2B_S_10',
'H2B.S',
null,
null,
null,
13216,
'Piper nigrum',
'Streptophyta',
'Magnoliopsida',
null,
null,
'MASTRQGRRNTPEVVSTVVKKKTTRKVVNETTIAAVAVVESNEPPIVKTVPVEEESSDSVINVEAGKTPPKEVPIARPRSDAAKGTNQRKDGAATIAETQQPPEKLREEKHAMEEVKKGSKRRKGERKEGEKKRKRRKKRWSYNEEMSGYSRYVFRVLKQVHPDLAISSKAMAVLNAFVWDMFERLAGEAGKLADYTRRATLSSREIQDAVRLVLPGELGKHAISEGSKAVTNYVTNDD',
null);
INSERT INTO `curatedhitdb`.`sequence_has_publication`
(`sequence_accession`,
`publication_id`)
VALUES
('HISTDB_H2B_S_10',
'32716939');
INSERT INTO `curatedhitdb`.`sequence`
(`accession`,
`variant`,
`gi`,
`ncbi_gene_id`,
`hgnc_gene_name`,
`taxonomy_id`,
`organism`,
`phylum`,
`class`,
`taxonomy_group`,
`info`,
`sequence`,
`variant_under_consideration`)
VALUES
('HISTDB_H2B_S_2',
'H2B.S',
null,
null,
null,
29656,
'Spirodela polyrhiza',
'Streptophyta',
'Magnoliopsida',
null,
null,
'MVRTTRKVVQETIEVSVVKEKDATAGRKKVVEVKVQDTTEMPQPQAEAFEGEREGEAAVEEKSAATGEKEAEEAGVQEKKEQRQPPQVETISREMVETAAAPEGEKHAVEKTRQREDETPPALESEQQPPQIGEERKSVEEHEEKKKEKVEGDLRAEEAASGKEKEETKSAMRRRRRKRAGRDVGGFGGKRGYKRYVFRVLKQVHPELRVSSMAMTVLDSLVKDMFERLAGEASRLSKYSGRATLSTREIQAAVRLVLPRELGEHALAEGNKAVANFMTAATAKPSS',
null);
INSERT INTO `curatedhitdb`.`sequence_has_publication`
(`sequence_accession`,
`publication_id`)
VALUES
('HISTDB_H2B_S_2',
'32716939');
INSERT INTO `curatedhitdb`.`sequence`
(`accession`,
`variant`,
`gi`,
`ncbi_gene_id`,
`hgnc_gene_name`,
`taxonomy_id`,
`organism`,
`phylum`,
`class`,
`taxonomy_group`,
`info`,
`sequence`,
`variant_under_consideration`)
VALUES
('HISTDB_H2B_S_3',
'H2B.S',
null,
null,
null,
38727,
'Panicum virgatum',
'Streptophyta',
'Magnoliopsida',
null,
null,
'MAPKRRGGGKVVGSVVKTKVVQETVEVTTAVVPDGEPEQRGTEALALAPPAVDVSGGSRRVVHIEVTTPDGDATTGGSNAKKQATSKRGRRGGRREEEKPAPPAEEAAQEPPVAQSQETQDPNEEQEEEVEEDARKKKKRKPPPPPQERQDEEPPETPRVASERKAAAAKTTPQQQKKRGGGDKARAKKGGQRRRRLGQASPGGDAGMGGVGGYKRYVWRVLKQVHPELGVSGLAMRVLDMMMADMFERLADEAARLSKASGRATLSSREVQSAVRLVLPGELGRHAMSEGTKAISKYMSYDA',
null);
INSERT INTO `curatedhitdb`.`sequence_has_publication`
(`sequence_accession`,
`publication_id`)
VALUES
('HISTDB_H2B_S_3',
'32716939');
INSERT INTO `curatedhitdb`.`sequence`
(`accession`,
`variant`,
`gi`,
`ncbi_gene_id`,
`hgnc_gene_name`,
`taxonomy_id`,
`organism`,
`phylum`,
`class`,
`taxonomy_group`,
`info`,
`sequence`,
`variant_under_consideration`)
VALUES
('HISTDB_H2B_S_4',
'H2B.S',
null,
null,
null,
4577,
'Zea mays',
'Streptophyta',
'Magnoliopsida',
null,
null,
'MAPKRRGNKVVGSVVKTKLVQETVEVIVADDDGLHAEKQQVPEALALAHPTVDVSGSTVVHVVEVTAKRGRGGGGGGGGGRRNEGKPPPEEDSAAVPVPQSQETQDPNEELEFELEDEEEKQPETPRVASEKRKKAATPTKKTKTQQPRRRRQRLGQASSGGDAGMGGVGGYRRYVWRVLKQVHPDLGVSGHAMQVLDMMMADMFERLAEEAARLSKATGRATLTSREVQSAVRLVLPGELGRHAISEGTKAISKYMSYAA',
null);
INSERT INTO `curatedhitdb`.`sequence_has_publication`
(`sequence_accession`,
`publication_id`)
VALUES
('HISTDB_H2B_S_4',
'32716939');
INSERT INTO `curatedhitdb`.`sequence`
(`accession`,
`variant`,
`gi`,
`ncbi_gene_id`,
`hgnc_gene_name`,
`taxonomy_id`,
`organism`,
`phylum`,
`class`,
`taxonomy_group`,
`info`,
`sequence`,
`variant_under_consideration`)
VALUES
('HISTDB_H2B_S_5',
'H2B.S',
null,
null,
null,
1071399,
'Brachypodium stacei',
'Streptophyta',
'Magnoliopsida',
null,
null,
'MAPKRRGKQVVSSVVRKTTKVVKETVQVSTAAIVADDSTHPEYTEPEVVDMSTPATVVKHVEITTTSDGDQAADAGATTVNKSPDKQPAEANQAPQPAVASLQSQETQDPNEEAAAAEAPQTEKPQQEIVVVSTKAPEPEEKITKKQHPEAPETPKQEAGAGTTGGKEKAAAAPKKKKARRGRGPVGDMGMMGGGYKRYVYRVLKQVHPDMGASGRAMEVLDMMMGDMFERLADEAARLAKVARRATLSSREVQSAVRLVLPGELAKHAISEGTKAVTSYMSLA',
null);
INSERT INTO `curatedhitdb`.`sequence_has_publication`
(`sequence_accession`,
`publication_id`)
VALUES
('HISTDB_H2B_S_5',
'32716939');
INSERT INTO `curatedhitdb`.`sequence`
(`accession`,
`variant`,
`gi`,
`ncbi_gene_id`,
`hgnc_gene_name`,
`taxonomy_id`,
`organism`,
`phylum`,
`class`,
`taxonomy_group`,
`info`,
`sequence`,
`variant_under_consideration`)
VALUES
('HISTDB_H2B_S_6',
'H2B.S',
null,
null,
null,
4641,
'Musa acuminata',
'Streptophyta',
'Magnoliopsida',
null,
null,
'MAPKRTSRVLKTTKTVIEETVEVVVEAKDAQGPKEDLGEGKEAEPEGRQQAEEEEPSREKEAEPPFEKSIIQQEETAGEGKEAESITDKETQEEAAAVDKRFSGGDGGEMDGTGRGYKRYVFRVLKHVHPGMGISSRAMVVLDGMMGDMFERLAGEASRLSTYTGKATLSSREIQGAVRLVLPGELGKRAISEGTKAVSNYMAADRHEQQ',
null);
INSERT INTO `curatedhitdb`.`sequence_has_publication`
(`sequence_accession`,
`publication_id`)
VALUES
('HISTDB_H2B_S_6',
'32716939');
INSERT INTO `curatedhitdb`.`sequence`
(`accession`,
`variant`,
`gi`,
`ncbi_gene_id`,
`hgnc_gene_name`,
`taxonomy_id`,
`organism`,
`phylum`,
`class`,
`taxonomy_group`,
`info`,
`sequence`,
`variant_under_consideration`)
VALUES
('HISTDB_H2B_S_7',
'H2B.S',
null,
null,
null,
28502,
'Amaranthus hypochondriacus',
'Streptophyta',
'Magnoliopsida',
null,
null,
'MAPKKTARKVVKTTKIVEETVEVVSIPGSQSQQNPTQIQTELISERKEEQSSITTKSIPIQESDHDDQDEEETETQDQDHPDLSTPPRKEAPPRQVEPKPEPKGKGEGGGEGYKRYVFRVLKQVHPGMGISSRAMIVINNFMNDMFERIAEEGSRLNKQNKKMTMSAREIQGAVKLVLPGELGKHAVAEGAKAVTNYVNFGFHKK',
null);
INSERT INTO `curatedhitdb`.`sequence_has_publication`
(`sequence_accession`,
`publication_id`)
VALUES
('HISTDB_H2B_S_7',
'32716939');
INSERT INTO `curatedhitdb`.`sequence`
(`accession`,
`variant`,
`gi`,
`ncbi_gene_id`,
`hgnc_gene_name`,
`taxonomy_id`,
`organism`,
`phylum`,
`class`,
`taxonomy_group`,
`info`,
`sequence`,
`variant_under_consideration`)
VALUES
('HISTDB_H2B_S_8',
'H2B.S',
null,
null,
null,
4006,
'Linum usitatissimum',
'Streptophyta',
'Magnoliopsida',
null,
null,
'MAPRRRSAGRVVGVVRSTRKVVKETVEVSILAGDTQETTPEDNTEDINLLDTEELIDVVTPEAGVKLQEDATTTSTVRTIPVEDAGPEREEELVISEDRQFEDAKPKKEEKKAPEKEKKVNKKKRKSRFVEGGEGYRRYVYKVMKQVHPDMKISGVAMSIINSLMKDMFERIADEAATLSRYSKRMTISSKEIQDAVKLVLPGELGKHAVAEGSKAVANYASYSHNK',
null);
INSERT INTO `curatedhitdb`.`sequence_has_publication`
(`sequence_accession`,
`publication_id`)
VALUES
('HISTDB_H2B_S_8',
'32716939');
INSERT INTO `curatedhitdb`.`sequence`
(`accession`,
`variant`,
`gi`,
`ncbi_gene_id`,
`hgnc_gene_name`,
`taxonomy_id`,
`organism`,
`phylum`,
`class`,
`taxonomy_group`,
`info`,
`sequence`,
`variant_under_consideration`)
VALUES
('HISTDB_H2B_S_9',
'H2B.S',
null,
null,
null,
13216,
'Piper nigrum',
'Streptophyta',
'Magnoliopsida',
null,
null,
'MASTRQGRRNTPEVVSTVVKKKTTRKVVNETTIAAVAVVESNEPPIVKTVPVEEESSDSVINVEAGKTPPKEVPIARPRSDAAKGTNQRKDGAATIAETQQPPEKPREEKHAMEEVKKGTKRRKGERKVEEKKRKRRKKRWSYNEEMSGYSRYVFRVLKQVHPDLAISSKAMAVLNAFVWDMFERLAGEAGKLADYTRRATLSSREIQDAVRLVLPGELGKHAISEGSKAVTNYVHALGSWRRPALQYGRHEEERRQRKCRQDRVTSVFGFGFEVLGLRISFLFATLRTAPGGRKHGVQPT',
null);
INSERT INTO `curatedhitdb`.`sequence_has_publication`
(`sequence_accession`,
`publication_id`)
VALUES
('HISTDB_H2B_S_9',
'32716939');
INSERT INTO `curatedhitdb`.`sequence`
(`accession`,
`variant`,
`gi`,
`ncbi_gene_id`,
`hgnc_gene_name`,
`taxonomy_id`,
`organism`,
`phylum`,
`class`,
`taxonomy_group`,
`info`,
`sequence`,
`variant_under_consideration`)
VALUES
('HISTDB_H2B_Z_0',
'H2B.Z',
null,
null,
null,
27996,
'Cytauxzoon felis',
'Apicomplexa',
'Aconoidasida',
null,
null,
'MSGKVPSTKSQAAKKTAGKTLGVRYRRKKRIESFALYIYKVLKQVHPETGVSKKSMSIMNSFINDIFDRLALEATRLIRYNKKSTLSSREIQTAVRLLLPGELSKHAVSEGTKAVTKYTTSGV',
null);
INSERT INTO `curatedhitdb`.`sequence_has_publication`
(`sequence_accession`,
`publication_id`)
VALUES
('HISTDB_H2B_Z_0',
'DOI:10.5772/intechopen.81409');
INSERT INTO `curatedhitdb`.`sequence`
(`accession`,
`variant`,
`gi`,
`ncbi_gene_id`,
`hgnc_gene_name`,
`taxonomy_id`,
`organism`,
`phylum`,
`class`,
`taxonomy_group`,
`info`,
`sequence`,
`variant_under_consideration`)
VALUES
('HISTDB_H3_Y_0',
'H3.Y_(Primates?)',
'NOGI',
null,
null,
9544,
'Macaca mulatta',
'Chordata',
'Mammalia',
null,
null,
'ARTKQTARKATNWQAPRKPLATKAAAKRAPPRGGIKKPHRYKPGTQALREIRKYQKSTQLLLRKLPFQCLVREIAQVISLDLRFQSAAIGALQEASEAYLVNLFEDTNLCAIHARRVTIMPRDMQLARRIRGEGAXEPTLLGNVAL',
null);
INSERT INTO `curatedhitdb`.`sequence`
(`accession`,
`variant`,
`gi`,
`ncbi_gene_id`,
`hgnc_gene_name`,
`taxonomy_id`,
`organism`,
`phylum`,
`class`,
`taxonomy_group`,
`info`,
`sequence`,
`variant_under_consideration`)
VALUES
('HISTDB_H3_Y_1',
'H3.Y_(Primates?)',
'NOGI',
null,
null,
9544,
'Macaca mulatta',
'Chordata',
'Mammalia',
null,
null,
'ARTKQTARKATNWQAPRKPLATKAPGKRLPPRGGIKKPHRYRPGTQALREIRKYQKSTQLLLRKLPFQRLVREIAQAISPDLRFQSAAIGALQEASEAYLVNLFEDTNLCAIHARRVTIMPRDMQLARRIRGEGA',
null);
INSERT INTO `curatedhitdb`.`sequence`
(`accession`,
`variant`,
`gi`,
`ncbi_gene_id`,
`hgnc_gene_name`,
`taxonomy_id`,
`organism`,
`phylum`,
`class`,
`taxonomy_group`,
`info`,
`sequence`,
`variant_under_consideration`)
VALUES
('HISTDB_H3_Y_2',
'H3.Y_(Primates?)',
'NOGI',
null,
null,
9598,
'Pan troglodytes',
'Chordata',
'Mammalia',
null,
null,
'ARTKQTARKATAWQAPRKPLATKAAGKRAPPTGGIKKPHRYKPGTLALREIRKYQKSTQLLLRKLPFQRLVREIAQAISPDLRFQSAAIGALQEASEAYLVQLFEDTNLCAIHARRVTIMPRDMQLARRLRREGP',
null);
INSERT INTO `curatedhitdb`.`sequence`
(`accession`,
`variant`,
`gi`,
`ncbi_gene_id`,
`hgnc_gene_name`,
`taxonomy_id`,
`organism`,
`phylum`,
`class`,
`taxonomy_group`,
`info`,
`sequence`,
`variant_under_consideration`)
VALUES
('HISTDB_H3_Y_3',
'H3.Y_(Primates?)',
'NOGI',
null,
null,
9598,
'Pan troglodytes',
'Chordata',
'Mammalia',
null,
null,
'ARTKQTARKATAWQAPRKPLATKAARKRASPTGGIKKPHRYKPGTLALREIRKYQKSTQLLLRKLPFQRLVREIAQAISLDLRFQSAAIGALQEASEAYLVQLFEDTNLCAIHARRVTIMPQDMQLARRLRGEGAREPTLLGNLAL',
null);
INSERT INTO `curatedhitdb`.`sequence`
(`accession`,
`variant`,
`gi`,
`ncbi_gene_id`,
`hgnc_gene_name`,
`taxonomy_id`,
`organism`,
`phylum`,
`class`,
`taxonomy_group`,
`info`,
`sequence`,
`variant_under_consideration`)
VALUES
('HISTDB_cH2A_0',
'cH2A_(Fungi)',
null,
null,
null,
58839,
'Encephalitozoon intestinalis ',
'Microsporidia',
null,
null,
null,
'MAMVQGKGGKADPRVMGKDEEHQKSIVKLSQIKKIMKDRTRMRISKDALIGVSACVMYLISEITDGAKNVANTDGKKKVIPKHINHAICNDTELHFVGHDWLIKNGGMKSYISPGDFSVSSKKGGSRD',
null);
INSERT INTO `curatedhitdb`.`publication`
(`id`,
`title`,
`doi`,
`author`,
`year`)
VALUES
('21622164',
null,
null,
null,
null);
INSERT INTO `curatedhitdb`.`sequence_has_publication`
(`sequence_accession`,
`publication_id`)
VALUES
('HISTDB_cH2A_0',
'21622164');
INSERT INTO `curatedhitdb`.`sequence`
(`accession`,
`variant`,
`gi`,
`ncbi_gene_id`,
`hgnc_gene_name`,
`taxonomy_id`,
`organism`,
`phylum`,
`class`,
`taxonomy_group`,
`info`,
`sequence`,
`variant_under_consideration`)
VALUES
('HISTDB_cH2B_1_0',
'cH2B_(Mammalia)',
null,
null,
null,
10116,
'Rattus norvegicus',
'Chordata',
'Mammalia',
null,
null,
'MPEVSAKGTTISKKGFKKAVTKTQKKEGRKRKRCREESYSIYIYKVLKQVHPDTGISSKAMSIMNSFVTDIFERIAGEASRLAHYNKRSTITSREIQTAVRLLLPGELAKHAVSEGTKAVTKYTSSK',
null);
INSERT INTO `curatedhitdb`.`publication`
(`id`,
`title`,
`doi`,
`author`,
`year`)
VALUES
('12213818',
null,
null,
null,
null);
INSERT INTO `curatedhitdb`.`sequence_has_publication`
(`sequence_accession`,
`publication_id`)
VALUES
('HISTDB_cH2B_1_0',
'12213818');
INSERT INTO `curatedhitdb`.`sequence`
(`accession`,
`variant`,
`gi`,
`ncbi_gene_id`,
`hgnc_gene_name`,
`taxonomy_id`,
`organism`,
`phylum`,
`class`,
`taxonomy_group`,
`info`,
`sequence`,
`variant_under_consideration`)
VALUES
('KAH1159328.1',
'H2B.S',
null,
null,
null,
3847,
'Glycine max',
'Streptophyta',
'Magnoliopsida',
null,
null,
'MAPKRAEKLVVRSTKKVVESIVQVSVVGKRLTQVIPQAQKVSPNSDITTENKAEQENNTHQDGGVQNQEEEQKGVVNEEAKEEKNKSKTAKEQNGKEKKRGRKKRNIEGYQRYVYGVLKQVHPEMGISSKCMTALNNLMNDMFERLTFEVSKLTDYTGHMTLSSREIQGVVRLVLPGELEKHAIAEGVKAVNNYTSYDA',
null);
INSERT INTO `curatedhitdb`.`sequence_has_publication`
(`sequence_accession`,
`publication_id`)
VALUES
('KAH1159328.1',
'32716939');
INSERT INTO `curatedhitdb`.`sequence`
(`accession`,
`variant`,
`gi`,
`ncbi_gene_id`,
`hgnc_gene_name`,
`taxonomy_id`,
`organism`,
`phylum`,
`class`,
`taxonomy_group`,
`info`,
`sequence`,
`variant_under_consideration`)
VALUES
('KDO60308.1',
'H2B.S',
null,
null,
null,
2711,
'Citrus sinensis',
'Streptophyta',
'Magnoliopsida',
null,
null,
'MPPRRSARVVLTKKVVEETVQVSVVNEKKKKGKREIAIHSEETLPSKTITVEDKEEGKHTTVEVPIEEPEPPTEPEAEPSSSVAAEAATPAKKEEKKTSIETSPEPEHDVAASAEQEEPPEQSKNKEKEKPNEAQKTAQQEARAAHEKPGSKKRKRRKRNEGTGEEYKTYVFRVLKQVHPGMAISSKAMTVINNLMNDMFERIAGEAATLSKHCHRTTMSSREIQGAVKLVLPGELGKHAVAEGTKAVTNYTSYDAKRSKA',
null);
INSERT INTO `curatedhitdb`.`sequence_has_publication`
(`sequence_accession`,
`publication_id`)
VALUES
('KDO60308.1',
'32716939');
INSERT INTO `curatedhitdb`.`sequence`
(`accession`,
`variant`,
`gi`,
`ncbi_gene_id`,
`hgnc_gene_name`,
`taxonomy_id`,
`organism`,
`phylum`,
`class`,
`taxonomy_group`,
`info`,
`sequence`,
`variant_under_consideration`)
VALUES
('NP_001002916.4',
'H2B.W.1_(Homo_sapiens)',
null,
'158983',
'H2BW1',
9606,
'Homo sapiens',
'Chordata',
'Mammalia',
'Mammalia',
null,
'MAGPSSETTSEEQLITQEPKEANSTTSQKQSKQRKRGRHGPRRCHSNCRGDSFATYFRRVLKQVHQGLSLSREAVSVMDSLVHDILDRIATEAGHLARSTKRQTITAWETRMAVRLLLPGQMGKLAESEGTKAVLRTSLYAIQQQRK',
null);
INSERT INTO `curatedhitdb`.`publication`
(`id`,
`title`,
`doi`,
`author`,
`year`)
VALUES
('15475252',
null,
null,
null,
null);
INSERT INTO `curatedhitdb`.`sequence_has_publication`
(`sequence_accession`,
`publication_id`)
VALUES
('NP_001002916.4',
'15475252');
INSERT INTO `curatedhitdb`.`publication`
(`id`,
`title`,
`doi`,
`author`,
`year`)
VALUES
('16449661',
null,
null,
null,
null);
INSERT INTO `curatedhitdb`.`sequence_has_publication`
(`sequence_accession`,
`publication_id`)
VALUES
('NP_001002916.4',
'16449661');
INSERT INTO `curatedhitdb`.`sequence_has_publication`
(`sequence_accession`,
`publication_id`)
VALUES
('NP_001002916.4',
'25731851');
INSERT INTO `curatedhitdb`.`sequence`
(`accession`,
`variant`,
`gi`,
`ncbi_gene_id`,
`hgnc_gene_name`,
`taxonomy_id`,
`organism`,
`phylum`,
`class`,
`taxonomy_group`,
`info`,
`sequence`,
`variant_under_consideration`)
VALUES
('NP_001005464.1',
'cH3.2_(Homo_sapiens)',
null,
'333932',
'H3C15',
9606,
'Homo sapiens',
'Chordata',
'Mammalia',
'Mammalia',
null,
'MARTKQTARKSTGGKAPRKQLATKAARKSAPATGGVKKPHRYRPGTVALREIRRYQKSTELLIRKLPFQRLVREIAQDFKTDLRFQSSAVMALQEASEAYLVGLFEDTNLCAIHAKRVTIMPKDIQLARRIRGERA',
null);
INSERT INTO `curatedhitdb`.`publication`
(`id`,
`title`,
`doi`,
`author`,
`year`)
VALUES
('12408966',
null,
null,
null,
null);
INSERT INTO `curatedhitdb`.`sequence_has_publication`
(`sequence_accession`,
`publication_id`)
VALUES
('NP_001005464.1',
'12408966');
INSERT INTO `curatedhitdb`.`sequence`
(`accession`,
`variant`,
`gi`,
`ncbi_gene_id`,
`hgnc_gene_name`,
`taxonomy_id`,
`organism`,
`phylum`,
`class`,
`taxonomy_group`,
`info`,
`sequence`,
`variant_under_consideration`)
VALUES
('NP_001013721.2',
null,
null,
'440093',
'H3-5',
9606,
'Homo sapiens',
'Chordata',
'Mammalia',
'Mammalia',
null,
'MARTKQTARKSTGGKAPRKQLATKAARKSTPSTCGVKPHRYRPGTVALREIRRYQKSTELLIRKLPFQRLVREIAQDFNTDLRFQSAAVGALQEASEAYLVGLLEDTNLCAIHAKRVTIMPKDIQLARRIRGERA',
'H3.5_(Homo_sapiens)');
INSERT INTO `curatedhitdb`.`publication`
(`id`,
`title`,
`doi`,
`author`,
`year`)
VALUES
('21274551',
null,
null,
null,
null);
INSERT INTO `curatedhitdb`.`sequence_has_publication`
(`sequence_accession`,
`publication_id`)
VALUES
('NP_001013721.2',
'21274551');
INSERT INTO `curatedhitdb`.`sequence`
(`accession`,
`variant`,
`gi`,
`ncbi_gene_id`,
`hgnc_gene_name`,
`taxonomy_id`,
`organism`,
`phylum`,
`class`,
`taxonomy_group`,
`info`,
`sequence`,
`variant_under_consideration`)
VALUES
('NP_001017990.1',
'H2A.B.1_(Homo_sapiens)',
null,
'474382',
'H2AB1',
9606,
'Homo sapiens',
'Chordata',
'Mammalia',
'Mammalia',
'Please, note that some papers use alternative naming were H2AB1 gene is H2A.B.2 and the other two are H2A.B.1',
'MPRRRRRRGSSGAGGRGRTCSRTVRAELSFSVSQVERSLREGHYAQRLSRTAPVYLAAVIEYLTAKVPELAGNEAQNSGERNITPLLLDMVVHNDRLLSTLFNTTTISQVAPGED',
null);
INSERT INTO `curatedhitdb`.`sequence_has_publication`
(`sequence_accession`,
`publication_id`)
VALUES
('NP_001017990.1',
'29549088');
INSERT INTO `curatedhitdb`.`sequence_has_publication`
(`sequence_accession`,
`publication_id`)
VALUES
('NP_001017990.1',
'35099534');
INSERT INTO `curatedhitdb`.`sequence`
(`accession`,
`variant`,
`gi`,
`ncbi_gene_id`,
`hgnc_gene_name`,
`taxonomy_id`,
`organism`,
`phylum`,
`class`,
`taxonomy_group`,
`info`,
`sequence`,
`variant_under_consideration`)
VALUES
('NP_001017991.1',
'H2A.B.2_(Homo_sapiens)',
null,
'474381',
'H2AB2',
9606,
'Homo sapiens',
'Chordata',
'Mammalia',
'Mammalia',
'Please, note that some papers use alternative naming were H2AB1 gene is H2A.B.2 and the other two are H2A.B.1',
'MPRRRRRRGSSGAGGRGRTCSRTVRAELSFSVSQVERSLREGHYAQRLSRTAPVYLAAVIEYLTAKVLELAGNEAQNSGERNITPLLLDMVVHNDRLLSTLFNTTTISQVAPGED',
null);
INSERT INTO `curatedhitdb`.`sequence_has_publication`
(`sequence_accession`,
`publication_id`)
VALUES
('NP_001017991.1',
'29549088');
INSERT INTO `curatedhitdb`.`sequence_has_publication`
(`sequence_accession`,
`publication_id`)
VALUES
('NP_001017991.1',
'35099534');
INSERT INTO `curatedhitdb`.`sequence`
(`accession`,
`variant`,
`gi`,
`ncbi_gene_id`,
`hgnc_gene_name`,
`taxonomy_id`,
`organism`,
`phylum`,
`class`,
`taxonomy_group`,
`info`,
`sequence`,
`variant_under_consideration`)
VALUES
('NP_001019770.1',
'cH2B.12_(Homo_sapiens)',
null,
'440689',
'H2BC18',
9606,
'Homo sapiens',
'Chordata',
'Mammalia',
'Mammalia',
null,
'MPDPAKSAPAPKKGSKKAVTKVQKKDGKKRKRSRKESYSVYVYKVLKQVHPDTGISSKAMGIMNSFVNDIFERIAGEASRLAHYNKRSTITSREIQTAVRLLLPGELAKHAVSEGTKAVTKYTSSK',
null);
INSERT INTO `curatedhitdb`.`sequence_has_publication`
(`sequence_accession`,
`publication_id`)
VALUES
('NP_001019770.1',
'12408966');
INSERT INTO `curatedhitdb`.`sequence_has_publication`
(`sequence_accession`,
`publication_id`)
VALUES
('NP_001019770.1',
'25731851');
INSERT INTO `curatedhitdb`.`sequence`
(`accession`,
`variant`,
`gi`,
`ncbi_gene_id`,
`hgnc_gene_name`,
`taxonomy_id`,
`organism`,
`phylum`,
`class`,
`taxonomy_group`,
`info`,
`sequence`,
`variant_under_consideration`)
VALUES
('NP_001020673.1',
'macroH2A',
'70887615',
null,
null,
7955,
'Danio rerio',
'Chordata',
'Actinopteri',
null,
null,
'MSARGGKKKITKLSRSARAGVIFPVGRMMRYLRTGTHKYRIGMGAPVYMAAVIEYLAAEILELAGNAARDNKKGRITPRHIKLAVANDEELNQLLRGVTISNGGVLPRIHPELLSKKRGGKVKVESQVAVPEKSAKRKPVKKPYKKSKGKPGRKPKKSTENDKEADANAMEDGPGEGFTILSAKSLFLGQKLSLTESEISKIGTIKVEGIINPTNAEIDLKEGIGNALEKTGGKDFLETVKELRKSQGPLEVASVAVSQANGMAARFIIHCHVPQWGSDKCEDQLEKTVKNCLSAAEEKKLKSVAFPSLPAGRNGFPKQTAAQLILKAISNHFVSATTSSLKNIYFVLFDSESIGIYLQEMAKMDAK',
null);
INSERT INTO `curatedhitdb`.`sequence_has_publication`
(`sequence_accession`,
`publication_id`)
VALUES
('NP_001020673.1',
'22650316');
INSERT INTO `curatedhitdb`.`sequence_has_publication`
(`sequence_accession`,
`publication_id`)
VALUES
('NP_001020673.1',
'26989147');
INSERT INTO `curatedhitdb`.`sequence`
(`accession`,
`variant`,
`gi`,
`ncbi_gene_id`,
`hgnc_gene_name`,
`taxonomy_id`,
`organism`,
`phylum`,
`class`,
`taxonomy_group`,
`info`,
`sequence`,
`variant_under_consideration`)
VALUES
('NP_001026545.1',
'H2A.Z.1_(Chordata)',
'71897327',
null,
null,
9031,
'Gallus gallus',
'Chordata',
'Aves',
null,
'homologous to human H2AZ1 gene',
'MAGGKAGKDSGKTKTKAVSRSQRAGLQFPVGRIHRHLKSRTTSHGRVGATAAVYSAAILEYLTAEVLELAGNASKDLKVKRITPRHLQLAIRGDEELDSLIKATIAGGGVIPHIHKSLIGKKGQQKTV',
null);
INSERT INTO `curatedhitdb`.`sequence_has_publication`
(`sequence_accession`,
`publication_id`)
VALUES
('NP_001026545.1',
'22650316');
INSERT INTO `curatedhitdb`.`sequence_has_publication`
(`sequence_accession`,
`publication_id`)
VALUES
('NP_001026545.1',
'26989147');
INSERT INTO `curatedhitdb`.`sequence`
(`accession`,
`variant`,
`gi`,
`ncbi_gene_id`,
`hgnc_gene_name`,
`taxonomy_id`,
`organism`,
`phylum`,
`class`,
`taxonomy_group`,
`info`,
`sequence`,
`variant_under_consideration`)
VALUES
('NP_001027285.1',
'cH3',
'78706960',
null,
null,
7227,
'Drosophila melanogaster',
'Arthropoda',
'Insecta',
null,
null,
'MARTKQTARKSTGGKAPRKQLATKAARKSAPATGGVKKPHRYRPGTVALREIRRYQKSTELLIRKLPFQRLVREIAQDFKTDLRFQSSAVMALQEASEAYLVGLFEDTNLCAIHAKRVTIMPKDIQLARRIRGERA',
null);
INSERT INTO `curatedhitdb`.`sequence`
(`accession`,
`variant`,
`gi`,
`ncbi_gene_id`,
`hgnc_gene_name`,
`taxonomy_id`,
`organism`,
`phylum`,
`class`,
`taxonomy_group`,
`info`,
`sequence`,
`variant_under_consideration`)
VALUES
('NP_001027352.1',
'cH4',
'78707094',
null,
null,
7227,
'Drosophila melanogaster',
'Arthropoda',
'Insecta',
null,
null,
'MTGRGKGGKGLGKGGAKRHRKVLRDNIQGITKPAIRRLARRGGVKRISGLIYEETRGVLKVFLENVIRDAVTYTEHAKRKTVTALDVVYALKRQGRTLYGFGG',
null);
INSERT INTO `curatedhitdb`.`sequence`
(`accession`,
`variant`,
`gi`,
`ncbi_gene_id`,
`hgnc_gene_name`,
`taxonomy_id`,
`organism`,
`phylum`,
`class`,
`taxonomy_group`,
`info`,
`sequence`,
`variant_under_consideration`)
VALUES
('NP_001029249.1',
null,
null,
'554313',
'H4C15',
9606,
'Homo sapiens',
'Chordata',
'Mammalia',
'Mammalia',
null,
'MSGRGKGGKGLGKGGAKRHRKVLRDNIQGITKPAIRRLARRGGVKRISGLIYEETRGVLKVFLENVIRDAVTYTEHAKRKTVTAMDVVYALKRQGRTLYGFGG',
'cH4_(Homo_sapiens)');
INSERT INTO `curatedhitdb`.`sequence_has_publication`
(`sequence_accession`,
`publication_id`)
VALUES
('NP_001029249.1',
'12408966');
INSERT INTO `curatedhitdb`.`sequence`
(`accession`,
`variant`,
`gi`,
`ncbi_gene_id`,
`hgnc_gene_name`,
`taxonomy_id`,
`organism`,
`phylum`,
`class`,
`taxonomy_group`,
`info`,
`sequence`,
`variant_under_consideration`)
VALUES
('NP_001032546.1',
'cH2B_(Mammalia)',
'82697375',
null,
null,
9913,
'Bos taurus',
'Chordata',
'Mammalia',
null,
null,
'MPEPAKSAPAPKKGSKKAVTKAQKKDGKKRKRSRKESYSVYVYKVLKQVHPDTGISSKAMGIMNSFVNDIFERIAGEASRLAHYNKRSTITSREIQTAVRLLLPGELAKHAVSEGTKAVTKYTSSK',
null);
INSERT INTO `curatedhitdb`.`sequence`
(`accession`,
`variant`,
`gi`,
`ncbi_gene_id`,
`hgnc_gene_name`,
`taxonomy_id`,
`organism`,
`phylum`,
`class`,
`taxonomy_group`,
`info`,
`sequence`,
`variant_under_consideration`)
VALUES
('NP_001032934.1',
'cH4',
'83745133',
null,
null,
9031,
'Gallus gallus',
'Chordata',
'Aves',
null,
null,
'MSGRGKGGKGLGKGGAKRHRKVLRDNIQGITKPAIRRLARRGGVKRISGLIYEETRGVLKVFLENVIRDAVTYTEHAKRKTVTAMDVVYALKRQGRTLYGFGG',
null);
INSERT INTO `curatedhitdb`.`sequence`
(`accession`,
`variant`,
`gi`,
`ncbi_gene_id`,
`hgnc_gene_name`,
`taxonomy_id`,
`organism`,
`phylum`,
`class`,
`taxonomy_group`,
`info`,
`sequence`,
`variant_under_consideration`)
VALUES
('NP_001035248.1',
'macroH2A.1.s2_(Homo_sapiens)',
null,
'9555',
'MACROH2A1',
9606,
'Homo sapiens',
'Chordata',
'Mammalia',
'Mammalia',
null,
'MSSRGGKKKSTKTSRSAKAGVIFPVGRMLRYIKKGHPKYRIGVGAPVYMAAVLEYLTAEILELAGNAARDNKKGRVTPRHILLAVANDEELNQLLKGVTIASGGVLPNIHPELLAKKRGSKGKLEAIITPPPAKKAKSPSQKKPVSKKAGGKKGARKSKKQGEVSKAASADSTTEGTPADGFTVLSTKSLFLGQKLNLIHSEISNLAGFEVEAIINPTNADIDLKDDLGNTLEKKGGKEFVEAVLELRKKNGPLEVAGAAVSAGHGLPAKFVIHCNSPVWGADKCEELLEKTVKNCLALADDKKLKSIAFPSIGSGRNGFPKQTAAQLILKAISSYFVSTMSSSIKTVYFVLFDSESIGIYVQEMAKLDAN',
null);
INSERT INTO `curatedhitdb`.`sequence_has_publication`
(`sequence_accession`,
`publication_id`)
VALUES
('NP_001035248.1',
'20543561');
INSERT INTO `curatedhitdb`.`publication`
(`id`,
`title`,
`doi`,
`author`,
`year`)
VALUES
('31015383',
null,
null,
null,
null);
INSERT INTO `curatedhitdb`.`sequence_has_publication`
(`sequence_accession`,
`publication_id`)
VALUES
('NP_001035248.1',
'31015383');
INSERT INTO `curatedhitdb`.`publication`
(`id`,
`title`,
`doi`,
`author`,
`year`)
VALUES
('9138085',
null,
null,
null,
null);
INSERT INTO `curatedhitdb`.`sequence_has_publication`
(`sequence_accession`,
`publication_id`)
VALUES
('NP_001035248.1',
'9138085');
INSERT INTO `curatedhitdb`.`sequence`
(`accession`,
`variant`,
`gi`,
`ncbi_gene_id`,
`hgnc_gene_name`,
`taxonomy_id`,
`organism`,
`phylum`,
`class`,
`taxonomy_group`,
`info`,
`sequence`,
`variant_under_consideration`)
VALUES
('NP_001035807.1',
'cH2A.8_(Homo_sapiens)',
null,
'723790',
'H2AC19',
9606,
'Homo sapiens',
'Chordata',
'Mammalia',
'Mammalia',
null,
'MSGRGKQGGKARAKAKSRSSRAGLQFPVGRVHRLLRKGNYAERVGAGAPVYMAAVLEYLTAEILELAGNAARDNKKTRIIPRHLQLAIRNDEELNKLLGKVTIAQGGVLPNIQAVLLPKKTESHHKAKGK',
null);
INSERT INTO `curatedhitdb`.`sequence_has_publication`
(`sequence_accession`,
`publication_id`)
VALUES
('NP_001035807.1',
'12408966');
INSERT INTO `curatedhitdb`.`sequence_has_publication`
(`sequence_accession`,
`publication_id`)
VALUES
('NP_001035807.1',
'25731851');
INSERT INTO `curatedhitdb`.`sequence`
(`accession`,
`variant`,
`gi`,
`ncbi_gene_id`,
`hgnc_gene_name`,
`taxonomy_id`,
`organism`,
`phylum`,
`class`,
`taxonomy_group`,
`info`,
`sequence`,
`variant_under_consideration`)
VALUES
('NP_001035891.1',
null,
null,
'1058',
'CENPA',
9606,
'Homo sapiens',
'Chordata',
'Mammalia',
'Mammalia',
null,
'MGPRRRSRKPEAPRRRSPSPTPTPGPSRRGPSLGASSHQHSRRRQGWLKEIRKLQKSTHLLIRKLPFSRLAAEAFLVHLFEDAYLLTLHAGRVTLFPKDVQLARRIRGLEEGLG',
'cenH3_(Homo_sapiens)');
INSERT INTO `curatedhitdb`.`publication`
(`id`,
`title`,
`doi`,
`author`,
`year`)
VALUES
('23324462',
null,
null,
null,
null);
INSERT INTO `curatedhitdb`.`sequence_has_publication`
(`sequence_accession`,
`publication_id`)
VALUES
('NP_001035891.1',
'23324462');
INSERT INTO `curatedhitdb`.`sequence`
(`accession`,
`variant`,
`gi`,
`ncbi_gene_id`,
`hgnc_gene_name`,
`taxonomy_id`,
`organism`,
`phylum`,
`class`,
`taxonomy_group`,
`info`,
`sequence`,
`variant_under_consideration`)
VALUES
('NP_001036788.1',
'H2A.Z.1_(Chordata)',
'112807244',
null,
null,
7955,
'Danio rerio',
'Chordata',
'Actinopteri',
null,
'homologous to human H2AZ1 gene',
'MAGGKAGKDSGKAKTKAVSRSQRAGLQFPVGRIHRHLKTRTTSHGRVGATAAVYSAAILEYLTAEVLELAGNASKDLKVKRITPRHLQLAIRGDEELDSLIKATIAGGGVIPHIHKSLIGKKGQQKTV',
null);
INSERT INTO `curatedhitdb`.`sequence_has_publication`
(`sequence_accession`,
`publication_id`)
VALUES
('NP_001036788.1',
'22650316');
INSERT INTO `curatedhitdb`.`sequence_has_publication`
(`sequence_accession`,
`publication_id`)
VALUES
('NP_001036788.1',
'26989147');
INSERT INTO `curatedhitdb`.`sequence`
(`accession`,
`variant`,
`gi`,
`ncbi_gene_id`,
`hgnc_gene_name`,
`taxonomy_id`,
`organism`,
`phylum`,
`class`,
`taxonomy_group`,
`info`,
`sequence`,
`variant_under_consideration`)
VALUES
('NP_001038138.1',
'H1.0',
'113206128',
null,
null,
9031,
'Gallus gallus',
'Chordata',
'Aves',
null,
null,
'MTESLVLSPAPAKPKRVKASRRSASHPTYSEMIAAAIRAEKSRGGSSRQSIQKYIKSHYKVGHNADLQIKLSIRRLLAAGVLKQTKGVGASGSFRLAKSDKAKRSPGKKKKAVRRSTSPKKAARPRKARSPAKKPKATARKARKKSRASPKKAKKPKTVKAKSRKASKAKKVKRSKPRAKSGARKSPKKK',
null);
INSERT INTO `curatedhitdb`.`sequence`
(`accession`,
`variant`,
`gi`,
`ncbi_gene_id`,
`hgnc_gene_name`,
`taxonomy_id`,
`organism`,
`phylum`,
`class`,
`taxonomy_group`,
`info`,
`sequence`,
`variant_under_consideration`)
VALUES
('NP_001044904.1',
'cH3',
'115441249',
null,
null,
39947,
'Oryza sativa Japonica Group',
'Streptophyta',
'Magnoliopsida',
null,
null,
'MARTKQTARKSTGGKAPRKQLATKAARKSAPATGGVKKPHRFRPGTVALREIRKYQKSTELLIRKLPFQRLVREIAQDFKTDLRFQSSAVAALQEAAEAYLVGLFEDTNLCAIHAKRVTIMPKDIQLARRIRGERA',
null);
INSERT INTO `curatedhitdb`.`sequence`
(`accession`,
`variant`,
`gi`,
`ncbi_gene_id`,
`hgnc_gene_name`,
`taxonomy_id`,
`organism`,
`phylum`,
`class`,
`taxonomy_group`,
`info`,
`sequence`,
`variant_under_consideration`)
VALUES
('NP_001050276.1',
'cH3',
'115453351',
null,
null,
39947,
'Oryza sativa Japonica Group',
'Streptophyta',
'Magnoliopsida',
null,
null,
'MARTKQTARKSTGGKAPRKQLATKAARKSAPTTGGVKKPHRYRPGTVALREIRKYQKSTELLIRKLPFQRLVREIAQDFKTDLRFQSHAVLALQEAAEAYLVGLFEDTNLCAIHAKRVTIMPKDIQLARRIRGERA',
null);
INSERT INTO `curatedhitdb`.`sequence`
(`accession`,
`variant`,
`gi`,
`ncbi_gene_id`,
`hgnc_gene_name`,
`taxonomy_id`,
`organism`,
`phylum`,
`class`,
`taxonomy_group`,
`info`,
`sequence`,
`variant_under_consideration`)
VALUES
('NP_001051232.1',
'H2A.Z',
'115455263',
null,
null,
39947,
'Oryza sativa Japonica Group',
'Streptophyta',
'Magnoliopsida',
null,
null,
'MAGKGGKGLLAAKTTAAKSAEKDKGKKAPVSRSSRAGLQFPVGRIHRQLKQRTQANGRVGATAAVYSAAILEYLTAEVLELAGNASKDLKVKRITPRHLQLAIRGDEELDTLIKGTIAGGGVIPHIHKSLINKSSKE',
null);
INSERT INTO `curatedhitdb`.`sequence_has_publication`
(`sequence_accession`,
`publication_id`)
VALUES
('NP_001051232.1',
'22650316');
INSERT INTO `curatedhitdb`.`sequence_has_publication`
(`sequence_accession`,
`publication_id`)
VALUES
('NP_001051232.1',
'26989147');
INSERT INTO `curatedhitdb`.`sequence`
(`accession`,
`variant`,
`gi`,
`ncbi_gene_id`,
`hgnc_gene_name`,
`taxonomy_id`,
`organism`,
`phylum`,
`class`,
`taxonomy_group`,
`info`,
`sequence`,
`variant_under_consideration`)
VALUES
('NP_001066688.1',
'cH2A_(Embryophyta)',
'115488402',
null,
null,
39947,
'Oryza sativa Japonica Group',
'Streptophyta',
'Magnoliopsida',
null,
null,
'MAGRGKAIGAGAAKKATSRSSKAGLQFPVGRIARFLKAGKYAERVGAGAPVYLAAVLEYLAAEVLELAGNAARDNKKTRIVPRHIQLAVRNDEELTKLLGGATIASGGVMPNIHQHLLPKKAGSSKASHADDDDN',
null);
INSERT INTO `curatedhitdb`.`sequence_has_publication`
(`sequence_accession`,
`publication_id`)
VALUES
('NP_001066688.1',
'22650316');
INSERT INTO `curatedhitdb`.`sequence_has_publication`
(`sequence_accession`,
`publication_id`)
VALUES
('NP_001066688.1',
'26989147');
INSERT INTO `curatedhitdb`.`sequence`
(`accession`,
`variant`,
`gi`,
`ncbi_gene_id`,
`hgnc_gene_name`,
`taxonomy_id`,
`organism`,
`phylum`,
`class`,
`taxonomy_group`,
`info`,
`sequence`,
`variant_under_consideration`)
VALUES
('NP_001066920.1',
'H2A.X_(Plants)',
'115488866',
null,
null,
39947,
'Oryza sativa Japonica Group',
'Streptophyta',
'Magnoliopsida',
null,
null,
'MSSAGGGGGRGKSKGSKSVSRSSKAGLQFPVGRIARYLKAGKYAERVGAGAPVYLSAVLEYLAAEVLELAGNAARDNKKNRIVPRHIQLAVRNDEELSRLLGAVTIAAGGVLPNIHQTLLPKKGGKDKADIGSASQEF',
null);
INSERT INTO `curatedhitdb`.`sequence_has_publication`
(`sequence_accession`,
`publication_id`)
VALUES
('NP_001066920.1',
'22650316');
INSERT INTO `curatedhitdb`.`sequence_has_publication`
(`sequence_accession`,
`publication_id`)
VALUES
('NP_001066920.1',
'26989147');
INSERT INTO `curatedhitdb`.`sequence`
(`accession`,
`variant`,
`gi`,
`ncbi_gene_id`,
`hgnc_gene_name`,
`taxonomy_id`,
`organism`,
`phylum`,
`class`,
`taxonomy_group`,
`info`,
`sequence`,
`variant_under_consideration`)
VALUES
('NP_001069373.1',
'H2A.B',
'115495331',
null,
null,
9913,
'Bos taurus',
'Chordata',
'Mammalia',
null,
null,
'MPKKRGHQRSSGIRSRTAQSELSFSVSHMEHLLRKGHYAQRLSSSAPVFLAAVIQDLTSKVLELAGNEAQKNGEKRITPKLVDMAIHNNALLSSIFGMTTISLVAPGPH',
null);
INSERT INTO `curatedhitdb`.`sequence_has_publication`
(`sequence_accession`,
`publication_id`)
VALUES
('NP_001069373.1',
'22650316');
INSERT INTO `curatedhitdb`.`sequence_has_publication`
(`sequence_accession`,
`publication_id`)
VALUES
('NP_001069373.1',
'26989147');
INSERT INTO `curatedhitdb`.`sequence`
(`accession`,
`variant`,
`gi`,
`ncbi_gene_id`,
`hgnc_gene_name`,
`taxonomy_id`,
`organism`,
`phylum`,
`class`,
`taxonomy_group`,
`info`,
`sequence`,
`variant_under_consideration`)
VALUES
('NP_001069955.1',
'H1.0',
'115496898',
null,
null,
9913,
'Bos taurus',
'Chordata',
'Mammalia',
null,
null,
'MTENSTSTPAAKPKRAKASKKSTDHPKYSDMIVAAIQAEKNRAGSSRQSIQKYIKSHYKVGENADSQIKLSIKRLVTTGVLKQTKGVGASGSFRLAKSDEPKRSVAFKKTKKEVKKVATPKKAAKPKKAASKAPSKKPKATPVKKAKKKPAATPKKTKKPKTVKAKPVKASKPKKTKPVKPKAKSSAKRTGKKK',
null);
INSERT INTO `curatedhitdb`.`sequence`
(`accession`,
`variant`,
`gi`,
`ncbi_gene_id`,
`hgnc_gene_name`,
`taxonomy_id`,
`organism`,
`phylum`,
`class`,
`taxonomy_group`,
`info`,
`sequence`,
`variant_under_consideration`)
VALUES
('NP_001071426.1',
'H2A.L',
'118151026',
null,
null,
9913,
'Bos taurus',
'Chordata',
'Mammalia',
null,
null,
'MSPGRHLWNCRRSRRRSLSRSTRAELQFPVSRVDRLLREGQFANRLSSATPVFLTGILEYLIANILDLAGKEACTNHRVRISPEHVQTALVNNENLRCLFQPGAFSQPAASPPAPEN',
null);
INSERT INTO `curatedhitdb`.`sequence_has_publication`
(`sequence_accession`,
`publication_id`)
VALUES
('NP_001071426.1',
'22650316');
INSERT INTO `curatedhitdb`.`sequence_has_publication`
(`sequence_accession`,
`publication_id`)
VALUES
('NP_001071426.1',
'26989147');
INSERT INTO `curatedhitdb`.`sequence`
(`accession`,
`variant`,
`gi`,
`ncbi_gene_id`,
`hgnc_gene_name`,
`taxonomy_id`,
`organism`,
`phylum`,
`class`,
`taxonomy_group`,
`info`,
`sequence`,
`variant_under_consideration`)
VALUES
('NP_001072943.1',
'cH2A_(Vertebrata)',
'118405202',
null,
null,
9031,
'Gallus gallus',
'Chordata',
'Aves',
null,
null,
'MSGRGKQGGKARAKAKSRSSRAGLQFPVGRVHRLLRKGNYAERVGAGAPVYLAAVLEYLTAEILELAGNAARDNKKTRIIPRHLQLAIRNDEELNKLLGKVTIAQGGVLPNIQAVLLPKKTDSHKAKAK',
null);
INSERT INTO `curatedhitdb`.`sequence_has_publication`
(`sequence_accession`,
`publication_id`)
VALUES
('NP_001072943.1',
'22650316');
INSERT INTO `curatedhitdb`.`sequence_has_publication`
(`sequence_accession`,
`publication_id`)
VALUES
('NP_001072943.1',
'26989147');
INSERT INTO `curatedhitdb`.`sequence`
(`accession`,
`variant`,
`gi`,
`ncbi_gene_id`,
`hgnc_gene_name`,
`taxonomy_id`,
`organism`,
`phylum`,
`class`,
`taxonomy_group`,
`info`,
`sequence`,
`variant_under_consideration`)
VALUES
('NP_001073188.1',
'cH2B_(Vertebrata)',
'119331174',
null,
null,
9031,
'Gallus gallus',
'Chordata',
'Aves',
null,
null,
'MPEPAKSAPAPKKGSKKAVTKTQKKGDKKRKKSRKESYSIYVYKVLKQVHPDTGISSKAMGIMNSFVNDIFERIAGEASRLAHYNKRSTITSREIQTAVRLLLPGELAKHAVSEGTKAVTKYTSSK',
null);
INSERT INTO `curatedhitdb`.`sequence`
(`accession`,
`variant`,
`gi`,
`ncbi_gene_id`,
`hgnc_gene_name`,
`taxonomy_id`,
`organism`,
`phylum`,
`class`,
`taxonomy_group`,
`info`,
`sequence`,
`variant_under_consideration`)
VALUES
('NP_001073248.1',
'H2A.X_(Mammalia)',
'119331192',
null,
null,
9913,
'Bos taurus',
'Chordata',
'Mammalia',
null,
null,
'MSGRGKTGGKARAKAKSRSSRAGLQFPVGRVHRLLRKGHYAERVGAGAPVYLAAVLEYLTAEILELAGNAARDNKKTRIIPRHLQLAIRNDEELNKLLGGVTIAQGGVLPNIQAVLLPKKTSATVGPKAPAGGKKATQASQEY',
null);
INSERT INTO `curatedhitdb`.`sequence_has_publication`
(`sequence_accession`,
`publication_id`)
VALUES
('NP_001073248.1',
'22650316');
INSERT INTO `curatedhitdb`.`sequence_has_publication`
(`sequence_accession`,
`publication_id`)
VALUES
('NP_001073248.1',
'26989147');
INSERT INTO `curatedhitdb`.`sequence`
(`accession`,
`variant`,
`gi`,
`ncbi_gene_id`,
`hgnc_gene_name`,
`taxonomy_id`,
`organism`,
`phylum`,
`class`,
`taxonomy_group`,
`info`,
`sequence`,
`variant_under_consideration`)
VALUES
('NP_001074230.1',
'TS_H1.6',
'124053434',
null,
null,
9544,
'Macaca mulatta',
'Chordata',
'Mammalia',
null,
null,
'MSETVPAASAGAVPAVMEKPLTKKRGKKPAGLTSASRKAPNLSVSKLITEALSVSQERVGMSLAALKKALAAAGYDVEKNNSRIKLSLKSLVNKGILVQTRGTGASGSFKLSKKVLPKSTRRKANKSASAKTKKLVLSRDSKSPKTAKTNKRAKKPRATAPKKAVRSGRKAKGAKGKQQQKSPVKARATKPKLTQHHKANIRKATSRK',
null);
INSERT INTO `curatedhitdb`.`sequence`
(`accession`,
`variant`,
`gi`,
`ncbi_gene_id`,
`hgnc_gene_name`,
`taxonomy_id`,
`organism`,
`phylum`,
`class`,
`taxonomy_group`,
`info`,
`sequence`,
`variant_under_consideration`)
VALUES
('NP_001080265.1',
'H1.10',
'147898445',
null,
null,
8355,
'Xenopus laevis',
'Chordata',
'Amphibia',
null,
null,
'MALELEENLHSTEEEDEEEEEEEEGDEMRSRSTRNKGGAASSSGNKKKKKKKNQPGRYSQLVVDTIRKLGERNGSSLAKIYSEAKKVSWFDQQNGRTYLKYSIKALVQNDTLLQVKGVGANGSFRLNKKKLEGLPYDKKPPPAKPSSSSSNKKQQQQGPSSSPSKSHKKAKPKAKAEKEKPKTSSAKAKSPKKSAAKGKKMKKGAKPSVRKAPKSKKA',
null);
INSERT INTO `curatedhitdb`.`sequence`
(`accession`,
`variant`,
`gi`,
`ncbi_gene_id`,
`hgnc_gene_name`,
`taxonomy_id`,
`organism`,
`phylum`,
`class`,
`taxonomy_group`,
`info`,
`sequence`,
`variant_under_consideration`)
VALUES
('NP_001081535.1',
'generic_H1',
'147903543',
null,
null,
8355,
'Xenopus laevis',
'Chordata',
'Amphibia',
null,
null,
'MAPKKAVAAPEGGNKENAAVKGSSKVKVKRKSIKLVKTQSHPPTLSMVVEVLKKNTERKGTSVQAIRTRILSAHPTVDPLRLKFLLRTALNKGLEKGILIRPLNSSATGATGRFKLAKPVKTTKAGKENVASENVDPNAEQETQKKAPKKEKKAKTEKEPKGEKTKAVAKKAKEDSDEKPKVAKSKKAKEAKEVDKANKEAKEVDKANKEAKEVDKANKEVKEVDKAPAKKPKAKTEAAKAEGGGKAKKEPPKAKAKDVKAQKDSTDEGAPVKAGKKGKKVTN',
null);
INSERT INTO `curatedhitdb`.`sequence`
(`accession`,
`variant`,
`gi`,
`ncbi_gene_id`,
`hgnc_gene_name`,
`taxonomy_id`,
`organism`,
`phylum`,
`class`,
`taxonomy_group`,
`info`,
`sequence`,
`variant_under_consideration`)
VALUES
('NP_001086753.1',
'cH2B_(Vertebrata)',
'148222089',
null,
null,
8355,
'Xenopus laevis',
'Chordata',
'Amphibia',
null,
null,
'MPEPAKSAPAPKKGSKKAVTKTQKKDGKKRRKSRKESYAIYVYKVLKQVHPDTGISSKAMSIMNSFVNDVFERIAGEASRLAHYNKRSTITSREIQTAVRLLLPGELAKHAVSEGTKAVTKYTSAK',
null);
INSERT INTO `curatedhitdb`.`sequence`
(`accession`,
`variant`,
`gi`,
`ncbi_gene_id`,
`hgnc_gene_name`,
`taxonomy_id`,
`organism`,
`phylum`,
`class`,
`taxonomy_group`,
`info`,
`sequence`,
`variant_under_consideration`)
VALUES
('NP_001087926.1',
'cH4',
'148228507',
null,
null,
8355,
'Xenopus laevis',
'Chordata',
'Amphibia',
null,
null,
'MSGRGKGGKGLGKGGAKRHRKVLRDNIQGITKPAIRRLARRGGVKRISGLIYEETRGVLKVFLENVIRDAVTYTEHAKRKTVTAMDVVYALKRQGRTLYGFGG',
null);
INSERT INTO `curatedhitdb`.`sequence`
(`accession`,
`variant`,
`gi`,
`ncbi_gene_id`,
`hgnc_gene_name`,
`taxonomy_id`,
`organism`,
`phylum`,
`class`,
`taxonomy_group`,
`info`,
`sequence`,
`variant_under_consideration`)
VALUES
('NP_001087948.1',
'cH2A_(Vertebrata)',
'147898582',
null,
null,
8355,
'Xenopus laevis',
'Chordata',
'Amphibia',
null,
null,
'MSGRGKQGGKTRAKAKTRSSRAGLQFPVGRVHRLLRKGNYAERVGAGAPVYLAAVLEYLTAEILELAGNAARDNKKTRIIPRHLQLAVRNDEELNKLLGRVTIAQGGVLPNIQSVLLPKKTESSKSAKSK',
null);
INSERT INTO `curatedhitdb`.`sequence_has_publication`
(`sequence_accession`,
`publication_id`)
VALUES
('NP_001087948.1',
'22650316');
INSERT INTO `curatedhitdb`.`sequence_has_publication`
(`sequence_accession`,
`publication_id`)
VALUES
('NP_001087948.1',
'26989147');
INSERT INTO `curatedhitdb`.`sequence`
(`accession`,
`variant`,
`gi`,
`ncbi_gene_id`,
`hgnc_gene_name`,
`taxonomy_id`,
`organism`,
`phylum`,
`class`,
`taxonomy_group`,
`info`,
`sequence`,
`variant_under_consideration`)
VALUES
('NP_001087957.1',
'TS_H1.6',
'147901299',
null,
null,
8355,
'Xenopus laevis',
'Chordata',
'Amphibia',
null,
null,
'MAATTESAPVAPPAEPAAAKKTKKQQPKKVAGGAKAKKPSGPSASELIVKAVSASKERSGVSLAALKKALAAGGYDVDKNNSRLKLALKALVTKGTLTQVKGSGASGSFKLNKKQPETKDKAAKKKPAAPKAKKPAAGAKKAPKSPKKPKKVSAAAKSPKKVKKPAKAAKSPKKPKAVKAKKVAKSPAKKATKPKTAKSPAKAKVAKPKAAKAKKPAPKK',
null);
INSERT INTO `curatedhitdb`.`sequence`
(`accession`,
`variant`,
`gi`,
`ncbi_gene_id`,
`hgnc_gene_name`,
`taxonomy_id`,
`organism`,
`phylum`,
`class`,
`taxonomy_group`,
`info`,
`sequence`,
`variant_under_consideration`)
VALUES
('NP_001091119.1',
'cH3',
'148234575',
null,
null,
8355,
'Xenopus laevis',
'Chordata',
'Amphibia',
null,
null,
'MARTKQTARKSTGGKAPRKQLATKAARKSAPATGGVKKPHRYRPGTVALREIRRYQKSTELLIRKLPFQRLVREIAQDFKTDLRFQSSAVMALQEASEAYLVGLFEDTNLCGIHAKRVTIMPKDIQLARRIRGERA',
null);
INSERT INTO `curatedhitdb`.`sequence`
(`accession`,
`variant`,
`gi`,
`ncbi_gene_id`,
`hgnc_gene_name`,
`taxonomy_id`,
`organism`,
`phylum`,
`class`,
`taxonomy_group`,
`info`,
`sequence`,
`variant_under_consideration`)
VALUES
('NP_001096135.1',
'H2A.B.3_(Mus_musculus)',
'100039319',
null,
null,
10090,
'Mus musculus',
'Chordata',
'Mammalia',
null,
'encoded by H2ab1 gene',
'MPRNRENCLRESSGRRHRRSRTSRAELIFAVSLVEQHLREISRAWRLSDMVPIFLAAILESLTRRLLELAGNEAQRRGTERRITPELLDLAVYSNMELSDVFQFITISQVAPAHR',
null);
INSERT INTO `curatedhitdb`.`sequence_has_publication`
(`sequence_accession`,
`publication_id`)
VALUES
('NP_001096135.1',
'22650316');
INSERT INTO `curatedhitdb`.`sequence_has_publication`
(`sequence_accession`,
`publication_id`)
VALUES
('NP_001096135.1',
'26989147');
INSERT INTO `curatedhitdb`.`sequence`
(`accession`,
`variant`,
`gi`,
`ncbi_gene_id`,
`hgnc_gene_name`,
`taxonomy_id`,
`organism`,
`phylum`,
`class`,
`taxonomy_group`,
`info`,
`sequence`,
`variant_under_consideration`)
VALUES
('NP_001102761.1',
'H2A.X_(Mammalia)',
'157817664',
null,
null,
10116,
'Rattus norvegicus',
'Chordata',
'Mammalia',
null,
null,
'MSGRGKTGGKARAKAKSRSSRAGLQFPVGRVHRLLRKGHYAERVGAGAPVYLAAVLEYLTAEILELAGNAARDNKKTRIIPRHLQLAIRNDEELNKLLGGVTIAQGGVLPNIQAVLLPKKTSATVGPKAPAGGKKASQASQEY',
null);
INSERT INTO `curatedhitdb`.`sequence_has_publication`
(`sequence_accession`,
`publication_id`)
VALUES
('NP_001102761.1',
'22650316');
INSERT INTO `curatedhitdb`.`sequence_has_publication`
(`sequence_accession`,
`publication_id`)
VALUES
('NP_001102761.1',
'26989147');
INSERT INTO `curatedhitdb`.`sequence`
(`accession`,
`variant`,
`gi`,
`ncbi_gene_id`,
`hgnc_gene_name`,
`taxonomy_id`,
`organism`,
`phylum`,
`class`,
`taxonomy_group`,
`info`,
`sequence`,
`variant_under_consideration`)
VALUES
('NP_001103035.1',
'TS_H1.9',
'157818369',
null,
null,
10116,
'Rattus norvegicus',
'Chordata',
'Mammalia',
null,
null,
'MSLVSPSPDSNAVMAGDQDASTSQVPSQSESKIGPNVATQTLRKPTMSKVILRTVADKGVHSRVSLAALKKAVSITGYNMAQNTWRFKRVLQNLVKKGMLKQVTGKGASGSFRLGKKQAFKSKCKAKRRQRRQKPGQRRTGSRRSLLGSKKSNNRLFKGVRRVAKGRRH',
null);
INSERT INTO `curatedhitdb`.`sequence`
(`accession`,
`variant`,
`gi`,
`ncbi_gene_id`,
`hgnc_gene_name`,
`taxonomy_id`,
`organism`,
`phylum`,
`class`,
`taxonomy_group`,
`info`,
`sequence`,
`variant_under_consideration`)
VALUES
('NP_001105357.1',
'H2A.W',
'162458988',
null,
null,
4577,
'Zea mays',
'Streptophyta',
'Magnoliopsida',
null,
null,
'MDSTGTGAGGKGKKGAAGRKVGGPRKKSVSRSVKAGLQFPVGRIGRYLKKGRYAQXVGTGAPVYLAAVLEYLAAEVLELAGNAARDNKKTRIIPRHVLLAIRNDEELGKLLGGVTIAHGGVLPNINPVLLPKKTAEKASSGGSKEAKSPKKAAKSPKKA',
null);
INSERT INTO `curatedhitdb`.`sequence_has_publication`
(`sequence_accession`,
`publication_id`)
VALUES
('NP_001105357.1',
'22650316');
INSERT INTO `curatedhitdb`.`sequence_has_publication`
(`sequence_accession`,
`publication_id`)
VALUES
('NP_001105357.1',
'26989147');
INSERT INTO `curatedhitdb`.`sequence`
(`accession`,
`variant`,
`gi`,
`ncbi_gene_id`,
`hgnc_gene_name`,
`taxonomy_id`,
`organism`,
`phylum`,
`class`,
`taxonomy_group`,
`info`,
`sequence`,
`variant_under_consideration`)
VALUES
('NP_001116847.1',
'cH3.2_(Homo_sapiens)',
null,
'653604',
'H3C13',
9606,
'Homo sapiens',
'Chordata',
'Mammalia',
'Mammalia',
null,
'MARTKQTARKSTGGKAPRKQLATKAARKSAPATGGVKKPHRYRPGTVALREIRRYQKSTELLIRKLPFQRLVREIAQDFKTDLRFQSSAVMALQEASEAYLVGLFEDTNLCAIHAKRVTIMPKDIQLARRIRGERA',
null);
INSERT INTO `curatedhitdb`.`sequence_has_publication`
(`sequence_accession`,
`publication_id`)
VALUES
('NP_001116847.1',
'12408966');
INSERT INTO `curatedhitdb`.`sequence`
(`accession`,
`variant`,
`gi`,
`ncbi_gene_id`,
`hgnc_gene_name`,
`taxonomy_id`,
`organism`,
`phylum`,
`class`,
`taxonomy_group`,
`info`,
`sequence`,
`variant_under_consideration`)
VALUES
('NP_001127680.1',
'H1.0',
'197098626',
null,
null,
9601,
'Pongo abelii',
'Chordata',
'Mammalia',
null,
null,
'MTENSTSAPAAKPKRAKASKKSTDHPKYSDMVVAAIQAEKNRAGSSRQSIQKYIKSHYKVGENADSQIKLSIKRLVTTGVLKQTKGVGASGSFRLAKSDEPKKSVAFKKTKKEIKKVATPKKASKPKKAASKAPTKKPKATPVKKAKKKLAATPKKAKKPKTVKAKPVKASKPKKAKPVKPKAKSSAKRAGKKK',
null);
INSERT INTO `curatedhitdb`.`sequence`
(`accession`,
`variant`,
`gi`,
`ncbi_gene_id`,
`hgnc_gene_name`,
`taxonomy_id`,
`organism`,
`phylum`,
`class`,
`taxonomy_group`,
`info`,
`sequence`,
`variant_under_consideration`)
VALUES
('NP_001128070.1',
'H2A.P',
'197386154',
null,
null,
10116,
'Rattus norvegicus',
'Chordata',
'Mammalia',
null,
null,
'MSGKKSQEKACSDNKQTEDPSSRPEVQVPVNYVYRLLQEEQYTPCLGSTTSDFLLAMLDYLTDYILEVVGSEANINSQQNISQDRERQRENDREPPQAFKNAPFSLFDEMPGPRRNG',
null);
INSERT INTO `curatedhitdb`.`sequence_has_publication`
(`sequence_accession`,
`publication_id`)
VALUES
('NP_001128070.1',
'22650316');
INSERT INTO `curatedhitdb`.`sequence_has_publication`
(`sequence_accession`,
`publication_id`)
VALUES
('NP_001128070.1',
'26989147');
INSERT INTO `curatedhitdb`.`sequence`
(`accession`,
`variant`,
`gi`,
`ncbi_gene_id`,
`hgnc_gene_name`,
`taxonomy_id`,
`organism`,
`phylum`,
`class`,
`taxonomy_group`,
`info`,
`sequence`,
`variant_under_consideration`)
VALUES
('NP_001131585.1',
'cH4',
'212722314',
null,
null,
4577,
'Zea mays',
'Streptophyta',
'Magnoliopsida',
null,
null,
'MSGRGKGGKGLGKGGAKRHRKVLRDNIQGITKPAIRRLARRGGVKRISGLIYEETRGVLKIFLENVIRDAVTYTEHARRKTVTAMDVVYALKRQGRTLYGFGG',
null);
INSERT INTO `curatedhitdb`.`sequence`
(`accession`,
`variant`,
`gi`,
`ncbi_gene_id`,
`hgnc_gene_name`,
`taxonomy_id`,
`organism`,
`phylum`,
`class`,
`taxonomy_group`,
`info`,
`sequence`,
`variant_under_consideration`)
VALUES
('NP_001132837.1',
'cH2A_(Embryophyta)',
'212723398',
null,
null,
4577,
'Zea mays',
'Streptophyta',
'Magnoliopsida',
null,
null,
'MAGRGKAIGSGAAKKATSRSSKAGLQFPVGRIARFLKAGKYAERVGAGAPVYLAAVLEYLAAEVLELAGNAARDNKKTRIVPRHIQLAVRNDEELSRLLGTVTIASGGVMPNIHNLLLPKKAGGGSAKAAAGDED',
null);
INSERT INTO `curatedhitdb`.`sequence_has_publication`
(`sequence_accession`,
`publication_id`)
VALUES
('NP_001132837.1',
'22650316');
INSERT INTO `curatedhitdb`.`sequence_has_publication`
(`sequence_accession`,
`publication_id`)
VALUES
('NP_001132837.1',
'26989147');
INSERT INTO `curatedhitdb`.`sequence`
(`accession`,
`variant`,
`gi`,
`ncbi_gene_id`,
`hgnc_gene_name`,
`taxonomy_id`,
`organism`,
`phylum`,
`class`,
`taxonomy_group`,
`info`,
`sequence`,
`variant_under_consideration`)
VALUES
('NP_001136523.1',
'H2A.Z',
'219362481',
null,
null,
4577,
'Zea mays',
'Streptophyta',
'Magnoliopsida',
null,
null,
'MAGKGGKGLLAAKTTAAKSAEKDKGKKAPISRSSRAGLQFPVGRIHRQLKQRTQANGRVGATAAVYSAAILEYLTAEVLELAGNASKDLKVKRITPRHLQLAIRGDEELDTLIKGTIAGGGVIPHIHKSLINKSSKE',
null);
INSERT INTO `curatedhitdb`.`sequence_has_publication`
(`sequence_accession`,
`publication_id`)
VALUES
('NP_001136523.1',
'22650316');
INSERT INTO `curatedhitdb`.`sequence_has_publication`
(`sequence_accession`,
`publication_id`)
VALUES
('NP_001136523.1',
'26989147');
INSERT INTO `curatedhitdb`.`sequence`
(`accession`,
`variant`,
`gi`,
`ncbi_gene_id`,
`hgnc_gene_name`,
`taxonomy_id`,
`organism`,
`phylum`,
`class`,
`taxonomy_group`,
`info`,
`sequence`,
`variant_under_consideration`)
VALUES
('NP_001141182.1',
'H2A.W',
'226492688',
null,
null,
4577,
'Zea mays',
'Streptophyta',
'Magnoliopsida',
null,
null,
'MDVSGAGGKAKKGAAGRKAGGPTKKSVSRSSRAGLQFPVSRVGRYLKKGRYAQRVGTGAPVYLAAVLEYLAAEVLELAGNAARDNKKTRIIPRHVLLAIRNDEELGKLLAGVTIAHGGVLPNIHTVLLPKKVAEKAAKEPKKAAKSPKKA',
null);
INSERT INTO `curatedhitdb`.`sequence_has_publication`
(`sequence_accession`,
`publication_id`)
VALUES
('NP_001141182.1',
'22650316');
INSERT INTO `curatedhitdb`.`sequence_has_publication`
(`sequence_accession`,
`publication_id`)
VALUES
('NP_001141182.1',
'26989147');
INSERT INTO `curatedhitdb`.`sequence`
(`accession`,
`variant`,
`gi`,
`ncbi_gene_id`,
`hgnc_gene_name`,
`taxonomy_id`,
`organism`,
`phylum`,
`class`,
`taxonomy_group`,
`info`,
`sequence`,
`variant_under_consideration`)
VALUES
('NP_001141633.1',
'H2A.Z',
'226532207',
null,
null,
4577,
'Zea mays',
'Streptophyta',
'Magnoliopsida',
null,
null,
'MAGKGGKGLLAAKTTAAKSTDKDKDRKKAPVSRSSRAGLQFPVGRIHRQLKSRASAHGRVGATAAVYSAAILEYLTAEVLELAGNASKDLKVKRITPRHLQLAIRGDEELDTLIKGTIAGGGVIPHIHKSLINKTAKE',
null);
INSERT INTO `curatedhitdb`.`sequence_has_publication`
(`sequence_accession`,
`publication_id`)
VALUES
('NP_001141633.1',
'22650316');
INSERT INTO `curatedhitdb`.`sequence_has_publication`
(`sequence_accession`,
`publication_id`)
VALUES
('NP_001141633.1',
'26989147');
INSERT INTO `curatedhitdb`.`sequence`
(`accession`,
`variant`,
`gi`,
`ncbi_gene_id`,
`hgnc_gene_name`,
`taxonomy_id`,
`organism`,
`phylum`,
`class`,
`taxonomy_group`,
`info`,
`sequence`,
`variant_under_consideration`)
VALUES
('NP_001141988.1',
'cH2A_(Embryophyta)',
'226504426',
null,
null,
4577,
'Zea mays',
'Streptophyta',
'Magnoliopsida',
null,
null,
'MAGRGKAIGAGAAKKATSRSSKAGLQFPVGRIARFLKAGKYAERVGAGAPVYLAAVLEYLAAEVLELAGNAARDNKKTRIVPRHIQLAVRNDEELTKLLGGATIASGGVMPNIHQHLLPKKAASSKASVDDDDN',
null);
INSERT INTO `curatedhitdb`.`sequence_has_publication`
(`sequence_accession`,
`publication_id`)
VALUES
('NP_001141988.1',
'22650316');
INSERT INTO `curatedhitdb`.`sequence_has_publication`
(`sequence_accession`,
`publication_id`)
VALUES
('NP_001141988.1',
'26989147');
INSERT INTO `curatedhitdb`.`sequence`
(`accession`,
`variant`,
`gi`,
`ncbi_gene_id`,
`hgnc_gene_name`,
`taxonomy_id`,
`organism`,
`phylum`,
`class`,
`taxonomy_group`,
`info`,
`sequence`,
`variant_under_consideration`)
VALUES
('NP_001154806.1',
'cH2B.12_(Homo_sapiens)',
null,
'440689',
'H2BC18',
9606,
'Homo sapiens',
'Chordata',
'Mammalia',
'Mammalia',
null,
'MPDPAKSAPAPKKGSKKAVTKVQKKDGKKRKRSRKESYSVYVYKVLKQVHPDTGISSKAMGIMNSFVNDIFERIAGEASRLAHYNKRSTITSREIQTAVRLLLPGELAKHAVSEGTKAVTKYTSSKLIGPILWK',
null);
INSERT INTO `curatedhitdb`.`sequence_has_publication`
(`sequence_accession`,
`publication_id`)
VALUES
('NP_001154806.1',
'12408966');
INSERT INTO `curatedhitdb`.`sequence_has_publication`
(`sequence_accession`,
`publication_id`)
VALUES
('NP_001154806.1',
'25731851');
INSERT INTO `curatedhitdb`.`sequence`
(`accession`,
`variant`,
`gi`,
`ncbi_gene_id`,
`hgnc_gene_name`,
`taxonomy_id`,
`organism`,
`phylum`,
`class`,
`taxonomy_group`,
`info`,
`sequence`,
`variant_under_consideration`)
VALUES
('NP_001180643.1',
'cH3',
'302565464',
null,
null,
9544,
'Macaca mulatta',
'Chordata',
'Mammalia',
null,
null,
'MARTKQTARKSTGGKAPRKQLATKAARKSAPATGGVKKPHRYRPGTVALREIRRYQKSTELLIRKLPFQRLVREIAQDFKTDLRFQSSAVMALQEACEAYLVGLFEDTNLCAIHAKRVTIMPKDIQLARRIRGERA',
null);
INSERT INTO `curatedhitdb`.`sequence`
(`accession`,
`variant`,
`gi`,
`ncbi_gene_id`,
`hgnc_gene_name`,
`taxonomy_id`,
`organism`,
`phylum`,
`class`,
`taxonomy_group`,
`info`,
`sequence`,
`variant_under_consideration`)
VALUES
('NP_001180653.1',
'cH2A_(Mammalia)',
'302565564',
null,
null,
9544,
'Macaca mulatta',
'Chordata',
'Mammalia',
null,
null,
'MSGRGKQGGKARAKAKTRSSRAGLQFPVGRVHRLLRKGNYSERVGAGAPVYLAAVLEYLTAEILELAGNAARDNKKTRIIPRHLQLAIRNDEELNKLLGRVTIAQGGVLPNIQAVLLPKKTESHHKAKGK',
null);
INSERT INTO `curatedhitdb`.`sequence_has_publication`
(`sequence_accession`,
`publication_id`)
VALUES
('NP_001180653.1',
'22650316');
INSERT INTO `curatedhitdb`.`sequence_has_publication`
(`sequence_accession`,
`publication_id`)
VALUES
('NP_001180653.1',
'26989147');
INSERT INTO `curatedhitdb`.`sequence`
(`accession`,
`variant`,
`gi`,
`ncbi_gene_id`,
`hgnc_gene_name`,
`taxonomy_id`,
`organism`,
`phylum`,
`class`,
`taxonomy_group`,
`info`,
`sequence`,
`variant_under_consideration`)
VALUES
('NP_001180843.1',
'H2A.B',
'302564935',
null,
null,
9544,
'Macaca mulatta',
'Chordata',
'Mammalia',
null,
null,
'MSERRSHRRSSRAGGRGRTRSRTVRAELSFSVSQVERGLREGHYAQRLSPTAPVYLAAVIEYLTAKVLELAGNEAQNNGERNITPLLLDMAVHNNRLLSTLFDTTTISQVAPGGD',
null);
INSERT INTO `curatedhitdb`.`sequence_has_publication`
(`sequence_accession`,
`publication_id`)
VALUES
('NP_001180843.1',
'22650316');
INSERT INTO `curatedhitdb`.`sequence_has_publication`
(`sequence_accession`,
`publication_id`)
VALUES
('NP_001180843.1',
'26989147');
INSERT INTO `curatedhitdb`.`sequence`
(`accession`,
`variant`,
`gi`,
`ncbi_gene_id`,
`hgnc_gene_name`,
`taxonomy_id`,
`organism`,
`phylum`,
`class`,
`taxonomy_group`,
`info`,
`sequence`,
`variant_under_consideration`)
VALUES
('NP_001180847.1',
'H2B.W',
'302564969',
null,
null,
9544,
'Macaca mulatta',
'Chordata',
'Mammalia',
null,
null,
'MLRTQVPPLLRSTTAIVWSCRVMAAASAMAEPSSETTSEEQLITQEPKEANSTMAQKQSKQRKRGRRGPCRCHANCRGDSFATYFRRVLKQVHQGLSLSREAVSVMDSLVHDILDRIATEAGRLARSTKRQTITAWETRIAVRLLLPGEMGKLAESEGTKAVLRTSLYAVQQQRK',
null);
INSERT INTO `curatedhitdb`.`sequence`
(`accession`,
`variant`,
`gi`,
`ncbi_gene_id`,
`hgnc_gene_name`,
`taxonomy_id`,
`organism`,
`phylum`,
`class`,
`taxonomy_group`,
`info`,
`sequence`,
`variant_under_consideration`)
VALUES
('NP_001183143.1',
'H2A.W',
'308080448',
null,
null,
4577,
'Zea mays',
'Streptophyta',
'Magnoliopsida',
null,
null,
'MDASGAGSKAKKGAAGRKAGGPRKKSVSRSVKAGLQFPVGRIGRYLKKGRYAQRVGTGAPVYLAAVLEYLAAEVLELAGNAAKDNKKTRIVPRHVLLAIRNDVELGKLLAGVTIAHGGVLPNINPVLLPKKVAEKASSGGSKESKSPKKAAKSPKKAAKSPKKA',
null);
INSERT INTO `curatedhitdb`.`sequence_has_publication`
(`sequence_accession`,
`publication_id`)
VALUES
('NP_001183143.1',
'22650316');
INSERT INTO `curatedhitdb`.`sequence_has_publication`
(`sequence_accession`,
`publication_id`)
VALUES
('NP_001183143.1',
'26989147');
INSERT INTO `curatedhitdb`.`sequence`
(`accession`,
`variant`,
`gi`,
`ncbi_gene_id`,
`hgnc_gene_name`,
`taxonomy_id`,
`organism`,
`phylum`,
`class`,
`taxonomy_group`,
`info`,
`sequence`,
`variant_under_consideration`)
VALUES
('NP_001183439.1',
'H2A.W',
'308081862',
null,
null,
4577,
'Zea mays',
'Streptophyta',
'Magnoliopsida',
null,
null,
'MDASGAGSKGKKGAAGRKAGGPRKKSVTRSVKAGLQFPVGRIGRYLKKGRYAQRVGTGAPVYLAAVLEYLAAEVLELAGNAAKDNKKTRIIPRHVLLAIRNDEELGKLLAGVTIAHGGVLPNIHSVLLPKKAAEKAASGGSKEPKSPKKGAKSPKKA',
null);
INSERT INTO `curatedhitdb`.`sequence_has_publication`
(`sequence_accession`,
`publication_id`)
VALUES
('NP_001183439.1',
'22650316');
INSERT INTO `curatedhitdb`.`sequence_has_publication`
(`sequence_accession`,
`publication_id`)
VALUES
('NP_001183439.1',
'26989147');
INSERT INTO `curatedhitdb`.`sequence`
(`accession`,
`variant`,
`gi`,
`ncbi_gene_id`,
`hgnc_gene_name`,
`taxonomy_id`,
`organism`,
`phylum`,
`class`,
`taxonomy_group`,
`info`,
`sequence`,
`variant_under_consideration`)
VALUES
('NP_001183510.1',
'H2A.W',
'308080088',
null,
null,
4577,
'Zea mays',
'Streptophyta',
'Magnoliopsida',
null,
null,
'MDASAAGAGGKAKKGAAGRKAGGPRKKSVTRSVKAGLQFPVGRIGRYLKKGRYAQRVGTGAPVYLAAVLEYLAAEVLELAGNAAKDNKKTRIIPRHVLLAIRNDEELGKLLSGVTIAHGGVLPNINPVLLPKKTAEKAAAKEAKSPKKAAKSPKKA',
null);
INSERT INTO `curatedhitdb`.`sequence_has_publication`
(`sequence_accession`,
`publication_id`)
VALUES
('NP_001183510.1',
'22650316');
INSERT INTO `curatedhitdb`.`sequence_has_publication`
(`sequence_accession`,
`publication_id`)
VALUES
('NP_001183510.1',
'26989147');
INSERT INTO `curatedhitdb`.`sequence`
(`accession`,
`variant`,
`gi`,
`ncbi_gene_id`,
`hgnc_gene_name`,
`taxonomy_id`,
`organism`,
`phylum`,
`class`,
`taxonomy_group`,
`info`,
`sequence`,
`variant_under_consideration`)
VALUES
('NP_001190852.1',
'cH2A_(Embryophyta)',
'334186954',
null,
null,
3702,
'Arabidopsis thaliana',
'Streptophyta',
'Magnoliopsida',
null,
null,
'MAGRGKQLGSGAAKKSTSRSSKAGLQFPVGRIARFLKAGKYAERVGAGAPVYLAAVLEYLAAEVLELAGNAARDNKKTRIVPRHIQLAVRNDEELSKLLGDVTIANGGVMPNIHNLLLPKKAGSSKPTEED',
null);
INSERT INTO `curatedhitdb`.`sequence_has_publication`
(`sequence_accession`,
`publication_id`)
VALUES
('NP_001190852.1',
'22650316');
INSERT INTO `curatedhitdb`.`sequence_has_publication`
(`sequence_accession`,
`publication_id`)
VALUES
('NP_001190852.1',
'26989147');
INSERT INTO `curatedhitdb`.`sequence`
(`accession`,
`variant`,
`gi`,
`ncbi_gene_id`,
`hgnc_gene_name`,
`taxonomy_id`,
`organism`,
`phylum`,
`class`,
`taxonomy_group`,
`info`,
`sequence`,
`variant_under_consideration`)
VALUES
('NP_001192525.1',
'cH2A_(Mammalia)',
'329663492',
null,
null,
9913,
'Bos taurus',
'Chordata',
'Mammalia',
null,
null,
'MSGRGKQGGKARAKAKSRSSRAGLQFPVGRVHRLLRKGNYAERVGAGAPVYLAAVLEYLTAEILELAGNAARDNKKTRIIPRHLQLAIRNDEELNKLLGRVTIAQGGVLPNIQAVLLPKKTESHHKAKGK',
null);
INSERT INTO `curatedhitdb`.`sequence_has_publication`
(`sequence_accession`,
`publication_id`)
VALUES
('NP_001192525.1',
'22650316');
INSERT INTO `curatedhitdb`.`sequence_has_publication`
(`sequence_accession`,
`publication_id`)
VALUES
('NP_001192525.1',
'26989147');
INSERT INTO `curatedhitdb`.`sequence`
(`accession`,
`variant`,
`gi`,
`ncbi_gene_id`,
`hgnc_gene_name`,
`taxonomy_id`,
`organism`,
`phylum`,
`class`,
`taxonomy_group`,
`info`,
`sequence`,
`variant_under_consideration`)
VALUES
('NP_001243880.1',
'TS_H1.6',
'379643033',
null,
null,
9796,
'Equus caballus',
'Chordata',
'Mammalia',
null,
null,
'MSETAPAAPAEPVLSSMEKPPAKKRGKKPVGLTGGSRKVPGSSVSKLITEALSVSQERAGMSLAALKKALAAAGYDVEKNNRRIKLGLKSLVSKGTLVQTRGTGASGSFKLSKKATPEPAKGRVKKGASANAKKLVLPKGSKSPKSAKTNKRTSKARTPAAQPSARGGRKSKGAKGKQQLKSPGKGRTGKPKTGKPKLTQQRTNPRKTASKK',
null);
INSERT INTO `curatedhitdb`.`sequence`
(`accession`,
`variant`,
`gi`,
`ncbi_gene_id`,
`hgnc_gene_name`,
`taxonomy_id`,
`organism`,
`phylum`,
`class`,
`taxonomy_group`,
`info`,
`sequence`,
`variant_under_consideration`)
VALUES
('NP_001264267.1',
'macroH2A',
'472824980',
null,
null,
9031,
'Gallus gallus',
'Chordata',
'Aves',
null,
null,
'MSGRSGKKKMSKLSRSSRAGVIFPVGRMMRYLKKGTYKYRIGVGAPVYMAAVIEYLAAEILELAGNAARDNKKGRIAPRHILLAVANDEELNQLLKGVTIASGGVLPRIQPELLAKKRGAKGKSETILSPAPEKKGRKSMVSKKSGKKAKSNKARTPKKNKQKDSEKEGASNSTSEDGPGDGFTILSSKSLVPGQKLSLTQSDISHIGSMKVEGIVHPTTAEIDLKEEIGKALEKAGGKEFLETVKELRKSQGPLEVAEAALTQSSGLAAKFVIHCHIPQWGSDKCEEQLEETIKNCLTAAEDKKLKSVAFPPFPSGRNCFPKQTAAQVTLRAISTHFDGTSSSSLKNIYFLLFDSESIGIYVQEMAKLDTK',
null);
INSERT INTO `curatedhitdb`.`sequence_has_publication`
(`sequence_accession`,
`publication_id`)
VALUES
('NP_001264267.1',
'22650316');
INSERT INTO `curatedhitdb`.`sequence_has_publication`
(`sequence_accession`,
`publication_id`)
VALUES
('NP_001264267.1',
'26989147');
INSERT INTO `curatedhitdb`.`sequence`
(`accession`,
`variant`,
`gi`,
`ncbi_gene_id`,
`hgnc_gene_name`,
`taxonomy_id`,
`organism`,
`phylum`,
`class`,
`taxonomy_group`,
`info`,
`sequence`,
`variant_under_consideration`)
VALUES
('NP_001268409.1',
'cH3',
'527498246',
null,
null,
9031,
'Gallus gallus',
'Chordata',
'Aves',
null,
null,
'MARTKQTARKSTGGKAPRKQLATKAARKSAPATGGVKKPHRYRPGTVALREIRRYQKSTELLIRKLPFQRLVREIAQDFKTDLRFQSSAVMALQEASEAYLVGLFEDTNLCAIHAKRVTIMPKDIQLARRIRGERA',
null);
INSERT INTO `curatedhitdb`.`sequence`
(`accession`,
`variant`,
`gi`,
`ncbi_gene_id`,
`hgnc_gene_name`,
`taxonomy_id`,
`organism`,
`phylum`,
`class`,
`taxonomy_group`,
`info`,
`sequence`,
`variant_under_consideration`)
VALUES
('NP_001268459.1',
'H2A.B.2_(Mus_musculus)',
'528078357',
null,
null,
10090,
'Mus musculus',
'Chordata',
'Mammalia',
null,
'encoded by H2ab2 gene',
'MPRNTENCLQRSSGHRQHHSRTSRGELIFAVSLVEQHLREVSRARRLSDMVPVSLVAILEFLTSRLLELAGNEAQRRGTQRLITPQPLDLEVYSSMELSDVFQFITISQVAPAHR',
null);
INSERT INTO `curatedhitdb`.`sequence_has_publication`
(`sequence_accession`,
`publication_id`)
VALUES
('NP_001268459.1',
'22650316');
INSERT INTO `curatedhitdb`.`sequence_has_publication`
(`sequence_accession`,
`publication_id`)
VALUES
('NP_001268459.1',
'26989147');
INSERT INTO `curatedhitdb`.`sequence`
(`accession`,
`variant`,
`gi`,
`ncbi_gene_id`,
`hgnc_gene_name`,
`taxonomy_id`,
`organism`,
`phylum`,
`class`,
`taxonomy_group`,
`info`,
`sequence`,
`variant_under_consideration`)
VALUES
('NP_001268460.1',
'H2A.B.1_(Mus_musculus)',
'528078359',
null,
null,
10090,
'Mus musculus',
'Chordata',
'Mammalia',
null,
'encoded by H2ab3 gene',
'MPRNRENCLRESSGRRHRRSRTSRAELIFAVSLVEQHLREVSRARRLSDTVPIFLAAILESLTRRLLELAGNEAQRRGTERRITPELLDLAVYSNMELSDVFQFITISQVAPAHR',
null);
INSERT INTO `curatedhitdb`.`sequence_has_publication`
(`sequence_accession`,
`publication_id`)
VALUES
('NP_001268460.1',
'22650316');
INSERT INTO `curatedhitdb`.`sequence_has_publication`
(`sequence_accession`,
`publication_id`)
VALUES
('NP_001268460.1',
'26989147');
INSERT INTO `curatedhitdb`.`sequence`
(`accession`,
`variant`,
`gi`,
`ncbi_gene_id`,
`hgnc_gene_name`,
`taxonomy_id`,
`organism`,
`phylum`,
`class`,
`taxonomy_group`,
`info`,
`sequence`,
`variant_under_consideration`)
VALUES
('NP_001278724.1',
'H2A.W',
'620597319',
null,
null,
4577,
'Zea mays',
'Streptophyta',
'Magnoliopsida',
null,
null,
'MDAGAKVVKKAAAGRRGGGGPKKKPVSRSVKAGLQFPVGRIGRYLKQGRYSQRVGTGAPVYLAAVLEYLAAELLELAGNAARDNKKNRIIPRHVLLAIRNDEELGKLLAGVTIAHGGVLPNINPVLLPKKTAVAAAKEGKEKKSPKKAAAAKSPKKVAAS',
null);
INSERT INTO `curatedhitdb`.`sequence_has_publication`
(`sequence_accession`,
`publication_id`)
VALUES
('NP_001278724.1',
'22650316');
INSERT INTO `curatedhitdb`.`sequence_has_publication`
(`sequence_accession`,
`publication_id`)
VALUES
('NP_001278724.1',
'26989147');
INSERT INTO `curatedhitdb`.`sequence`
(`accession`,
`variant`,
`gi`,
`ncbi_gene_id`,
`hgnc_gene_name`,
`taxonomy_id`,
`organism`,
`phylum`,
`class`,
`taxonomy_group`,
`info`,
`sequence`,
`variant_under_consideration`)
VALUES
('NP_001281214.1',
'H2A.W',
'659928085',
null,
null,
4577,
'Zea mays',
'Streptophyta',
'Magnoliopsida',
null,
null,
'MDATGTGAGGKAKKGAAGRKAGGPRKKSVTRSVKAGLQFPVGRIGRYLKKGRYAQRVGSGAPVYLAAVLEYLAAEVLELAGNAAKDNKKTRIVPRHVLLAIRNDEELGKLLTGVTIAHGGVLPNINPVLLPKKTAEKASSGGSKEAKSPKKAAKSPKKA',
null);
INSERT INTO `curatedhitdb`.`sequence_has_publication`
(`sequence_accession`,
`publication_id`)
VALUES
('NP_001281214.1',
'22650316');
INSERT INTO `curatedhitdb`.`sequence_has_publication`
(`sequence_accession`,
`publication_id`)
VALUES
('NP_001281214.1',
'26989147');
INSERT INTO `curatedhitdb`.`sequence`
(`accession`,
`variant`,
`gi`,
`ncbi_gene_id`,
`hgnc_gene_name`,
`taxonomy_id`,
`organism`,
`phylum`,
`class`,
`taxonomy_group`,
`info`,
`sequence`,
`variant_under_consideration`)
VALUES
('NP_001295191.1',
null,
null,
'132243',
'H1-8',
9606,
'Homo sapiens',
'Chordata',
'Mammalia',
'Mammalia',
null,
'MAPATAPRRAGEAKGKGPKKPSEAKEDPPNVGKVKKAAKRPAKVQKPPPKPGAATEKARKQGGAAKDTRAQSGEARKVPPKPDKAMRAPSSAGGLSRKAKAKGSRSSQGDAEAYRKTKAESKSSKPTASKVKNGAASPTKKKVVAKAKAPKAGQGPNTKAAAPAKGSGSKVVPAHLSRKTEAPKGPRKAGLPIKASSSKVSSQRAEA',
'H1.8_(Homo_sapiens)');
INSERT INTO `curatedhitdb`.`sequence_has_publication`
(`sequence_accession`,
`publication_id`)
VALUES
('NP_001295191.1',
'26689747');
INSERT INTO `curatedhitdb`.`sequence`
(`accession`,
`variant`,
`gi`,
`ncbi_gene_id`,
`hgnc_gene_name`,
`taxonomy_id`,
`organism`,
`phylum`,
`class`,
`taxonomy_group`,
`info`,
`sequence`,
`variant_under_consideration`)
VALUES
('NP_001299582.1',
'cH2B.7_(Homo_sapiens)',
null,
'85236',
'H2BC12',
9606,
'Homo sapiens',
'Chordata',
'Mammalia',
'Mammalia',
null,
'MPEPAKSAPAPKKGSKKAVTKAQKKDGKKRKRSRKESYSVYVYKVLKQVHPDTGISSKAMGIMNSFVNDIFERIAGEASRLAHYNKRSTITSREIQTAVRLLLPGELAKHAVSEGTKAVTKYTSAK',
null);
INSERT INTO `curatedhitdb`.`sequence_has_publication`
(`sequence_accession`,
`publication_id`)
VALUES
('NP_001299582.1',
'12408966');
INSERT INTO `curatedhitdb`.`sequence_has_publication`
(`sequence_accession`,
`publication_id`)
VALUES
('NP_001299582.1',
'25731851');
INSERT INTO `curatedhitdb`.`sequence`
(`accession`,
`variant`,
`gi`,
`ncbi_gene_id`,
`hgnc_gene_name`,
`taxonomy_id`,
`organism`,
`phylum`,
`class`,
`taxonomy_group`,
`info`,
`sequence`,
`variant_under_consideration`)
VALUES
('NP_001342187.1',
null,
null,
'391769',
'H3Y1',
9606,
'Homo sapiens',
'Chordata',
'Mammalia',
'Mammalia',
null,
'MARTKQTARKATAWQAPRKPLATKAAGKRAPPTGGIKKPHRYKPGTLALREIRKYQKSTQLLLRKLPFQRLVREIAQAISPDLRFQSAAIGALQEASEAYLVQLFEDTNLCAIHARRVTIMPRDMQLARRLRREGP',
'H3.Y.1_(Homo_sapiens)');
INSERT INTO `curatedhitdb`.`sequence_has_publication`
(`sequence_accession`,
`publication_id`)
VALUES
('NP_001342187.1',
'20819935');
INSERT INTO `curatedhitdb`.`sequence`
(`accession`,
`variant`,
`gi`,
`ncbi_gene_id`,
`hgnc_gene_name`,
`taxonomy_id`,
`organism`,
`phylum`,
`class`,
`taxonomy_group`,
`info`,
`sequence`,
`variant_under_consideration`)
VALUES
('NP_001356054.2',
'H2B.K_(Homo_sapiens)',
null,
'114483833',
'H2BK1',
9606,
'Homo sapiens',
'Chordata',
'Mammalia',
'Mammalia',
null,
'MSAEYGQRQQPGGRGGRSSGNKKSKKRCRRKESYSMYIYKVLKQVHPDIGISAKAMSIMNSFVNDVFEQLACEAARLAQYSGRTTLTSREVQTAVRLLLPGELAKHAVSEGTKAVTKYTSSK',
null);
INSERT INTO `curatedhitdb`.`publication`
(`id`,
`title`,
`doi`,
`author`,
`year`)
VALUES
('31537640',
null,
null,
null,
null);
INSERT INTO `curatedhitdb`.`sequence_has_publication`
(`sequence_accession`,
`publication_id`)
VALUES
('NP_001356054.2',
'31537640');
INSERT INTO `curatedhitdb`.`sequence_has_publication`
(`sequence_accession`,
`publication_id`)
VALUES
('NP_001356054.2',
'35099534');
INSERT INTO `curatedhitdb`.`sequence`
(`accession`,
`variant`,
`gi`,
`ncbi_gene_id`,
`hgnc_gene_name`,
`taxonomy_id`,
`organism`,
`phylum`,
`class`,
`taxonomy_group`,
`info`,
`sequence`,
`variant_under_consideration`)
VALUES
('NP_001358848.1',
null,
null,
'340096',
'H3Y2',
9606,
'Homo sapiens',
'Chordata',
'Mammalia',
'Mammalia',
null,
'MARTKQTARKATAWQAPRKPLATKAARKRASPTGGIKKPHRYKPGTLALREIRKYQKSTQLLLRKLPFQRLVREIAQAISPDLRFQSAAIGALQEASEAYLVQLFEDTNLCAIHARRVTIMPRDMQLARRLRGEGAGEPTLLGNLAL',
'H3.Y.2_(Homo_sapiens)');
INSERT INTO `curatedhitdb`.`sequence_has_publication`
(`sequence_accession`,
`publication_id`)
VALUES
('NP_001358848.1',
'20819935');
INSERT INTO `curatedhitdb`.`sequence`
(`accession`,
`variant`,
`gi`,
`ncbi_gene_id`,
`hgnc_gene_name`,
`taxonomy_id`,
`organism`,
`phylum`,
`class`,
`taxonomy_group`,
`info`,
`sequence`,
`variant_under_consideration`)
VALUES
('NP_001375393.1',
'H2B.W.2_(Homo_sapiens)',
null,
'286436',
'H2BW2',
9606,
'Homo sapiens',
'Chordata',
'Mammalia',
'Mammalia',
null,
'MAEASSETTSEEGQSIQEPKEANSTKAQKQKRRGCRGSRRRHANRRGDSFGDSFTPYFPRVLKQVHQGLSLSQEAVSVMDSMIHDILDRIATEAGQLAHYTKRVTITSRDIQMAVRLLLPGKMGKLAEAQGTNAALRTSLCAIWQQRK',
null);
INSERT INTO `curatedhitdb`.`sequence_has_publication`
(`sequence_accession`,
`publication_id`)
VALUES
('NP_001375393.1',
'15475252');
INSERT INTO `curatedhitdb`.`sequence_has_publication`
(`sequence_accession`,
`publication_id`)
VALUES
('NP_001375393.1',
'16449661');
INSERT INTO `curatedhitdb`.`sequence_has_publication`
(`sequence_accession`,
`publication_id`)
VALUES
('NP_001375393.1',
'25731851');
INSERT INTO `curatedhitdb`.`sequence`
(`accession`,
`variant`,
`gi`,
`ncbi_gene_id`,
`hgnc_gene_name`,
`taxonomy_id`,
`organism`,
`phylum`,
`class`,
`taxonomy_group`,
`info`,
`sequence`,
`variant_under_consideration`)
VALUES
('NP_001388269.1',
'H2B.N_(Homo_sapiens)',
null,
'124188214',
'H2BN1',
9606,
'Homo sapiens',
'Chordata',
'Mammalia',
'Mammalia',
null,
'MYFICLNDLRFPKNKTELYFPVKKKHEWANSATGKKRRWRKKRRKEAYFSYMGKILKQIHPDFSGRSWVLYALGALNAWQLEWVSLEAFRLSFYNHRRAITGREILGAVKQRSSQKSF',
null);
INSERT INTO `curatedhitdb`.`sequence_has_publication`
(`sequence_accession`,
`publication_id`)
VALUES
('NP_001388269.1',
'35099534');
INSERT INTO `curatedhitdb`.`sequence`
(`accession`,
`variant`,
`gi`,
`ncbi_gene_id`,
`hgnc_gene_name`,
`taxonomy_id`,
`organism`,
`phylum`,
`class`,
`taxonomy_group`,
`info`,
`sequence`,
`variant_under_consideration`)
VALUES
('NP_001800.1',
null,
null,
'1058',
'CENPA',
9606,
'Homo sapiens',
'Chordata',
'Mammalia',
'Mammalia',
null,
'MGPRRRSRKPEAPRRRSPSPTPTPGPSRRGPSLGASSHQHSRRRQGWLKEIRKLQKSTHLLIRKLPFSRLAREICVKFTRGVDFNWQAQALLALQEAAEAFLVHLFEDAYLLTLHAGRVTLFPKDVQLARRIRGLEEGLG',
'cenH3_(Homo_sapiens)');
INSERT INTO `curatedhitdb`.`sequence_has_publication`
(`sequence_accession`,
`publication_id`)
VALUES
('NP_001800.1',
'23324462');
INSERT INTO `curatedhitdb`.`sequence`
(`accession`,
`variant`,
`gi`,
`ncbi_gene_id`,
`hgnc_gene_name`,
`taxonomy_id`,
`organism`,
`phylum`,
`class`,
`taxonomy_group`,
`info`,
`sequence`,
`variant_under_consideration`)
VALUES
('NP_002096.1',
'H2A.X_(Homo_sapiens)',
null,
'3014',
'H2AX',
9606,
'Homo sapiens',
'Chordata',
'Mammalia',
'Mammalia',
null,
'MSGRGKTGGKARAKAKSRSSRAGLQFPVGRVHRLLRKGHYAERVGAGAPVYLAAVLEYLTAEILELAGNAARDNKKTRIIPRHLQLAIRNDEELNKLLGGVTIAQGGVLPNIQAVLLPKKTSATVGPKAPSGGKKATQASQEY',
null);
INSERT INTO `curatedhitdb`.`sequence_has_publication`
(`sequence_accession`,
`publication_id`)
VALUES
('NP_002096.1',
'12408966');
INSERT INTO `curatedhitdb`.`sequence_has_publication`
(`sequence_accession`,
`publication_id`)
VALUES
('NP_002096.1',
'25731851');
INSERT INTO `curatedhitdb`.`publication`
(`id`,
`title`,
`doi`,
`author`,
`year`)
VALUES
('33441544',
null,
null,
null,
null);
INSERT INTO `curatedhitdb`.`sequence_has_publication`
(`sequence_accession`,
`publication_id`)
VALUES
('NP_002096.1',
'33441544');
INSERT INTO `curatedhitdb`.`publication`
(`id`,
`title`,
`doi`,
`author`,
`year`)
VALUES
('33771851',
null,
null,
null,
null);
INSERT INTO `curatedhitdb`.`sequence_has_publication`
(`sequence_accession`,
`publication_id`)
VALUES
('NP_002096.1',
'33771851');
INSERT INTO `curatedhitdb`.`sequence`
(`accession`,
`variant`,
`gi`,
`ncbi_gene_id`,
`hgnc_gene_name`,
`taxonomy_id`,
`organism`,
`phylum`,
`class`,
`taxonomy_group`,
`info`,
`sequence`,
`variant_under_consideration`)
VALUES
('NP_002097.1',
'H2A.Z.1_(Homo_sapiens)',
null,
'3015',
'H2AZ1',
9606,
'Homo sapiens',
'Chordata',
'Mammalia',
'Mammalia',
null,
'MAGGKAGKDSGKAKTKAVSRSQRAGLQFPVGRIHRHLKSRTTSHGRVGATAAVYSAAILEYLTAEVLELAGNASKDLKVKRITPRHLQLAIRGDEELDSLIKATIAGGGVIPHIHKSLIGKKGQQKTV',
null);
INSERT INTO `curatedhitdb`.`sequence_has_publication`
(`sequence_accession`,
`publication_id`)
VALUES
('NP_002097.1',
'25731851');
INSERT INTO `curatedhitdb`.`sequence_has_publication`
(`sequence_accession`,
`publication_id`)
VALUES
('NP_002097.1',
'33771851');
INSERT INTO `curatedhitdb`.`sequence`
(`accession`,
`variant`,
`gi`,
`ncbi_gene_id`,
`hgnc_gene_name`,
`taxonomy_id`,
`organism`,
`phylum`,
`class`,
`taxonomy_group`,
`info`,
`sequence`,
`variant_under_consideration`)
VALUES
('NP_002098.1',
'H3.3_(Homo_sapiens)',
null,
'3020',
'H3-3A',
9606,
'Homo sapiens',
'Chordata',
'Mammalia',
'Mammalia',
null,
'MARTKQTARKSTGGKAPRKQLATKAARKSAPSTGGVKKPHRYRPGTVALREIRRYQKSTELLIRKLPFQRLVREIAQDFKTDLRFQSAAIGALQEASEAYLVGLFEDTNLCAIHAKRVTIMPKDIQLARRIRGERA',
null);
INSERT INTO `curatedhitdb`.`publication`
(`id`,
`title`,
`doi`,
`author`,
`year`)
VALUES
('19412883',
null,
null,
null,
null);
INSERT INTO `curatedhitdb`.`sequence_has_publication`
(`sequence_accession`,
`publication_id`)
VALUES
('NP_002098.1',
'19412883');
INSERT INTO `curatedhitdb`.`sequence`
(`accession`,
`variant`,
`gi`,
`ncbi_gene_id`,
`hgnc_gene_name`,
`taxonomy_id`,
`organism`,
`phylum`,
`class`,
`taxonomy_group`,
`info`,
`sequence`,
`variant_under_consideration`)
VALUES
('NP_003484.1',
null,
null,
'8290',
'H3-4',
9606,
'Homo sapiens',
'Chordata',
'Mammalia',
'Mammalia',
null,
'MARTKQTARKSTGGKAPRKQLATKVARKSAPATGGVKKPHRYRPGTVALREIRRYQKSTELLIRKLPFQRLMREIAQDFKTDLRFQSSAVMALQEACESYLVGLFEDTNLCVIHAKRVTIMPKDIQLARRIRGERA',
'H3.4_(Homo_sapiens)');
INSERT INTO `curatedhitdb`.`publication`
(`id`,
`title`,
`doi`,
`author`,
`year`)
VALUES
('8986613',
null,
null,
null,
null);
INSERT INTO `curatedhitdb`.`sequence_has_publication`
(`sequence_accession`,
`publication_id`)
VALUES
('NP_003484.1',
'8986613');
INSERT INTO `curatedhitdb`.`sequence`
(`accession`,
`variant`,
`gi`,
`ncbi_gene_id`,
`hgnc_gene_name`,
`taxonomy_id`,
`organism`,
`phylum`,
`class`,
`taxonomy_group`,
`info`,
`sequence`,
`variant_under_consideration`)
VALUES
('NP_003486.1',
null,
null,
'8294',
'H4C9',
9606,
'Homo sapiens',
'Chordata',
'Mammalia',
'Mammalia',
null,
'MSGRGKGGKGLGKGGAKRHRKVLRDNIQGITKPAIRRLARRGGVKRISGLIYEETRGVLKVFLENVIRDAVTYTEHAKRKTVTAMDVVYALKRQGRTLYGFGG',
'cH4_(Homo_sapiens)');
INSERT INTO `curatedhitdb`.`sequence_has_publication`
(`sequence_accession`,
`publication_id`)
VALUES
('NP_003486.1',
'12408966');
INSERT INTO `curatedhitdb`.`sequence`
(`accession`,
`variant`,
`gi`,
`ncbi_gene_id`,
`hgnc_gene_name`,
`taxonomy_id`,
`organism`,
`phylum`,
`class`,
`taxonomy_group`,
`info`,
`sequence`,
`variant_under_consideration`)
VALUES
('NP_003500.1',
'cH2A.5_(Homo_sapiens)',
null,
'8329',
'H2AC13',
9606,
'Homo sapiens',
'Chordata',
'Mammalia',
'Mammalia',
null,
'MSGRGKQGGKARAKAKTRSSRAGLQFPVGRVHRLLRKGNYAERVGAGAPVYLAAVLEYLTAEILELAGNAARDNKKTRIIPRHLQLAIRNDEELNKLLGKVTIAQGGVLPNIQAVLLPKKTESHHKAKGK',
null);
INSERT INTO `curatedhitdb`.`sequence_has_publication`
(`sequence_accession`,
`publication_id`)
VALUES
('NP_003500.1',
'12408966');
INSERT INTO `curatedhitdb`.`sequence_has_publication`
(`sequence_accession`,
`publication_id`)
VALUES
('NP_003500.1',
'25731851');
INSERT INTO `curatedhitdb`.`sequence`
(`accession`,
`variant`,
`gi`,
`ncbi_gene_id`,
`hgnc_gene_name`,
`taxonomy_id`,
`organism`,
`phylum`,
`class`,
`taxonomy_group`,
`info`,
`sequence`,
`variant_under_consideration`)
VALUES
('NP_003501.1',
'cH2A.5_(Homo_sapiens)',
null,
'8330',
'H2AC15',
9606,
'Homo sapiens',
'Chordata',
'Mammalia',
'Mammalia',
null,
'MSGRGKQGGKARAKAKTRSSRAGLQFPVGRVHRLLRKGNYAERVGAGAPVYLAAVLEYLTAEILELAGNAARDNKKTRIIPRHLQLAIRNDEELNKLLGKVTIAQGGVLPNIQAVLLPKKTESHHKAKGK',
null);
INSERT INTO `curatedhitdb`.`sequence_has_publication`
(`sequence_accession`,
`publication_id`)
VALUES
('NP_003501.1',
'12408966');
INSERT INTO `curatedhitdb`.`sequence_has_publication`
(`sequence_accession`,
`publication_id`)
VALUES
('NP_003501.1',
'25731851');
INSERT INTO `curatedhitdb`.`sequence`
(`accession`,
`variant`,
`gi`,
`ncbi_gene_id`,
`hgnc_gene_name`,
`taxonomy_id`,
`organism`,
`phylum`,
`class`,
`taxonomy_group`,
`info`,
`sequence`,
`variant_under_consideration`)
VALUES
('NP_003502.1',
'cH2A.5_(Homo_sapiens)',
null,
'8332',
'H2AC16',
9606,
'Homo sapiens',
'Chordata',
'Mammalia',
'Mammalia',
null,
'MSGRGKQGGKARAKAKTRSSRAGLQFPVGRVHRLLRKGNYAERVGAGAPVYLAAVLEYLTAEILELAGNAARDNKKTRIIPRHLQLAIRNDEELNKLLGKVTIAQGGVLPNIQAVLLPKKTESHHKAKGK',
null);
INSERT INTO `curatedhitdb`.`sequence_has_publication`
(`sequence_accession`,
`publication_id`)
VALUES
('NP_003502.1',
'12408966');
INSERT INTO `curatedhitdb`.`sequence_has_publication`
(`sequence_accession`,
`publication_id`)
VALUES
('NP_003502.1',
'25731851');
INSERT INTO `curatedhitdb`.`sequence`
(`accession`,
`variant`,
`gi`,
`ncbi_gene_id`,
`hgnc_gene_name`,
`taxonomy_id`,
`organism`,
`phylum`,
`class`,
`taxonomy_group`,
`info`,
`sequence`,
`variant_under_consideration`)
VALUES
('NP_003503.1',
'cH2A.3_(Homo_sapiens)',
null,
'8334',
'H2AC6',
9606,
'Homo sapiens',
'Chordata',
'Mammalia',
'Mammalia',
null,
'MSGRGKQGGKARAKAKSRSSRAGLQFPVGRVHRLLRKGNYAERVGAGAPVYLAAVLEYLTAEILELAGNAARDNKKTRIIPRHLQLAIRNDEELNKLLGRVTIAQGGVLPNIQAVLLPKKTESHHKAKGK',
null);
INSERT INTO `curatedhitdb`.`sequence_has_publication`
(`sequence_accession`,
`publication_id`)
VALUES
('NP_003503.1',
'12408966');
INSERT INTO `curatedhitdb`.`sequence_has_publication`
(`sequence_accession`,
`publication_id`)
VALUES
('NP_003503.1',
'25731851');
INSERT INTO `curatedhitdb`.`sequence`
(`accession`,
`variant`,
`gi`,
`ncbi_gene_id`,
`hgnc_gene_name`,
`taxonomy_id`,
`organism`,
`phylum`,
`class`,
`taxonomy_group`,
`info`,
`sequence`,
`variant_under_consideration`)
VALUES
('NP_003504.2',
'cH2A.2_(Homo_sapiens)',
null,
'8335',
'H2AC4',
9606,
'Homo sapiens',
'Chordata',
'Mammalia',
'Mammalia',
null,
'MSGRGKQGGKARAKAKTRSSRAGLQFPVGRVHRLLRKGNYSERVGAGAPVYLAAVLEYLTAEILELAGNAARDNKKTRIIPRHLQLAIRNDEELNKLLGRVTIAQGGVLPNIQAVLLPKKTESHHKAKGK',
null);
INSERT INTO `curatedhitdb`.`sequence_has_publication`
(`sequence_accession`,
`publication_id`)
VALUES
('NP_003504.2',
'12408966');
INSERT INTO `curatedhitdb`.`sequence_has_publication`
(`sequence_accession`,
`publication_id`)
VALUES
('NP_003504.2',
'25731851');
INSERT INTO `curatedhitdb`.`sequence`
(`accession`,
`variant`,
`gi`,
`ncbi_gene_id`,
`hgnc_gene_name`,
`taxonomy_id`,
`organism`,
`phylum`,
`class`,
`taxonomy_group`,
`info`,
`sequence`,
`variant_under_consideration`)
VALUES
('NP_003505.1',
'cH2A.5_(Homo_sapiens)',
null,
'8336',
'H2AC17',
9606,
'Homo sapiens',
'Chordata',
'Mammalia',
'Mammalia',
null,
'MSGRGKQGGKARAKAKTRSSRAGLQFPVGRVHRLLRKGNYAERVGAGAPVYLAAVLEYLTAEILELAGNAARDNKKTRIIPRHLQLAIRNDEELNKLLGKVTIAQGGVLPNIQAVLLPKKTESHHKAKGK',
null);
INSERT INTO `curatedhitdb`.`sequence_has_publication`
(`sequence_accession`,
`publication_id`)
VALUES
('NP_003505.1',
'12408966');
INSERT INTO `curatedhitdb`.`sequence_has_publication`
(`sequence_accession`,
`publication_id`)
VALUES
('NP_003505.1',
'25731851');
INSERT INTO `curatedhitdb`.`sequence`
(`accession`,
`variant`,
`gi`,
`ncbi_gene_id`,
`hgnc_gene_name`,
`taxonomy_id`,
`organism`,
`phylum`,
`class`,
`taxonomy_group`,
`info`,
`sequence`,
`variant_under_consideration`)
VALUES
('NP_003507.1',
'cH2A.8_(Homo_sapiens)',
null,
'8337',
'H2AC18',
9606,
'Homo sapiens',
'Chordata',
'Mammalia',
'Mammalia',
null,
'MSGRGKQGGKARAKAKSRSSRAGLQFPVGRVHRLLRKGNYAERVGAGAPVYMAAVLEYLTAEILELAGNAARDNKKTRIIPRHLQLAIRNDEELNKLLGKVTIAQGGVLPNIQAVLLPKKTESHHKAKGK',
null);
INSERT INTO `curatedhitdb`.`sequence_has_publication`
(`sequence_accession`,
`publication_id`)
VALUES
('NP_003507.1',
'12408966');
INSERT INTO `curatedhitdb`.`sequence_has_publication`
(`sequence_accession`,
`publication_id`)
VALUES
('NP_003507.1',
'25731851');
INSERT INTO `curatedhitdb`.`sequence`
(`accession`,
`variant`,
`gi`,
`ncbi_gene_id`,
`hgnc_gene_name`,
`taxonomy_id`,
`organism`,
`phylum`,
`class`,
`taxonomy_group`,
`info`,
`sequence`,
`variant_under_consideration`)
VALUES
('NP_003508.1',
'cH2A.9_(Homo_sapiens)',
null,
'8338',
'H2AC20',
9606,
'Homo sapiens',
'Chordata',
'Mammalia',
'Mammalia',
null,
'MSGRGKQGGKARAKAKSRSSRAGLQFPVGRVHRLLRKGNYAERVGAGAPVYMAAVLEYLTAEILELAGNAARDNKKTRIIPRHLQLAIRNDEELNKLLGKVTIAQGGVLPNIQAVLLPKKTESHKAKSK',
null);
INSERT INTO `curatedhitdb`.`sequence_has_publication`
(`sequence_accession`,
`publication_id`)
VALUES
('NP_003508.1',
'12408966');
INSERT INTO `curatedhitdb`.`sequence_has_publication`
(`sequence_accession`,
`publication_id`)
VALUES
('NP_003508.1',
'25731851');
INSERT INTO `curatedhitdb`.`sequence`
(`accession`,
`variant`,
`gi`,
`ncbi_gene_id`,
`hgnc_gene_name`,
`taxonomy_id`,
`organism`,
`phylum`,
`class`,
`taxonomy_group`,
`info`,
`sequence`,
`variant_under_consideration`)
VALUES
('NP_003509.1',
'cH2B.3_(Homo_sapiens)',
null,
'8346',
'H2BC10',
9606,
'Homo sapiens',
'Chordata',
'Mammalia',
'Mammalia',
null,
'MPEPAKSAPAPKKGSKKAVTKAQKKDGKKRKRSRKESYSVYVYKVLKQVHPDTGISSKAMGIMNSFVNDIFERIAGEASRLAHYNKRSTITSREIQTAVRLLLPGELAKHAVSEGTKAVTKYTSSK',
null);
INSERT INTO `curatedhitdb`.`sequence_has_publication`
(`sequence_accession`,
`publication_id`)
VALUES
('NP_003509.1',
'12408966');
INSERT INTO `curatedhitdb`.`sequence_has_publication`
(`sequence_accession`,
`publication_id`)
VALUES
('NP_003509.1',
'25731851');
INSERT INTO `curatedhitdb`.`sequence`
(`accession`,
`variant`,
`gi`,
`ncbi_gene_id`,
`hgnc_gene_name`,
`taxonomy_id`,
`organism`,
`phylum`,
`class`,
`taxonomy_group`,
`info`,
`sequence`,
`variant_under_consideration`)
VALUES
('NP_003510.1',
'cH2B.8_(Homo_sapiens)',
null,
'8340',
'H2BC13',
9606,
'Homo sapiens',
'Chordata',
'Mammalia',
'Mammalia',
null,
'MPELAKSAPAPKKGSKKAVTKAQKKDGKKRKRSRKESYSVYVYKVLKQVHPDTGISSKAMGIMNSFVNDIFERIASEASRLAHYNKRSTITSREIQTAVRLLLPGELAKHAVSEGTKAVTKYTSSK',
null);
INSERT INTO `curatedhitdb`.`sequence_has_publication`
(`sequence_accession`,
`publication_id`)
VALUES
('NP_003510.1',
'12408966');
INSERT INTO `curatedhitdb`.`sequence_has_publication`
(`sequence_accession`,
`publication_id`)
VALUES
('NP_003510.1',
'25731851');
INSERT INTO `curatedhitdb`.`sequence`
(`accession`,
`variant`,
`gi`,
`ncbi_gene_id`,
`hgnc_gene_name`,
`taxonomy_id`,
`organism`,
`phylum`,
`class`,
`taxonomy_group`,
`info`,
`sequence`,
`variant_under_consideration`)
VALUES
('NP_003511.1',
'cH2B.10_(Homo_sapiens)',
null,
'8341',
'H2BC15',
9606,
'Homo sapiens',
'Chordata',
'Mammalia',
'Mammalia',
null,
'MPEPSKSAPAPKKGSKKAVTKAQKKDGKKRKRSRKESYSVYVYKVLKQVHPDTGISSKAMGIMNSFVNDIFERIAGEASRLAHYNKRSTITSREIQTAVRLLLPGELAKHAVSEGTKAVTKYTSSK',
null);
INSERT INTO `curatedhitdb`.`sequence_has_publication`
(`sequence_accession`,
`publication_id`)
VALUES
('NP_003511.1',
'12408966');
INSERT INTO `curatedhitdb`.`sequence_has_publication`
(`sequence_accession`,
`publication_id`)
VALUES
('NP_003511.1',
'25731851');
INSERT INTO `curatedhitdb`.`sequence`
(`accession`,
`variant`,
`gi`,
`ncbi_gene_id`,
`hgnc_gene_name`,
`taxonomy_id`,
`organism`,
`phylum`,
`class`,
`taxonomy_group`,
`info`,
`sequence`,
`variant_under_consideration`)
VALUES
('NP_003512.1',
'cH2B.9_(Homo_sapiens)',
null,
'8342',
'H2BC14',
9606,
'Homo sapiens',
'Chordata',
'Mammalia',
'Mammalia',
null,
'MPEPVKSAPVPKKGSKKAINKAQKKDGKKRKRSRKESYSVYVYKVLKQVHPDTGISSKAMGIMNSFVNDIFERIAGEASRLAHYNKRSTITSREIQTAVRLLLPGELAKHAVSEGTKAVTKYTSSK',
null);
INSERT INTO `curatedhitdb`.`sequence_has_publication`
(`sequence_accession`,
`publication_id`)
VALUES
('NP_003512.1',
'12408966');
INSERT INTO `curatedhitdb`.`sequence_has_publication`
(`sequence_accession`,
`publication_id`)
VALUES
('NP_003512.1',
'25731851');
INSERT INTO `curatedhitdb`.`sequence`
(`accession`,
`variant`,
`gi`,
`ncbi_gene_id`,
`hgnc_gene_name`,
`taxonomy_id`,
`organism`,
`phylum`,
`class`,
`taxonomy_group`,
`info`,
`sequence`,
`variant_under_consideration`)
VALUES
('NP_003513.1',
'cH2B.3_(Homo_sapiens)',
null,
'8343',
'H2BC7',
9606,
'Homo sapiens',
'Chordata',
'Mammalia',
'Mammalia',
null,
'MPEPAKSAPAPKKGSKKAVTKAQKKDGKKRKRSRKESYSVYVYKVLKQVHPDTGISSKAMGIMNSFVNDIFERIAGEASRLAHYNKRSTITSREIQTAVRLLLPGELAKHAVSEGTKAVTKYTSSK',
null);
INSERT INTO `curatedhitdb`.`sequence_has_publication`
(`sequence_accession`,
`publication_id`)
VALUES
('NP_003513.1',
'12408966');
INSERT INTO `curatedhitdb`.`sequence_has_publication`
(`sequence_accession`,
`publication_id`)
VALUES
('NP_003513.1',
'25731851');
INSERT INTO `curatedhitdb`.`sequence`
(`accession`,
`variant`,
`gi`,
`ncbi_gene_id`,
`hgnc_gene_name`,
`taxonomy_id`,
`organism`,
`phylum`,
`class`,
`taxonomy_group`,
`info`,
`sequence`,
`variant_under_consideration`)
VALUES
('NP_003514.2',
'cH2B.3_(Homo_sapiens)',
null,
'8344',
'H2BC6',
9606,
'Homo sapiens',
'Chordata',
'Mammalia',
'Mammalia',
null,
'MPEPAKSAPAPKKGSKKAVTKAQKKDGKKRKRSRKESYSVYVYKVLKQVHPDTGISSKAMGIMNSFVNDIFERIAGEASRLAHYNKRSTITSREIQTAVRLLLPGELAKHAVSEGTKAVTKYTSSK',
null);
INSERT INTO `curatedhitdb`.`sequence_has_publication`
(`sequence_accession`,
`publication_id`)
VALUES
('NP_003514.2',
'12408966');
INSERT INTO `curatedhitdb`.`sequence_has_publication`
(`sequence_accession`,
`publication_id`)
VALUES
('NP_003514.2',
'25731851');
INSERT INTO `curatedhitdb`.`sequence`
(`accession`,
`variant`,
`gi`,
`ncbi_gene_id`,
`hgnc_gene_name`,
`taxonomy_id`,
`organism`,
`phylum`,
`class`,
`taxonomy_group`,
`info`,
`sequence`,
`variant_under_consideration`)
VALUES
('NP_003515.1',
'cH2B.5_(Homo_sapiens)',
null,
'8345',
'H2BC9',
9606,
'Homo sapiens',
'Chordata',
'Mammalia',
'Mammalia',
null,
'MPDPAKSAPAPKKGSKKAVTKAQKKDGKKRKRSRKESYSVYVYKVLKQVHPDTGISSKAMGIMNSFVNDIFERIAGEASRLAHYNKRSTITSREIQTAVRLLLPGELAKHAVSEGTKAVTKYTSSK',
null);
INSERT INTO `curatedhitdb`.`sequence_has_publication`
(`sequence_accession`,
`publication_id`)
VALUES
('NP_003515.1',
'12408966');
INSERT INTO `curatedhitdb`.`sequence_has_publication`
(`sequence_accession`,
`publication_id`)
VALUES
('NP_003515.1',
'25731851');
INSERT INTO `curatedhitdb`.`sequence`
(`accession`,
`variant`,
`gi`,
`ncbi_gene_id`,
`hgnc_gene_name`,
`taxonomy_id`,
`organism`,
`phylum`,
`class`,
`taxonomy_group`,
`info`,
`sequence`,
`variant_under_consideration`)
VALUES
('NP_003516.1',
'cH2B.3_(Homo_sapiens)',
null,
'8339',
'H2BC8',
9606,
'Homo sapiens',
'Chordata',
'Mammalia',
'Mammalia',
null,
'MPEPAKSAPAPKKGSKKAVTKAQKKDGKKRKRSRKESYSVYVYKVLKQVHPDTGISSKAMGIMNSFVNDIFERIAGEASRLAHYNKRSTITSREIQTAVRLLLPGELAKHAVSEGTKAVTKYTSSK',
null);
INSERT INTO `curatedhitdb`.`sequence_has_publication`
(`sequence_accession`,
`publication_id`)
VALUES
('NP_003516.1',
'12408966');
INSERT INTO `curatedhitdb`.`sequence_has_publication`
(`sequence_accession`,
`publication_id`)
VALUES
('NP_003516.1',
'25731851');
INSERT INTO `curatedhitdb`.`sequence`
(`accession`,
`variant`,
`gi`,
`ncbi_gene_id`,
`hgnc_gene_name`,
`taxonomy_id`,
`organism`,
`phylum`,
`class`,
`taxonomy_group`,
`info`,
`sequence`,
`variant_under_consideration`)
VALUES
('NP_003517.2',
'cH2B.3_(Homo_sapiens)',
null,
'8347',
'H2BC4',
9606,
'Homo sapiens',
'Chordata',
'Mammalia',
'Mammalia',
null,
'MPEPAKSAPAPKKGSKKAVTKAQKKDGKKRKRSRKESYSVYVYKVLKQVHPDTGISSKAMGIMNSFVNDIFERIAGEASRLAHYNKRSTITSREIQTAVRLLLPGELAKHAVSEGTKAVTKYTSSK',
null);
INSERT INTO `curatedhitdb`.`sequence_has_publication`
(`sequence_accession`,
`publication_id`)
VALUES
('NP_003517.2',
'12408966');
INSERT INTO `curatedhitdb`.`sequence_has_publication`
(`sequence_accession`,
`publication_id`)
VALUES
('NP_003517.2',
'25731851');
INSERT INTO `curatedhitdb`.`sequence`
(`accession`,
`variant`,
`gi`,
`ncbi_gene_id`,
`hgnc_gene_name`,
`taxonomy_id`,
`organism`,
`phylum`,
`class`,
`taxonomy_group`,
`info`,
`sequence`,
`variant_under_consideration`)
VALUES
('NP_003518.2',
'cH2B.11_(Homo_sapiens)',
null,
'8348',
'H2BC17',
9606,
'Homo sapiens',
'Chordata',
'Mammalia',
'Mammalia',
null,
'MPDPAKSAPAPKKGSKKAVTKAQKKDGKKRKRSRKESYSIYVYKVLKQVHPDTGISSKAMGIMNSFVNDIFERIAGEASRLAHYNKRSTITSREIQTAVRLLLPGELAKHAVSEGTKAVTKYTSSK',
null);
INSERT INTO `curatedhitdb`.`sequence_has_publication`
(`sequence_accession`,
`publication_id`)
VALUES
('NP_003518.2',
'12408966');
INSERT INTO `curatedhitdb`.`sequence_has_publication`
(`sequence_accession`,
`publication_id`)
VALUES
('NP_003518.2',
'25731851');
INSERT INTO `curatedhitdb`.`sequence`
(`accession`,
`variant`,
`gi`,
`ncbi_gene_id`,
`hgnc_gene_name`,
`taxonomy_id`,
`organism`,
`phylum`,
`class`,
`taxonomy_group`,
`info`,
`sequence`,
`variant_under_consideration`)
VALUES
('NP_003519.1',
'cH2B.13_(Homo_sapiens)',
null,
'8349',
'H2BC21',
9606,
'Homo sapiens',
'Chordata',
'Mammalia',
'Mammalia',
null,
'MPEPAKSAPAPKKGSKKAVTKAQKKDGKKRKRSRKESYSIYVYKVLKQVHPDTGISSKAMGIMNSFVNDIFERIAGEASRLAHYNKRSTITSREIQTAVRLLLPGELAKHAVSEGTKAVTKYTSSK',
null);
INSERT INTO `curatedhitdb`.`sequence_has_publication`
(`sequence_accession`,
`publication_id`)
VALUES
('NP_003519.1',
'12408966');
INSERT INTO `curatedhitdb`.`publication`
(`id`,
`title`,
`doi`,
`author`,
`year`)
VALUES
('23240083',
null,
null,
null,
null);
INSERT INTO `curatedhitdb`.`sequence_has_publication`
(`sequence_accession`,
`publication_id`)
VALUES
('NP_003519.1',
'23240083');
INSERT INTO `curatedhitdb`.`sequence_has_publication`
(`sequence_accession`,
`publication_id`)
VALUES
('NP_003519.1',
'25731851');
INSERT INTO `curatedhitdb`.`sequence`
(`accession`,
`variant`,
`gi`,
`ncbi_gene_id`,
`hgnc_gene_name`,
`taxonomy_id`,
`organism`,
`phylum`,
`class`,
`taxonomy_group`,
`info`,
`sequence`,
`variant_under_consideration`)
VALUES
('NP_003520.1',
'cH3.1_(Homo_sapiens)',
null,
'8350',
'H3C1',
9606,
'Homo sapiens',
'Chordata',
'Mammalia',
'Mammalia',
null,
'MARTKQTARKSTGGKAPRKQLATKAARKSAPATGGVKKPHRYRPGTVALREIRRYQKSTELLIRKLPFQRLVREIAQDFKTDLRFQSSAVMALQEACEAYLVGLFEDTNLCAIHAKRVTIMPKDIQLARRIRGERA',
null);
INSERT INTO `curatedhitdb`.`sequence_has_publication`
(`sequence_accession`,
`publication_id`)
VALUES
('NP_003520.1',
'12408966');
INSERT INTO `curatedhitdb`.`sequence`
(`accession`,
`variant`,
`gi`,
`ncbi_gene_id`,
`hgnc_gene_name`,
`taxonomy_id`,
`organism`,
`phylum`,
`class`,
`taxonomy_group`,
`info`,
`sequence`,
`variant_under_consideration`)
VALUES
('NP_003521.2',
'cH3.1_(Homo_sapiens)',
null,
'8351',
'H3C4',
9606,
'Homo sapiens',
'Chordata',
'Mammalia',
'Mammalia',
null,
'MARTKQTARKSTGGKAPRKQLATKAARKSAPATGGVKKPHRYRPGTVALREIRRYQKSTELLIRKLPFQRLVREIAQDFKTDLRFQSSAVMALQEACEAYLVGLFEDTNLCAIHAKRVTIMPKDIQLARRIRGERA',
null);
INSERT INTO `curatedhitdb`.`sequence_has_publication`
(`sequence_accession`,
`publication_id`)
VALUES
('NP_003521.2',
'12408966');
INSERT INTO `curatedhitdb`.`sequence`
(`accession`,
`variant`,
`gi`,
`ncbi_gene_id`,
`hgnc_gene_name`,
`taxonomy_id`,
`organism`,
`phylum`,
`class`,
`taxonomy_group`,
`info`,
`sequence`,
`variant_under_consideration`)
VALUES
('NP_003522.1',
'cH3.1_(Homo_sapiens)',
null,
'8352',
'H3C3',
9606,
'Homo sapiens',
'Chordata',
'Mammalia',
'Mammalia',
null,
'MARTKQTARKSTGGKAPRKQLATKAARKSAPATGGVKKPHRYRPGTVALREIRRYQKSTELLIRKLPFQRLVREIAQDFKTDLRFQSSAVMALQEACEAYLVGLFEDTNLCAIHAKRVTIMPKDIQLARRIRGERA',
null);
INSERT INTO `curatedhitdb`.`sequence_has_publication`
(`sequence_accession`,
`publication_id`)
VALUES
('NP_003522.1',
'12408966');
INSERT INTO `curatedhitdb`.`sequence`
(`accession`,
`variant`,
`gi`,
`ncbi_gene_id`,
`hgnc_gene_name`,
`taxonomy_id`,
`organism`,
`phylum`,
`class`,
`taxonomy_group`,
`info`,
`sequence`,
`variant_under_consideration`)
VALUES
('NP_003523.1',
'cH3.1_(Homo_sapiens)',
null,
'8353',
'H3C6',
9606,
'Homo sapiens',
'Chordata',
'Mammalia',
'Mammalia',
null,
'MARTKQTARKSTGGKAPRKQLATKAARKSAPATGGVKKPHRYRPGTVALREIRRYQKSTELLIRKLPFQRLVREIAQDFKTDLRFQSSAVMALQEACEAYLVGLFEDTNLCAIHAKRVTIMPKDIQLARRIRGERA',
null);
INSERT INTO `curatedhitdb`.`sequence_has_publication`
(`sequence_accession`,
`publication_id`)
VALUES
('NP_003523.1',
'12408966');
INSERT INTO `curatedhitdb`.`sequence`
(`accession`,
`variant`,
`gi`,
`ncbi_gene_id`,
`hgnc_gene_name`,
`taxonomy_id`,
`organism`,
`phylum`,
`class`,
`taxonomy_group`,
`info`,
`sequence`,
`variant_under_consideration`)
VALUES
('NP_003524.1',
'cH3.1_(Homo_sapiens)',
null,
'8354',
'H3C11',
9606,
'Homo sapiens',
'Chordata',
'Mammalia',
'Mammalia',
null,
'MARTKQTARKSTGGKAPRKQLATKAARKSAPATGGVKKPHRYRPGTVALREIRRYQKSTELLIRKLPFQRLVREIAQDFKTDLRFQSSAVMALQEACEAYLVGLFEDTNLCAIHAKRVTIMPKDIQLARRIRGERA',
null);
INSERT INTO `curatedhitdb`.`sequence_has_publication`
(`sequence_accession`,
`publication_id`)
VALUES
('NP_003524.1',
'12408966');
INSERT INTO `curatedhitdb`.`sequence`
(`accession`,
`variant`,
`gi`,
`ncbi_gene_id`,
`hgnc_gene_name`,
`taxonomy_id`,
`organism`,
`phylum`,
`class`,
`taxonomy_group`,
`info`,
`sequence`,
`variant_under_consideration`)
VALUES
('NP_003525.1',
'cH3.1_(Homo_sapiens)',
null,
'8355',
'H3C8',
9606,
'Homo sapiens',
'Chordata',
'Mammalia',
'Mammalia',
null,
'MARTKQTARKSTGGKAPRKQLATKAARKSAPATGGVKKPHRYRPGTVALREIRRYQKSTELLIRKLPFQRLVREIAQDFKTDLRFQSSAVMALQEACEAYLVGLFEDTNLCAIHAKRVTIMPKDIQLARRIRGERA',
null);
INSERT INTO `curatedhitdb`.`sequence_has_publication`
(`sequence_accession`,
`publication_id`)
VALUES
('NP_003525.1',
'12408966');
INSERT INTO `curatedhitdb`.`sequence`
(`accession`,
`variant`,
`gi`,
`ncbi_gene_id`,
`hgnc_gene_name`,
`taxonomy_id`,
`organism`,
`phylum`,
`class`,
`taxonomy_group`,
`info`,
`sequence`,
`variant_under_consideration`)
VALUES
('NP_003526.1',
'cH3.1_(Homo_sapiens)',
null,
'8356',
'H3C12',
9606,
'Homo sapiens',
'Chordata',
'Mammalia',
'Mammalia',
null,
'MARTKQTARKSTGGKAPRKQLATKAARKSAPATGGVKKPHRYRPGTVALREIRRYQKSTELLIRKLPFQRLVREIAQDFKTDLRFQSSAVMALQEACEAYLVGLFEDTNLCAIHAKRVTIMPKDIQLARRIRGERA',
null);
INSERT INTO `curatedhitdb`.`sequence_has_publication`
(`sequence_accession`,
`publication_id`)
VALUES
('NP_003526.1',
'12408966');
INSERT INTO `curatedhitdb`.`sequence`
(`accession`,
`variant`,
`gi`,
`ncbi_gene_id`,
`hgnc_gene_name`,
`taxonomy_id`,
`organism`,
`phylum`,
`class`,
`taxonomy_group`,
`info`,
`sequence`,
`variant_under_consideration`)
VALUES
('NP_003527.1',
'cH3.1_(Homo_sapiens)',
null,
'8357',
'H3C10',
9606,
'Homo sapiens',
'Chordata',
'Mammalia',
'Mammalia',
null,
'MARTKQTARKSTGGKAPRKQLATKAARKSAPATGGVKKPHRYRPGTVALREIRRYQKSTELLIRKLPFQRLVREIAQDFKTDLRFQSSAVMALQEACEAYLVGLFEDTNLCAIHAKRVTIMPKDIQLARRIRGERA',
null);
INSERT INTO `curatedhitdb`.`sequence_has_publication`
(`sequence_accession`,
`publication_id`)
VALUES
('NP_003527.1',
'12408966');
INSERT INTO `curatedhitdb`.`sequence`
(`accession`,
`variant`,
`gi`,
`ncbi_gene_id`,
`hgnc_gene_name`,
`taxonomy_id`,
`organism`,
`phylum`,
`class`,
`taxonomy_group`,
`info`,
`sequence`,
`variant_under_consideration`)
VALUES
('NP_003528.1',
'cH3.1_(Homo_sapiens)',
null,
'8358',
'H3C2',
9606,
'Homo sapiens',
'Chordata',
'Mammalia',
'Mammalia',
null,
'MARTKQTARKSTGGKAPRKQLATKAARKSAPATGGVKKPHRYRPGTVALREIRRYQKSTELLIRKLPFQRLVREIAQDFKTDLRFQSSAVMALQEACEAYLVGLFEDTNLCAIHAKRVTIMPKDIQLARRIRGERA',
null);
INSERT INTO `curatedhitdb`.`sequence_has_publication`
(`sequence_accession`,
`publication_id`)
VALUES
('NP_003528.1',
'12408966');
INSERT INTO `curatedhitdb`.`sequence`
(`accession`,
`variant`,
`gi`,
`ncbi_gene_id`,
`hgnc_gene_name`,
`taxonomy_id`,
`organism`,
`phylum`,
`class`,
`taxonomy_group`,
`info`,
`sequence`,
`variant_under_consideration`)
VALUES
('NP_003529.1',
null,
null,
'8359',
'H4C1',
9606,
'Homo sapiens',
'Chordata',
'Mammalia',
'Mammalia',
null,
'MSGRGKGGKGLGKGGAKRHRKVLRDNIQGITKPAIRRLARRGGVKRISGLIYEETRGVLKVFLENVIRDAVTYTEHAKRKTVTAMDVVYALKRQGRTLYGFGG',
'cH4_(Homo_sapiens)');
INSERT INTO `curatedhitdb`.`sequence_has_publication`
(`sequence_accession`,
`publication_id`)
VALUES
('NP_003529.1',
'12408966');
INSERT INTO `curatedhitdb`.`sequence`
(`accession`,
`variant`,
`gi`,
`ncbi_gene_id`,
`hgnc_gene_name`,
`taxonomy_id`,
`organism`,
`phylum`,
`class`,
`taxonomy_group`,
`info`,
`sequence`,
`variant_under_consideration`)
VALUES
('NP_003530.1',
null,
null,
'8360',
'H4C4',
9606,
'Homo sapiens',
'Chordata',
'Mammalia',
'Mammalia',
null,
'MSGRGKGGKGLGKGGAKRHRKVLRDNIQGITKPAIRRLARRGGVKRISGLIYEETRGVLKVFLENVIRDAVTYTEHAKRKTVTAMDVVYALKRQGRTLYGFGG',
'cH4_(Homo_sapiens)');
INSERT INTO `curatedhitdb`.`sequence_has_publication`
(`sequence_accession`,
`publication_id`)
VALUES
('NP_003530.1',
'12408966');
INSERT INTO `curatedhitdb`.`sequence`
(`accession`,
`variant`,
`gi`,
`ncbi_gene_id`,
`hgnc_gene_name`,
`taxonomy_id`,
`organism`,
`phylum`,
`class`,
`taxonomy_group`,
`info`,
`sequence`,
`variant_under_consideration`)
VALUES
('NP_003531.1',
null,
null,
'8361',
'H4C6',
9606,
'Homo sapiens',
'Chordata',
'Mammalia',
'Mammalia',
null,
'MSGRGKGGKGLGKGGAKRHRKVLRDNIQGITKPAIRRLARRGGVKRISGLIYEETRGVLKVFLENVIRDAVTYTEHAKRKTVTAMDVVYALKRQGRTLYGFGG',
'cH4_(Homo_sapiens)');
INSERT INTO `curatedhitdb`.`sequence_has_publication`
(`sequence_accession`,
`publication_id`)
VALUES
('NP_003531.1',
'12408966');
INSERT INTO `curatedhitdb`.`sequence`
(`accession`,
`variant`,
`gi`,
`ncbi_gene_id`,
`hgnc_gene_name`,
`taxonomy_id`,
`organism`,
`phylum`,
`class`,
`taxonomy_group`,
`info`,
`sequence`,
`variant_under_consideration`)
VALUES
('NP_003532.1',
null,
null,
'8362',
'H4C12',
9606,
'Homo sapiens',
'Chordata',
'Mammalia',
'Mammalia',
null,
'MSGRGKGGKGLGKGGAKRHRKVLRDNIQGITKPAIRRLARRGGVKRISGLIYEETRGVLKVFLENVIRDAVTYTEHAKRKTVTAMDVVYALKRQGRTLYGFGG',
'cH4_(Homo_sapiens)');
INSERT INTO `curatedhitdb`.`sequence_has_publication`
(`sequence_accession`,
`publication_id`)
VALUES
('NP_003532.1',
'12408966');
INSERT INTO `curatedhitdb`.`sequence`
(`accession`,
`variant`,
`gi`,
`ncbi_gene_id`,
`hgnc_gene_name`,
`taxonomy_id`,
`organism`,
`phylum`,
`class`,
`taxonomy_group`,
`info`,
`sequence`,
`variant_under_consideration`)
VALUES
('NP_003533.1',
null,
null,
'8364',
'H4C3',
9606,
'Homo sapiens',
'Chordata',
'Mammalia',
'Mammalia',
null,
'MSGRGKGGKGLGKGGAKRHRKVLRDNIQGITKPAIRRLARRGGVKRISGLIYEETRGVLKVFLENVIRDAVTYTEHAKRKTVTAMDVVYALKRQGRTLYGFGG',
'cH4_(Homo_sapiens)');
INSERT INTO `curatedhitdb`.`sequence_has_publication`
(`sequence_accession`,
`publication_id`)
VALUES
('NP_003533.1',
'12408966');
INSERT INTO `curatedhitdb`.`sequence`
(`accession`,
`variant`,
`gi`,
`ncbi_gene_id`,
`hgnc_gene_name`,
`taxonomy_id`,
`organism`,
`phylum`,
`class`,
`taxonomy_group`,
`info`,
`sequence`,
`variant_under_consideration`)
VALUES
('NP_003534.1',
null,
null,
'8365',
'H4C8',
9606,
'Homo sapiens',
'Chordata',
'Mammalia',
'Mammalia',
null,
'MSGRGKGGKGLGKGGAKRHRKVLRDNIQGITKPAIRRLARRGGVKRISGLIYEETRGVLKVFLENVIRDAVTYTEHAKRKTVTAMDVVYALKRQGRTLYGFGG',
'cH4_(Homo_sapiens)');
INSERT INTO `curatedhitdb`.`sequence_has_publication`
(`sequence_accession`,
`publication_id`)
VALUES
('NP_003534.1',
'12408966');
INSERT INTO `curatedhitdb`.`sequence`
(`accession`,
`variant`,
`gi`,
`ncbi_gene_id`,
`hgnc_gene_name`,
`taxonomy_id`,
`organism`,
`phylum`,
`class`,
`taxonomy_group`,
`info`,
`sequence`,
`variant_under_consideration`)
VALUES
('NP_003535.1',
null,
null,
'8366',
'H4C2',
9606,
'Homo sapiens',
'Chordata',
'Mammalia',
'Mammalia',
null,
'MSGRGKGGKGLGKGGAKRHRKVLRDNIQGITKPAIRRLARRGGVKRISGLIYEETRGVLKVFLENVIRDAVTYTEHAKRKTVTAMDVVYALKRQGRTLYGFGG',
'cH4_(Homo_sapiens)');
INSERT INTO `curatedhitdb`.`sequence_has_publication`
(`sequence_accession`,
`publication_id`)
VALUES
('NP_003535.1',
'12408966');
INSERT INTO `curatedhitdb`.`sequence`
(`accession`,
`variant`,
`gi`,
`ncbi_gene_id`,
`hgnc_gene_name`,
`taxonomy_id`,
`organism`,
`phylum`,
`class`,
`taxonomy_group`,
`info`,
`sequence`,
`variant_under_consideration`)
VALUES
('NP_003536.1',
null,
null,
'8367',
'H4C5',
9606,
'Homo sapiens',
'Chordata',
'Mammalia',
'Mammalia',
null,
'MSGRGKGGKGLGKGGAKRHRKVLRDNIQGITKPAIRRLARRGGVKRISGLIYEETRGVLKVFLENVIRDAVTYTEHAKRKTVTAMDVVYALKRQGRTLYGFGG',
'cH4_(Homo_sapiens)');
INSERT INTO `curatedhitdb`.`sequence_has_publication`
(`sequence_accession`,
`publication_id`)
VALUES
('NP_003536.1',
'12408966');
INSERT INTO `curatedhitdb`.`sequence`
(`accession`,
`variant`,
`gi`,
`ncbi_gene_id`,
`hgnc_gene_name`,
`taxonomy_id`,
`organism`,
`phylum`,
`class`,
`taxonomy_group`,
`info`,
`sequence`,
`variant_under_consideration`)
VALUES
('NP_003537.1',
null,
null,
'8368',
'H4C13',
9606,
'Homo sapiens',
'Chordata',
'Mammalia',
'Mammalia',
null,
'MSGRGKGGKGLGKGGAKRHRKVLRDNIQGITKPAIRRLARRGGVKRISGLIYEETRGVLKVFLENVIRDAVTYTEHAKRKTVTAMDVVYALKRQGRTLYGFGG',
'cH4_(Homo_sapiens)');
INSERT INTO `curatedhitdb`.`sequence_has_publication`
(`sequence_accession`,
`publication_id`)
VALUES
('NP_003537.1',
'12408966');
INSERT INTO `curatedhitdb`.`sequence`
(`accession`,
`variant`,
`gi`,
`ncbi_gene_id`,
`hgnc_gene_name`,
`taxonomy_id`,
`organism`,
`phylum`,
`class`,
`taxonomy_group`,
`info`,
`sequence`,
`variant_under_consideration`)
VALUES
('NP_003539.1',
null,
null,
'8370',
'H4C14',
9606,
'Homo sapiens',
'Chordata',
'Mammalia',
'Mammalia',
null,
'MSGRGKGGKGLGKGGAKRHRKVLRDNIQGITKPAIRRLARRGGVKRISGLIYEETRGVLKVFLENVIRDAVTYTEHAKRKTVTAMDVVYALKRQGRTLYGFGG',
'cH4_(Homo_sapiens)');
INSERT INTO `curatedhitdb`.`sequence_has_publication`
(`sequence_accession`,
`publication_id`)
VALUES
('NP_003539.1',
'12408966');
INSERT INTO `curatedhitdb`.`sequence`
(`accession`,
`variant`,
`gi`,
`ncbi_gene_id`,
`hgnc_gene_name`,
`taxonomy_id`,
`organism`,
`phylum`,
`class`,
`taxonomy_group`,
`info`,
`sequence`,
`variant_under_consideration`)
VALUES
('NP_005309.1',
null,
null,
'3005',
'H1-0',
9606,
'Homo sapiens',
'Chordata',
'Mammalia',
'Mammalia',
null,
'MTENSTSAPAAKPKRAKASKKSTDHPKYSDMIVAAIQAEKNRAGSSRQSIQKYIKSHYKVGENADSQIKLSIKRLVTTGVLKQTKGVGASGSFRLAKSDEPKKSVAFKKTKKEIKKVATPKKASKPKKAASKAPTKKPKATPVKKAKKKLAATPKKAKKPKTVKAKPVKASKPKKAKPVKPKAKSSAKRAGKKK',
'H1.0_(Homo_sapiens)');
INSERT INTO `curatedhitdb`.`sequence_has_publication`
(`sequence_accession`,
`publication_id`)
VALUES
('NP_005309.1',
'26689747');
INSERT INTO `curatedhitdb`.`sequence`
(`accession`,
`variant`,
`gi`,
`ncbi_gene_id`,
`hgnc_gene_name`,
`taxonomy_id`,
`organism`,
`phylum`,
`class`,
`taxonomy_group`,
`info`,
`sequence`,
`variant_under_consideration`)
VALUES
('NP_005310.1',
null,
null,
'3006',
'H1-2',
9606,
'Homo sapiens',
'Chordata',
'Mammalia',
'Mammalia',
null,
'MSETAPAAPAAAPPAEKAPVKKKAAKKAGGTPRKASGPPVSELITKAVAASKERSGVSLAALKKALAAAGYDVEKNNSRIKLGLKSLVSKGTLVQTKGTGASGSFKLNKKAASGEAKPKVKKAGGTKPKKPVGAAKKPKKAAGGATPKKSAKKTPKKAKKPAAATVTKKVAKSPKKAKVAKPKKAAKSAAKAVKPKAAKPKVVKPKKAAPKKK',
'H1.2_(Homo_sapiens)');
INSERT INTO `curatedhitdb`.`sequence_has_publication`
(`sequence_accession`,
`publication_id`)
VALUES
('NP_005310.1',
'26689747');
INSERT INTO `curatedhitdb`.`sequence`
(`accession`,
`variant`,
`gi`,
`ncbi_gene_id`,
`hgnc_gene_name`,
`taxonomy_id`,
`organism`,
`phylum`,
`class`,
`taxonomy_group`,
`info`,
`sequence`,
`variant_under_consideration`)
VALUES
('NP_005311.1',
null,
null,
'3007',
'H1-3',
9606,
'Homo sapiens',
'Chordata',
'Mammalia',
'Mammalia',
null,
'MSETAPLAPTIPAPAEKTPVKKKAKKAGATAGKRKASGPPVSELITKAVAASKERSGVSLAALKKALAAAGYDVEKNNSRIKLGLKSLVSKGTLVQTKGTGASGSFKLNKKAASGEGKPKAKKAGAAKPRKPAGAAKKPKKVAGAATPKKSIKKTPKKVKKPATAAGTKKVAKSAKKVKTPQPKKAAKSPAKAKAPKPKAAKPKSGKPKVTKAKKAAPKKK',
'H1.3_(Homo_sapiens)');
INSERT INTO `curatedhitdb`.`sequence_has_publication`
(`sequence_accession`,
`publication_id`)
VALUES
('NP_005311.1',
'26689747');
INSERT INTO `curatedhitdb`.`sequence`
(`accession`,
`variant`,
`gi`,
`ncbi_gene_id`,
`hgnc_gene_name`,
`taxonomy_id`,
`organism`,
`phylum`,
`class`,
`taxonomy_group`,
`info`,
`sequence`,
`variant_under_consideration`)
VALUES
('NP_005312.1',
null,
null,
'3008',
'H1-4',
9606,
'Homo sapiens',
'Chordata',
'Mammalia',
'Mammalia',
null,
'MSETAPAAPAAPAPAEKTPVKKKARKSAGAAKRKASGPPVSELITKAVAASKERSGVSLAALKKALAAAGYDVEKNNSRIKLGLKSLVSKGTLVQTKGTGASGSFKLNKKAASGEAKPKAKKAGAAKAKKPAGAAKKPKKATGAATPKKSAKKTPKKAKKPAAAAGAKKAKSPKKAKAAKPKKAPKSPAKAKAVKPKAAKPKTAKPKAAKPKKAAAKKK',
'H1.4_(Homo_sapiens)');
INSERT INTO `curatedhitdb`.`sequence_has_publication`
(`sequence_accession`,
`publication_id`)
VALUES
('NP_005312.1',
'26689747');
INSERT INTO `curatedhitdb`.`sequence`
(`accession`,
`variant`,
`gi`,
`ncbi_gene_id`,
`hgnc_gene_name`,
`taxonomy_id`,
`organism`,
`phylum`,
`class`,
`taxonomy_group`,
`info`,
`sequence`,
`variant_under_consideration`)
VALUES
('NP_005313.1',
null,
null,
'3009',
'H1-5',
9606,
'Homo sapiens',
'Chordata',
'Mammalia',
'Mammalia',
null,
'MSETAPAETATPAPVEKSPAKKKATKKAAGAGAAKRKATGPPVSELITKAVAASKERNGLSLAALKKALAAGGYDVEKNNSRIKLGLKSLVSKGTLVQTKGTGASGSFKLNKKAASGEAKPKAKKAGAAKAKKPAGATPKKAKKAAGAKKAVKKTPKKAKKPAAAGVKKVAKSPKKAKAAAKPKKATKSPAKPKAVKPKAAKPKAAKPKAAKPKAAKAKKAAAKKK',
'H1.5_(Homo_sapiens)');
INSERT INTO `curatedhitdb`.`sequence_has_publication`
(`sequence_accession`,
`publication_id`)
VALUES
('NP_005313.1',
'26689747');
INSERT INTO `curatedhitdb`.`sequence`
(`accession`,
`variant`,
`gi`,
`ncbi_gene_id`,
`hgnc_gene_name`,
`taxonomy_id`,
`organism`,
`phylum`,
`class`,
`taxonomy_group`,
`info`,
`sequence`,
`variant_under_consideration`)
VALUES
('NP_005314.2',
null,
null,
'3010',
'H1-6',
9606,
'Homo sapiens',
'Chordata',
'Mammalia',
'Mammalia',
null,
'MSETVPAASASAGVAAMEKLPTKKRGRKPAGLISASRKVPNLSVSKLITEALSVSQERVGMSLVALKKALAAAGYDVEKNNSRIKLSLKSLVNKGILVQTRGTGASGSFKLSKKVIPKSTRSKAKKSVSAKTKKLVLSRDSKSPKTAKTNKRAKKPRATTPKTVRSGRKAKGAKGKQQQKSPVKARASKSKLTQHHEVNVRKATSKK',
'H1.6_(Homo_sapiens)');
INSERT INTO `curatedhitdb`.`sequence_has_publication`
(`sequence_accession`,
`publication_id`)
VALUES
('NP_005314.2',
'26689747');
INSERT INTO `curatedhitdb`.`sequence`
(`accession`,
`variant`,
`gi`,
`ncbi_gene_id`,
`hgnc_gene_name`,
`taxonomy_id`,
`organism`,
`phylum`,
`class`,
`taxonomy_group`,
`info`,
`sequence`,
`variant_under_consideration`)
VALUES
('NP_005315.1',
'H3.3_(Homo_sapiens)',
null,
'3021',
'H3-3B',
9606,
'Homo sapiens',
'Chordata',
'Mammalia',
'Mammalia',
null,
'MARTKQTARKSTGGKAPRKQLATKAARKSAPSTGGVKKPHRYRPGTVALREIRRYQKSTELLIRKLPFQRLVREIAQDFKTDLRFQSAAIGALQEASEAYLVGLFEDTNLCAIHAKRVTIMPKDIQLARRIRGERA',
null);
INSERT INTO `curatedhitdb`.`sequence_has_publication`
(`sequence_accession`,
`publication_id`)
VALUES
('NP_005315.1',
'19412883');
INSERT INTO `curatedhitdb`.`sequence`
(`accession`,
`variant`,
`gi`,
`ncbi_gene_id`,
`hgnc_gene_name`,
`taxonomy_id`,
`organism`,
`phylum`,
`class`,
`taxonomy_group`,
`info`,
`sequence`,
`variant_under_consideration`)
VALUES
('NP_005316.1',
null,
null,
'3024',
'H1-1',
9606,
'Homo sapiens',
'Chordata',
'Mammalia',
'Mammalia',
null,
'MSETVPPAPAASAAPEKPLAGKKAKKPAKAAAASKKKPAGPSVSELIVQAASSSKERGGVSLAALKKALAAAGYDVEKNNSRIKLGIKSLVSKGTLVQTKGTGASGSFKLNKKASSVETKPGASKVATKTKATGASKKLKKATGASKKSVKTPKKAKKPAATRKSSKNPKKPKTVKPKKVAKSPAKAKAVKPKAAKARVTKPKTAKPKKAAPKKK',
'H1.1_(Homo_sapiens)');
INSERT INTO `curatedhitdb`.`sequence_has_publication`
(`sequence_accession`,
`publication_id`)
VALUES
('NP_005316.1',
'26689747');
INSERT INTO `curatedhitdb`.`sequence`
(`accession`,
`variant`,
`gi`,
`ncbi_gene_id`,
`hgnc_gene_name`,
`taxonomy_id`,
`organism`,
`phylum`,
`class`,
`taxonomy_group`,
`info`,
`sequence`,
`variant_under_consideration`)
VALUES
('NP_006017.1',
null,
null,
'8971',
'H1-10',
9606,
'Homo sapiens',
'Chordata',
'Mammalia',
'Mammalia',
null,
'MSVELEEALPVTTAEGMAKKVTKAGGSAALSPSKKRKNSKKKNQPGKYSQLVVETIRRLGERNGSSLAKIYTEAKKVPWFDQQNGRTYLKYSIKALVQNDTLLQVKGTGANGSFKLNRKKLEGGGERRGAPAAATAPAPTAHKAKKAAPGAAGSRRADKKPARGQKPEQRSHKKGAGAKKDKGGKAKKTAAAGGKKVKKAAKPSVPKVPKGRK',
'H1.10_(Homo_sapiens)');
INSERT INTO `curatedhitdb`.`sequence_has_publication`
(`sequence_accession`,
`publication_id`)
VALUES
('NP_006017.1',
'26689747');
INSERT INTO `curatedhitdb`.`sequence`
(`accession`,
`variant`,
`gi`,
`ncbi_gene_id`,
`hgnc_gene_name`,
`taxonomy_id`,
`organism`,
`phylum`,
`class`,
`taxonomy_group`,
`info`,
`sequence`,
`variant_under_consideration`)
VALUES
('NP_009552.1',
'H2A.X_(Fungi)',
'6319470',
null,
null,
559292,
'Saccharomyces cerevisiae S288C',
'Ascomycota',
'Saccharomycetes',
null,
null,
'MSGGKGGKAGSAAKASQSRSAKAGLTFPVGRVHRLLRRGNYAQRIGSGAPVYLTAVLEYLAAEILELAGNAARDNKKTRIIPRHLQLAIRNDDELNKLLGNVTIAQGGVLPNIHQNLLPKKSAKTAKASQEL',
null);
INSERT INTO `curatedhitdb`.`sequence_has_publication`
(`sequence_accession`,
`publication_id`)
VALUES
('NP_009552.1',
'22650316');
INSERT INTO `curatedhitdb`.`sequence_has_publication`
(`sequence_accession`,
`publication_id`)
VALUES
('NP_009552.1',
'26989147');
INSERT INTO `curatedhitdb`.`sequence`
(`accession`,
`variant`,
`gi`,
`ncbi_gene_id`,
`hgnc_gene_name`,
`taxonomy_id`,
`organism`,
`phylum`,
`class`,
`taxonomy_group`,
`info`,
`sequence`,
`variant_under_consideration`)
VALUES
('NP_009553.1',
'cH2B_(Fungi)',
'6319471',
null,
null,
559292,
'Saccharomyces cerevisiae S288C',
'Ascomycota',
'Saccharomycetes',
null,
null,
'MSSAAEKKPASKAPAEKKPAAKKTSTSVDGKKRSKVRKETYSSYIYKVLKQTHPDTGISQKSMSILNSFVNDIFERIATEASKLAAYNKKSTISAREIQTAVRLILPGELAKHAVSEGTRAVTKYSSSTQA',
null);
INSERT INTO `curatedhitdb`.`sequence`
(`accession`,
`variant`,
`gi`,
`ncbi_gene_id`,
`hgnc_gene_name`,
`taxonomy_id`,
`organism`,
`phylum`,
`class`,
`taxonomy_group`,
`info`,
`sequence`,
`variant_under_consideration`)
VALUES
('NP_009563.1',
'cH4',
'6319481',
null,
null,
559292,
'Saccharomyces cerevisiae S288C',
'Ascomycota',
'Saccharomycetes',
null,
null,
'MSGRGKGGKGLGKGGAKRHRKILRDNIQGITKPAIRRLARRGGVKRISGLIYEEVRAVLKSFLESVIRDSVTYTEHAKRKTVTSLDVVYALKRQGRTLYGFGG',
null);
INSERT INTO `curatedhitdb`.`sequence`
(`accession`,
`variant`,
`gi`,
`ncbi_gene_id`,
`hgnc_gene_name`,
`taxonomy_id`,
`organism`,
`phylum`,
`class`,
`taxonomy_group`,
`info`,
`sequence`,
`variant_under_consideration`)
VALUES
('NP_009564.1',
'H3.3',
'6319482',
null,
null,
559292,
'Saccharomyces cerevisiae S288C',
'Ascomycota',
'Saccharomycetes',
null,
null,
'MARTKQTARKSTGGKAPRKQLASKAARKSAPSTGGVKKPHRYKPGTVALREIRRFQKSTELLIRKLPFQRLVREIAQDFKTDLRFQSSAIGALQESVEAYLVSLFEDTNLAAIHAKRVTIQKKDIKLARRLRGERS',
null);
INSERT INTO `curatedhitdb`.`sequence`
(`accession`,
`variant`,
`gi`,
`ncbi_gene_id`,
`hgnc_gene_name`,
`taxonomy_id`,
`organism`,
`phylum`,
`class`,
`taxonomy_group`,
`info`,
`sequence`,
`variant_under_consideration`)
VALUES
('NP_010510.3',
'cH2B_(Fungi)',
'398366183',
null,
null,
559292,
'Saccharomyces cerevisiae S288C',
'Ascomycota',
'Saccharomycetes',
null,
null,
'MSAKAEKKPASKAPAEKKPAAKKTSTSTDGKKRSKARKETYSSYIYKVLKQTHPDTGISQKSMSILNSFVNDIFERIATEASKLAAYNKKSTISAREIQTAVRLILPGELAKHAVSEGTRAVTKYSSSTQA',
null);
INSERT INTO `curatedhitdb`.`sequence`
(`accession`,
`variant`,
`gi`,
`ncbi_gene_id`,
`hgnc_gene_name`,
`taxonomy_id`,
`organism`,
`phylum`,
`class`,
`taxonomy_group`,
`info`,
`sequence`,
`variant_under_consideration`)
VALUES
('NP_010511.3',
'H2A.X_(Fungi)',
'398366187',
null,
null,
559292,
'Saccharomyces cerevisiae S288C',
'Ascomycota',
'Saccharomycetes',
null,
null,
'MSGGKGGKAGSAAKASQSRSAKAGLTFPVGRVHRLLRRGNYAQRIGSGAPVYLTAVLEYLAAEILELAGNAARDNKKTRIIPRHLQLAIRNDDELNKLLGNVTIAQGGVLPNIHQNLLPKKSAKATKASQEL',
null);
INSERT INTO `curatedhitdb`.`sequence_has_publication`
(`sequence_accession`,
`publication_id`)
VALUES
('NP_010511.3',
'22650316');
INSERT INTO `curatedhitdb`.`sequence_has_publication`
(`sequence_accession`,
`publication_id`)
VALUES
('NP_010511.3',
'26989147');
INSERT INTO `curatedhitdb`.`sequence`
(`accession`,
`variant`,
`gi`,
`ncbi_gene_id`,
`hgnc_gene_name`,
`taxonomy_id`,
`organism`,
`phylum`,
`class`,
`taxonomy_group`,
`info`,
`sequence`,
`variant_under_consideration`)
VALUES
('NP_012875.2',
null,
'27808712',
null,
null,
559292,
'Saccharomyces cerevisiae S288C',
'Ascomycota',
'Saccharomycetes',
null,
null,
'MSSKQQWVSSAIQSDSSGRSLSNVNRLAGDQQSINDRALSLLQRTRATKNLFPRREERRRYESSKSDLDIETDYEDQAGNLEIETENEEEAEMETEVPAPVRTHSYALDRYVRQKRREKQRKQSLKRVEKKYTPSELALYEIRKYQRSTDLLISKIPFARLVKEVTDEFTTKDQDLRWQSMAIMALQEASEAYLVGLLEHTNLLALHAKRITIMKKDMQLARRIRGQFI',
'cenH3_(Fungi)');
INSERT INTO `curatedhitdb`.`sequence`
(`accession`,
`variant`,
`gi`,
`ncbi_gene_id`,
`hgnc_gene_name`,
`taxonomy_id`,
`organism`,
`phylum`,
`class`,
`taxonomy_group`,
`info`,
`sequence`,
`variant_under_consideration`)
VALUES
('NP_014631.1',
'H2A.Z',
'6324562',
null,
null,
559292,
'Saccharomyces cerevisiae S288C',
'Ascomycota',
'Saccharomycetes',
null,
null,
'MSGKAHGGKGKSGAKDSGSLRSQSSSARAGLQFPVGRIKRYLKRHATGRTRVGSKAAIYLTAVLEYLTAEVLELAGNAAKDLKVKRITPRHLQLAIRGDDELDSLIRATIASGGVLPHINKALLLKVEKKGSKK',
null);
INSERT INTO `curatedhitdb`.`sequence_has_publication`
(`sequence_accession`,
`publication_id`)
VALUES
('NP_014631.1',
'22650316');
INSERT INTO `curatedhitdb`.`sequence_has_publication`
(`sequence_accession`,
`publication_id`)
VALUES
('NP_014631.1',
'26989147');
INSERT INTO `curatedhitdb`.`sequence`
(`accession`,
`variant`,
`gi`,
`ncbi_gene_id`,
`hgnc_gene_name`,
`taxonomy_id`,
`organism`,
`phylum`,
`class`,
`taxonomy_group`,
`info`,
`sequence`,
`variant_under_consideration`)
VALUES
('NP_015198.1',
'scH1',
'6325130',
null,
null,
559292,
'Saccharomyces cerevisiae S288C',
'Ascomycota',
'Saccharomycetes',
null,
null,
'MAPKKSTTKTTSKGKKPATSKGKEKSTSKAAIKKTTAKKEEASSKSYRELIIEGLTALKERKGSSRPALKKFIKENYPIVGSASNFDLYFNNAIKKGVEAGDFEQPKGPAGAVKLAKKKSPEVKKEKEVSPKPKQAATSVSATASKAKAASTKLAPKKVVKKKSPTVTAKKASSPSSLTYKEMILKSMPQLNDGKGSSRIVLKKYVKDTFSSKLKTSSNFDYLFNSAIKKCVENGELVQPKGPSGIIKLNKKKVKLST',
null);
INSERT INTO `curatedhitdb`.`sequence`
(`accession`,
`variant`,
`gi`,
`ncbi_gene_id`,
`hgnc_gene_name`,
`taxonomy_id`,
`organism`,
`phylum`,
`class`,
`taxonomy_group`,
`info`,
`sequence`,
`variant_under_consideration`)
VALUES
('NP_031707.1',
null,
'6680920',
null,
null,
10090,
'Mus musculus',
'Chordata',
'Mammalia',
null,
null,
'MGPRRKPQTPRRRPSSPAPGPSRQSSSVGSQTLRRRQKFMWLKEIKTLQKSTDLLFRKKPFSMVVREICEKFSRGVDFWWQAQALLALQEAAEAFLIHLFEDAYLLSLHAGRVTLFPKDIQLTRRIRGFEGGLP',
'cenH3_(Mammalia)');
INSERT INTO `curatedhitdb`.`sequence`
(`accession`,
`variant`,
`gi`,
`ncbi_gene_id`,
`hgnc_gene_name`,
`taxonomy_id`,
`organism`,
`phylum`,
`class`,
`taxonomy_group`,
`info`,
`sequence`,
`variant_under_consideration`)
VALUES
('NP_032223.2',
'H1.0',
'31560697',
null,
null,
10090,
'Mus musculus',
'Chordata',
'Mammalia',
null,
null,
'MTENSTSAPAAKPKRAKASKKSTDHPKYSDMIVAAIQAEKNRAGSSRQSIQKYIKSHYKVGENADSQIKLSIKRLVTTGVLKQTKGVGASGSFRLAKGDEPKRSVAFKKTKKEVKKVATPKKAAKPKKAASKAPSKKPKATPVKKAKKKPAATPKKAKKPKVVKVKPVKASKPKKAKTVKPKAKSSAKRASKKK',
null);
INSERT INTO `curatedhitdb`.`sequence`
(`accession`,
`variant`,
`gi`,
`ncbi_gene_id`,
`hgnc_gene_name`,
`taxonomy_id`,
`organism`,
`phylum`,
`class`,
`taxonomy_group`,
`info`,
`sequence`,
`variant_under_consideration`)
VALUES
('NP_032236.1',
'H3.3',
'6680159',
null,
null,
10090,
'Mus musculus',
'Chordata',
'Mammalia',
null,
null,
'MARTKQTARKSTGGKAPRKQLATKAARKSAPSTGGVKKPHRYRPGTVALREIRRYQKSTELLIRKLPFQRLVREIAQDFKTDLRFQSAAIGALQEASEAYLVGLFEDTNLCAIHAKRVTIMPKDIQLARRIRGERA',
null);
INSERT INTO `curatedhitdb`.`sequence`
(`accession`,
`variant`,
`gi`,
`ncbi_gene_id`,
`hgnc_gene_name`,
`taxonomy_id`,
`organism`,
`phylum`,
`class`,
`taxonomy_group`,
`info`,
`sequence`,
`variant_under_consideration`)
VALUES
('NP_034507.2',
'TS_H1.6',
'112807207',
null,
null,
10090,
'Mus musculus',
'Chordata',
'Mammalia',
null,
null,
'MSETAPAASSTLVPAPVEEKPSSKRRGKKPGLAPARKPRGFSVSKLIPEALSTSQERAGMSLAALKKALAAAGYDVEKNNSRIKLALKRLVNKGVLVQTKGTGASGSFKLSKKAASGNDKGKGKKSASAKAKKMGLPRASRSPKSSKTKAVKKPKATPTKASGSGRKTKGAKGVQQRKSPAKARAANPNSGKAKMVMQKTDLRKAAGRK',
null);
INSERT INTO `curatedhitdb`.`sequence`
(`accession`,
`variant`,
`gi`,
`ncbi_gene_id`,
`hgnc_gene_name`,
`taxonomy_id`,
`organism`,
`phylum`,
`class`,
`taxonomy_group`,
`info`,
`sequence`,
`variant_under_consideration`)
VALUES
('NP_034566.1',
'H2A.X_(Mus_musculus)',
'7106331',
null,
null,
10090,
'Mus musculus',
'Chordata',
'Mammalia',
null,
null,
'MSGRGKTGGKARAKAKSRSSRAGLQFPVGRVHRLLRKGHYAERVGAGAPVYLAAVLEYLTAEILELAGNAARDNKKTRIIPRHLQLAIRNDEELNKLLGGVTIAQGGVLPNIQAVLLPKKSSATVGPKAPAVGKKASQASQEY',
null);
INSERT INTO `curatedhitdb`.`sequence_has_publication`
(`sequence_accession`,
`publication_id`)
VALUES
('NP_034566.1',
'22650316');
INSERT INTO `curatedhitdb`.`sequence_has_publication`
(`sequence_accession`,
`publication_id`)
VALUES
('NP_034566.1',
'26989147');
INSERT INTO `curatedhitdb`.`sequence`
(`accession`,
`variant`,
`gi`,
`ncbi_gene_id`,
`hgnc_gene_name`,
`taxonomy_id`,
`organism`,
`phylum`,
`class`,
`taxonomy_group`,
`info`,
`sequence`,
`variant_under_consideration`)
VALUES
('NP_036406.1',
'H2A.P_(Homo_sapiens)',
null,
'25763',
'H2AP',
9606,
'Homo sapiens',
'Chordata',
'Mammalia',
'Mammalia',
null,
'MSEKKNCKNSSTNNNQTQDPSRNELQVPRSFVDRVVQDERDVQSQSSSTINTLLTLLDCLADYIMERVGLEASNNGSMRNTSQDREREVDNNREPHSAESDVTRFLFDEMPKSRKND',
null);
INSERT INTO `curatedhitdb`.`sequence_has_publication`
(`sequence_accession`,
`publication_id`)
VALUES
('NP_036406.1',
'29549088');
INSERT INTO `curatedhitdb`.`sequence_has_publication`
(`sequence_accession`,
`publication_id`)
VALUES
('NP_036406.1',
'35099534');
INSERT INTO `curatedhitdb`.`sequence`
(`accession`,
`variant`,
`gi`,
`ncbi_gene_id`,
`hgnc_gene_name`,
`taxonomy_id`,
`organism`,
`phylum`,
`class`,
`taxonomy_group`,
`info`,
`sequence`,
`variant_under_consideration`)
VALUES
('NP_036544.1',
'H2A.Z.2.s1_(Homo_sapiens)',
null,
'94239',
'H2AZ2',
9606,
'Homo sapiens',
'Chordata',
'Mammalia',
'Mammalia',
null,
'MAGGKAGKDSGKAKAKAVSRSQRAGLQFPVGRIHRHLKTRTTSHGRVGATAAVYSAAILEYLTAEVLELAGNASKDLKVKRITPRHLQLAIRGDEELDSLIKATIAGGGVIPHIHKSLIGKKGQQKTA',
null);
INSERT INTO `curatedhitdb`.`sequence_has_publication`
(`sequence_accession`,
`publication_id`)
VALUES
('NP_036544.1',
'22467210');
INSERT INTO `curatedhitdb`.`publication`
(`id`,
`title`,
`doi`,
`author`,
`year`)
VALUES
('33073403',
null,
null,
null,
null);
INSERT INTO `curatedhitdb`.`sequence_has_publication`
(`sequence_accession`,
`publication_id`)
VALUES
('NP_036544.1',
'33073403');
INSERT INTO `curatedhitdb`.`sequence_has_publication`
(`sequence_accession`,
`publication_id`)
VALUES
('NP_036544.1',
'33771851');
INSERT INTO `curatedhitdb`.`sequence`
(`accession`,
`variant`,
`gi`,
`ncbi_gene_id`,
`hgnc_gene_name`,
`taxonomy_id`,
`organism`,
`phylum`,
`class`,
`taxonomy_group`,
`info`,
`sequence`,
`variant_under_consideration`)
VALUES
('NP_036710.1',
'H1.0',
'6981004',
null,
null,
10116,
'Rattus norvegicus',
'Chordata',
'Mammalia',
null,
null,
'MTENSTSTPAAKPKRAKAAKKSTDHPKYSDMIVAAIQAEKNRAGSSRQSIQKYIKSHYKVGENADSQIKLSIKRLVTTGVLKQTKGVGASGSFRLAKGDEPKRSVAFKKTKKEVKKVATPKKAAKPKKAASKAPSKKPKATPVKKAKKKPAATPKKAKKPKIVKVKPVKASKPKKAKPVKPKAKSSAKRASKKK',
null);
INSERT INTO `curatedhitdb`.`sequence`
(`accession`,
`variant`,
`gi`,
`ncbi_gene_id`,
`hgnc_gene_name`,
`taxonomy_id`,
`organism`,
`phylum`,
`class`,
`taxonomy_group`,
`info`,
`sequence`,
`variant_under_consideration`)
VALUES
('NP_036711.1',
'TS_H1.6',
'6981006',
null,
null,
10116,
'Rattus norvegicus',
'Chordata',
'Mammalia',
null,
null,
'MSETAPAASSTLVPAPVEKPATKRRGKKPGMATARKPRGFSVSKLIPEALSMSQERAGMSLAALKKALAAAGYDVEKNNSRIKLALKRLVNKGVLVQTKGTGASGSFKLSKKAASGNDKGKGKKSASAKAKKLGLSRASRSPKSSKTKVVKKPKATPTKGSGSRRKTKGAKGLQQRKSPAKARATNSNSGKSKMVMQKTDLRKAAGRK',
null);
INSERT INTO `curatedhitdb`.`sequence`
(`accession`,
`variant`,
`gi`,
`ncbi_gene_id`,
`hgnc_gene_name`,
`taxonomy_id`,
`organism`,
`phylum`,
`class`,
`taxonomy_group`,
`info`,
`sequence`,
`variant_under_consideration`)
VALUES
('NP_056601.1',
'generic_H1',
'9845257',
null,
null,
10090,
'Mus musculus',
'Chordata',
'Mammalia',
null,
null,
'MSEAAPAAPAAAPPAEKAPAKKKAAKKPAGVRRKASGPPVSELITKAVAASKERSGVSLAALKKALAAAGYDVEKNNSRIKLGLKSLVSKGILVQTKGTGASGSFKLNKKAASGEAKPQAKKAGAAKAKKPAGAAKKPKKATGAATPKKAAKKTPKKAKKPAAAAVTKKVAKSPKKAKVTKPKKVKSASKAVKPKAAKPKVAKAKKVAAKKK',
null);
INSERT INTO `curatedhitdb`.`sequence`
(`accession`,
`variant`,
`gi`,
`ncbi_gene_id`,
`hgnc_gene_name`,
`taxonomy_id`,
`organism`,
`phylum`,
`class`,
`taxonomy_group`,
`info`,
`sequence`,
`variant_under_consideration`)
VALUES
('NP_061119.1',
'macroH2A.2_(Homo_sapiens)',
null,
'55506',
'MACROH2A2',
9606,
'Homo sapiens',
'Chordata',
'Mammalia',
'Mammalia',
null,
'MSGRSGKKKMSKLSRSARAGVIFPVGRLMRYLKKGTFKYRISVGAPVYMAAVIEYLAAEILELAGNAARDNKKARIAPRHILLAVANDEELNQLLKGVTIASGGVLPRIHPELLAKKRGTKGKSETILSPPPEKRGRKATSGKKGGKKSKAAKPRTSKKSKPKDSDKEGTSNSTSEDGPGDGFTILSSKSLVLGQKLSLTQSDISHIGSMRVEGIVHPTTAEIDLKEDIGKALEKAGGKEFLETVKELRKSQGPLEVAEAAVSQSSGLAAKFVIHCHIPQWGSDKCEEQLEETIKNCLSAAEDKKLKSVAFPPFPSGRNCFPKQTAAQVTLKAISAHFDDSSASSLKNVYFLLFDSESIGIYVQEMAKLDAK',
null);
INSERT INTO `curatedhitdb`.`sequence_has_publication`
(`sequence_accession`,
`publication_id`)
VALUES
('NP_061119.1',
'31015383');
INSERT INTO `curatedhitdb`.`sequence`
(`accession`,
`variant`,
`gi`,
`ncbi_gene_id`,
`hgnc_gene_name`,
`taxonomy_id`,
`organism`,
`phylum`,
`class`,
`taxonomy_group`,
`info`,
`sequence`,
`variant_under_consideration`)
VALUES
('NP_061262.1',
'TS_H1.9',
'9055232',
null,
null,
10090,
'Mus musculus',
'Chordata',
'Mammalia',
null,
null,
'MAQMVAGDQDAGTLWVPSQSESQTESDISTQSLRKPTMSYVILKTLADKRVHNCVSLATLKKAVSITGYNMTHNTWRFKRVLQNLLDKGMIMHVTCCKGASGSLCLCKERALKSNHRAKRCQDRQKSQKPQKPGQRESEPCQLLLSSKKKNDQLFKGVRRVAKGNRHCHY',
null);
INSERT INTO `curatedhitdb`.`sequence`
(`accession`,
`variant`,
`gi`,
`ncbi_gene_id`,
`hgnc_gene_name`,
`taxonomy_id`,
`organism`,
`phylum`,
`class`,
`taxonomy_group`,
`info`,
`sequence`,
`variant_under_consideration`)
VALUES
('NP_066298.1',
'cH3.1_(Homo_sapiens)',
null,
'8968',
'H3C7',
9606,
'Homo sapiens',
'Chordata',
'Mammalia',
'Mammalia',
null,
'MARTKQTARKSTGGKAPRKQLATKAARKSAPATGGVKKPHRYRPGTVALREIRRYQKSTELLIRKLPFQRLVREIAQDFKTDLRFQSSAVMALQEACEAYLVGLFEDTNLCAIHAKRVTIMPKDIQLARRIRGERA',
null);
INSERT INTO `curatedhitdb`.`sequence_has_publication`
(`sequence_accession`,
`publication_id`)
VALUES
('NP_066298.1',
'12408966');
INSERT INTO `curatedhitdb`.`sequence`
(`accession`,
`variant`,
`gi`,
`ncbi_gene_id`,
`hgnc_gene_name`,
`taxonomy_id`,
`organism`,
`phylum`,
`class`,
`taxonomy_group`,
`info`,
`sequence`,
`variant_under_consideration`)
VALUES
('NP_066390.1',
'cH2A.2_(Homo_sapiens)',
null,
'3012',
'H2AC8',
9606,
'Homo sapiens',
'Chordata',
'Mammalia',
'Mammalia',
null,
'MSGRGKQGGKARAKAKTRSSRAGLQFPVGRVHRLLRKGNYSERVGAGAPVYLAAVLEYLTAEILELAGNAARDNKKTRIIPRHLQLAIRNDEELNKLLGRVTIAQGGVLPNIQAVLLPKKTESHHKAKGK',
null);
INSERT INTO `curatedhitdb`.`sequence_has_publication`
(`sequence_accession`,
`publication_id`)
VALUES
('NP_066390.1',
'12408966');
INSERT INTO `curatedhitdb`.`sequence_has_publication`
(`sequence_accession`,
`publication_id`)
VALUES
('NP_066390.1',
'25731851');
INSERT INTO `curatedhitdb`.`sequence`
(`accession`,
`variant`,
`gi`,
`ncbi_gene_id`,
`hgnc_gene_name`,
`taxonomy_id`,
`organism`,
`phylum`,
`class`,
`taxonomy_group`,
`info`,
`sequence`,
`variant_under_consideration`)
VALUES
('NP_066402.2',
'cH2B.6_(Homo_sapiens)',
null,
'8970',
'H2BC11',
9606,
'Homo sapiens',
'Chordata',
'Mammalia',
'Mammalia',
null,
'MPEPAKSAPAPKKGSKKAVTKAQKKDGKKRKRSRKESYSIYVYKVLKQVHPDTGISSKAMGIMNSFVNDIFERIAGEASRLAHYNKRSTITSREIQTAVRLLLPGELAKHAVSEGTKAVTKYTSAK',
null);
INSERT INTO `curatedhitdb`.`sequence_has_publication`
(`sequence_accession`,
`publication_id`)
VALUES
('NP_066402.2',
'12408966');
INSERT INTO `curatedhitdb`.`sequence_has_publication`
(`sequence_accession`,
`publication_id`)
VALUES
('NP_066402.2',
'25731851');
INSERT INTO `curatedhitdb`.`sequence`
(`accession`,
`variant`,
`gi`,
`ncbi_gene_id`,
`hgnc_gene_name`,
`taxonomy_id`,
`organism`,
`phylum`,
`class`,
`taxonomy_group`,
`info`,
`sequence`,
`variant_under_consideration`)
VALUES
('NP_066403.2',
'cH3.2_(Homo_sapiens)',
null,
'126961',
'H3C14',
9606,
'Homo sapiens',
'Chordata',
'Mammalia',
'Mammalia',
null,
'MARTKQTARKSTGGKAPRKQLATKAARKSAPATGGVKKPHRYRPGTVALREIRRYQKSTELLIRKLPFQRLVREIAQDFKTDLRFQSSAVMALQEASEAYLVGLFEDTNLCAIHAKRVTIMPKDIQLARRIRGERA',
null);
INSERT INTO `curatedhitdb`.`sequence_has_publication`
(`sequence_accession`,
`publication_id`)
VALUES
('NP_066403.2',
'12408966');
INSERT INTO `curatedhitdb`.`sequence`
(`accession`,
`variant`,
`gi`,
`ncbi_gene_id`,
`hgnc_gene_name`,
`taxonomy_id`,
`organism`,
`phylum`,
`class`,
`taxonomy_group`,
`info`,
`sequence`,
`variant_under_consideration`)
VALUES
('NP_066406.1',
'cH2B.2_(Homo_sapiens)',
null,
'3018',
'H2BC3',
9606,
'Homo sapiens',
'Chordata',
'Mammalia',
'Mammalia',
null,
'MPEPSKSAPAPKKGSKKAITKAQKKDGKKRKRSRKESYSIYVYKVLKQVHPDTGISSKAMGIMNSFVNDIFERIAGEASRLAHYNKRSTITSREIQTAVRLLLPGELAKHAVSEGTKAVTKYTSSK',
null);
INSERT INTO `curatedhitdb`.`sequence_has_publication`
(`sequence_accession`,
`publication_id`)
VALUES
('NP_066406.1',
'12408966');
INSERT INTO `curatedhitdb`.`sequence_has_publication`
(`sequence_accession`,
`publication_id`)
VALUES
('NP_066406.1',
'25731851');
INSERT INTO `curatedhitdb`.`sequence`
(`accession`,
`variant`,
`gi`,
`ncbi_gene_id`,
`hgnc_gene_name`,
`taxonomy_id`,
`organism`,
`phylum`,
`class`,
`taxonomy_group`,
`info`,
`sequence`,
`variant_under_consideration`)
VALUES
('NP_066407.1',
'cH2B.4_(Homo_sapiens)',
null,
'3017',
'H2BC5',
9606,
'Homo sapiens',
'Chordata',
'Mammalia',
'Mammalia',
null,
'MPEPTKSAPAPKKGSKKAVTKAQKKDGKKRKRSRKESYSVYVYKVLKQVHPDTGISSKAMGIMNSFVNDIFERIAGEASRLAHYNKRSTITSREIQTAVRLLLPGELAKHAVSEGTKAVTKYTSSK',
null);
INSERT INTO `curatedhitdb`.`sequence_has_publication`
(`sequence_accession`,
`publication_id`)
VALUES
('NP_066407.1',
'12408966');
INSERT INTO `curatedhitdb`.`sequence_has_publication`
(`sequence_accession`,
`publication_id`)
VALUES
('NP_066407.1',
'25731851');
INSERT INTO `curatedhitdb`.`sequence`
(`accession`,
`variant`,
`gi`,
`ncbi_gene_id`,
`hgnc_gene_name`,
`taxonomy_id`,
`organism`,
`phylum`,
`class`,
`taxonomy_group`,
`info`,
`sequence`,
`variant_under_consideration`)
VALUES
('NP_066408.1',
'cH2A.5_(Homo_sapiens)',
null,
'8969',
'H2AC11',
9606,
'Homo sapiens',
'Chordata',
'Mammalia',
'Mammalia',
null,
'MSGRGKQGGKARAKAKTRSSRAGLQFPVGRVHRLLRKGNYAERVGAGAPVYLAAVLEYLTAEILELAGNAARDNKKTRIIPRHLQLAIRNDEELNKLLGKVTIAQGGVLPNIQAVLLPKKTESHHKAKGK',
null);
INSERT INTO `curatedhitdb`.`sequence_has_publication`
(`sequence_accession`,
`publication_id`)
VALUES
('NP_066408.1',
'12408966');
INSERT INTO `curatedhitdb`.`sequence_has_publication`
(`sequence_accession`,
`publication_id`)
VALUES
('NP_066408.1',
'25731851');
INSERT INTO `curatedhitdb`.`sequence`
(`accession`,
`variant`,
`gi`,
`ncbi_gene_id`,
`hgnc_gene_name`,
`taxonomy_id`,
`organism`,
`phylum`,
`class`,
`taxonomy_group`,
`info`,
`sequence`,
`variant_under_consideration`)
VALUES
('NP_066409.1',
'cH2A.4_(Homo_sapiens)',
null,
'3013',
'H2AC7',
9606,
'Homo sapiens',
'Chordata',
'Mammalia',
'Mammalia',
null,
'MSGRGKQGGKARAKAKTRSSRAGLQFPVGRVHRLLRKGNYSERVGAGAPVYLAAVLEYLTAEILELAGNAARDNKKTRIIPRHLQLAIRNDEELNKLLGKVTIAQGGVLPNIQAVLLPKKTESHHKAKGK',
null);
INSERT INTO `curatedhitdb`.`sequence_has_publication`
(`sequence_accession`,
`publication_id`)
VALUES
('NP_066409.1',
'12408966');
INSERT INTO `curatedhitdb`.`sequence_has_publication`
(`sequence_accession`,
`publication_id`)
VALUES
('NP_066409.1',
'25731851');
INSERT INTO `curatedhitdb`.`sequence`
(`accession`,
`variant`,
`gi`,
`ncbi_gene_id`,
`hgnc_gene_name`,
`taxonomy_id`,
`organism`,
`phylum`,
`class`,
`taxonomy_group`,
`info`,
`sequence`,
`variant_under_consideration`)
VALUES
('NP_066544.1',
'cH2A.7_(Homo_sapiens)',
null,
'8331',
'H2AC14',
9606,
'Homo sapiens',
'Chordata',
'Mammalia',
'Mammalia',
null,
'MSGRGKQGGKARAKAKTRSSRAGLQFPVGRVHRLLRKGNYAERVGAGAPVYLAAVLEYLTAEILELAGNAARDNKKTRIIPRHLQLAIRNDEELNKLLGKVTIAQGGVLPNIQAVLLPKKTESHHKTK',
null);
INSERT INTO `curatedhitdb`.`sequence_has_publication`
(`sequence_accession`,
`publication_id`)
VALUES
('NP_066544.1',
'12408966');
INSERT INTO `curatedhitdb`.`sequence_has_publication`
(`sequence_accession`,
`publication_id`)
VALUES
('NP_066544.1',
'25731851');
INSERT INTO `curatedhitdb`.`sequence`
(`accession`,
`variant`,
`gi`,
`ncbi_gene_id`,
`hgnc_gene_name`,
`taxonomy_id`,
`organism`,
`phylum`,
`class`,
`taxonomy_group`,
`info`,
`sequence`,
`variant_under_consideration`)
VALUES
('NP_068612.2',
'cH2A_(Mammalia)',
'75832135',
null,
null,
10116,
'Rattus norvegicus',
'Chordata',
'Mammalia',
null,
null,
'MSGRGKQGGKARAKAKSRSSRAGLQFPVGRVHRLLRKGNYSERVGAGAPVYLAAVLEYLTAEILELAGNAARDNKKTRIIPRHLQLAIRNDEELNKLLGRVTIAQGGVLPNIQAVLLPKKTESHHKAKGK',
null);
INSERT INTO `curatedhitdb`.`sequence_has_publication`
(`sequence_accession`,
`publication_id`)
VALUES
('NP_068612.2',
'22650316');
INSERT INTO `curatedhitdb`.`sequence_has_publication`
(`sequence_accession`,
`publication_id`)
VALUES
('NP_068612.2',
'26989147');
INSERT INTO `curatedhitdb`.`sequence`
(`accession`,
`variant`,
`gi`,
`ncbi_gene_id`,
`hgnc_gene_name`,
`taxonomy_id`,
`organism`,
`phylum`,
`class`,
`taxonomy_group`,
`info`,
`sequence`,
`variant_under_consideration`)
VALUES
('NP_068803.1',
null,
null,
'8363',
'H4C11',
9606,
'Homo sapiens',
'Chordata',
'Mammalia',
'Mammalia',
null,
'MSGRGKGGKGLGKGGAKRHRKVLRDNIQGITKPAIRRLARRGGVKRISGLIYEETRGVLKVFLENVIRDAVTYTEHAKRKTVTAMDVVYALKRQGRTLYGFGG',
'cH4_(Homo_sapiens)');
INSERT INTO `curatedhitdb`.`sequence_has_publication`
(`sequence_accession`,
`publication_id`)
VALUES
('NP_068803.1',
'12408966');
INSERT INTO `curatedhitdb`.`sequence`
(`accession`,
`variant`,
`gi`,
`ncbi_gene_id`,
`hgnc_gene_name`,
`taxonomy_id`,
`organism`,
`phylum`,
`class`,
`taxonomy_group`,
`info`,
`sequence`,
`variant_under_consideration`)
VALUES
('NP_072169.1',
'cH2B_(Mammalia)',
'12025524',
null,
null,
10116,
'Rattus norvegicus',
'Chordata',
'Mammalia',
null,
null,
'MPEVSAKGTTISKKGFKKAVTKTQKKEGRKRKRCREESYSIYIYKVLKQVHPDTGISSKAMSIMNSFVTDIFERIAGEASRLAHYNKRSTITSREIQTAVRLLLPGELAKHAVSEGTKAVTKYTSSK',
null);
INSERT INTO `curatedhitdb`.`sequence`
(`accession`,
`variant`,
`gi`,
`ncbi_gene_id`,
`hgnc_gene_name`,
`taxonomy_id`,
`organism`,
`phylum`,
`class`,
`taxonomy_group`,
`info`,
`sequence`,
`variant_under_consideration`)
VALUES
('NP_072173.2',
'cH2B_(Mammalia)',
'12025526',
null,
null,
10116,
'Rattus norvegicus',
'Chordata',
'Mammalia',
null,
null,
'MPEPAKSAPAPKKGSKKAVTKAQKKDGKKRKRSRKESYSVYVYKVLKQVHPDTGISSKAMGIMNSFVNDIFERIAGEASRLAHYNKRSTITSREIQTAVRLLLPGELAKHAVSEGTKAVTKYTSSK',
null);
INSERT INTO `curatedhitdb`.`sequence`
(`accession`,
`variant`,
`gi`,
`ncbi_gene_id`,
`hgnc_gene_name`,
`taxonomy_id`,
`organism`,
`phylum`,
`class`,
`taxonomy_group`,
`info`,
`sequence`,
`variant_under_consideration`)
VALUES
('NP_080372.1',
'H2A.P_(Mus_musculus)',
'13385600',
null,
null,
10090,
'Mus musculus',
'Chordata',
'Mammalia',
null,
null,
'MSEKKSQEKPCSDNNQIEDPSSRPEVQVPVNYVYRILQEEQYTPCIGSTTSDFLLAMLDYLTDYILEVVGSEANINNQQNISQDRERQRDNDREPSRGFKNAPFSLFDEMPGPRRNG',
null);
INSERT INTO `curatedhitdb`.`sequence_has_publication`
(`sequence_accession`,
`publication_id`)
VALUES
('NP_080372.1',
'22650316');
INSERT INTO `curatedhitdb`.`sequence_has_publication`
(`sequence_accession`,
`publication_id`)
VALUES
('NP_080372.1',
'26989147');
INSERT INTO `curatedhitdb`.`sequence`
(`accession`,
`variant`,
`gi`,
`ncbi_gene_id`,
`hgnc_gene_name`,
`taxonomy_id`,
`organism`,
`phylum`,
`class`,
`taxonomy_group`,
`info`,
`sequence`,
`variant_under_consideration`)
VALUES
('NP_080903.1',
'H2A.L.2_(Mus_musculus)',
'13386112',
null,
null,
10090,
'Mus musculus',
'Chordata',
'Mammalia',
null,
'endoded by H2al2a gene on chromosome 2',
'MARKRQRRRRRKVTRSQRAELQFPVSRVDRFLREGNYSRRLSSSAPVFLAGVLEYLTSNILELAGEVAHTTGRKRIAPEHVCRVVQNNEQLHQLFKQGGTSVFEPPEPDDN',
null);
INSERT INTO `curatedhitdb`.`sequence_has_publication`
(`sequence_accession`,
`publication_id`)
VALUES
('NP_080903.1',
'22650316');
INSERT INTO `curatedhitdb`.`sequence_has_publication`
(`sequence_accession`,
`publication_id`)
VALUES
('NP_080903.1',
'26989147');
INSERT INTO `curatedhitdb`.`sequence`
(`accession`,
`variant`,
`gi`,
`ncbi_gene_id`,
`hgnc_gene_name`,
`taxonomy_id`,
`organism`,
`phylum`,
`class`,
`taxonomy_group`,
`info`,
`sequence`,
`variant_under_consideration`)
VALUES
('NP_081340.1',
'H2B.L',
'254588081',
null,
null,
10090,
'Mus musculus',
'Chordata',
'Mammalia',
null,
null,
'MAKPTFKRQCYIKRHLRPLYRKHSRCSSINLGHGNYSLYINRVLKEVVPNRGISSYSVDIMNILINDIFERIATEACQQMFLRKRCTLTPGDIQQAVHLLLPKKLATLAVTFGSKAVHRFIHS',
null);
INSERT INTO `curatedhitdb`.`sequence`
(`accession`,
`variant`,
`gi`,
`ncbi_gene_id`,
`hgnc_gene_name`,
`taxonomy_id`,
`organism`,
`phylum`,
`class`,
`taxonomy_group`,
`info`,
`sequence`,
`variant_under_consideration`)
VALUES
('NP_081580.2',
'TS_H1.7',
'257196238',
null,
null,
10090,
'Mus musculus',
'Chordata',
'Mammalia',
null,
null,
'MAEAVQPSGESQGAELTIQIQQPAERALRTPAKRGTQSVLRVSQLLLRAIAGHQHLTLDALKKELGNAGYEVRREISSHHEGKSTRLEKGTLLRVSGSDAAGYFRVWKISKPREKAGQSRLTLGSHSSGKTVLKSPRPLRPRSRRKAAKKAREVWRRKARALKARSRRVRTRSTSGARSRTRSRASSRATSRATSRARSRARSRAQSSARSSARSSAKSSAKSSTRSSAKSWARSKARSRARSRAKDLVRSKAREQAQAREQARARAREQAHARARTQDWVRAKAQEFVSAKEQQYVRAKEQERAKAREQVRIGARDEARIKAKDYNRVRPTKEDTSPRPAEEKSSNSKLREEKGQEPERPVKQTIQKPALDNAPSIQGKACTKSFTKSGQPGDTESP',
null);
INSERT INTO `curatedhitdb`.`sequence`
(`accession`,
`variant`,
`gi`,
`ncbi_gene_id`,
`hgnc_gene_name`,
`taxonomy_id`,
`organism`,
`phylum`,
`class`,
`taxonomy_group`,
`info`,
`sequence`,
`variant_under_consideration`)
VALUES
('NP_083864.1',
'H2A.L.1_(Mus_musculus)',
'13386420',
null,
null,
10090,
'Mus musculus',
'Chordata',
'Mammalia',
null,
'endoded by H2al1m gene on chromosome X',
'MAKKMQRRRRQKRTRSQRGELPLSLVDRFLREEFHSSRLSSSALSFLTSVLEYLTSNILELAGEVAHTTGRKRVTPEDVRLVVQNNEQLRQLFKPGGTSVNEDDN',
null);
INSERT INTO `curatedhitdb`.`sequence_has_publication`
(`sequence_accession`,
`publication_id`)
VALUES
('NP_083864.1',
'22650316');
INSERT INTO `curatedhitdb`.`sequence_has_publication`
(`sequence_accession`,
`publication_id`)
VALUES
('NP_083864.1',
'26989147');
INSERT INTO `curatedhitdb`.`sequence`
(`accession`,
`variant`,
`gi`,
`ncbi_gene_id`,
`hgnc_gene_name`,
`taxonomy_id`,
`organism`,
`phylum`,
`class`,
`taxonomy_group`,
`info`,
`sequence`,
`variant_under_consideration`)
VALUES
('NP_085112.1',
'generic_H1',
'21426823',
null,
null,
10090,
'Mus musculus',
'Chordata',
'Mammalia',
null,
null,
'MSETAPVAQAASTATEKPAAAKKTKKPAKAAAPRKKPAGPSVSELIVQAVSSSKERSGVSLAALKKSLAAAGYDVEKNNSRIKLGLKSLVNKGTLVQTKGTGAAGSFKLNKKAESKAITTKVSVKAKASGAAKKPKKTAGAAAKKTVKTPKKPKKPAVSKKTSKSPKKPKVVKAKKVAKSPAKAKAVKPKASKAKVTKPKTPAKPKKAAPKKK',
null);
INSERT INTO `curatedhitdb`.`sequence`
(`accession`,
`variant`,
`gi`,
`ncbi_gene_id`,
`hgnc_gene_name`,
`taxonomy_id`,
`organism`,
`phylum`,
`class`,
`taxonomy_group`,
`info`,
`sequence`,
`variant_under_consideration`)
VALUES
('NP_172161.1',
'generic_H1',
'15222199',
null,
null,
3702,
'Arabidopsis thaliana',
'Streptophyta',
'Magnoliopsida',
null,
null,
'MSEVEIENAATIEGNTAADAPVTDAAVEKKPAAKGRKTKNVKEVKEKKTVAAAPKKRTVSSHPTYEEMIKDAIVTLKERTGSSQYAIQKFIEEKRKELPPTFRKLLLLNLKRLVASGKLVKVKASFKLPSASAKASSPKAAAEKSAPAKKKPATVAVTKAKRKVAAASKAKKTIAVKPKTAAAKKVTAKAKAKPVPRATAAATKRKAVDAKPKAKARPAKAAKTAKVTSPAKKAVAATKKVATVATKKKTPVKKVVKPKTVKSPAKRASSRVKK',
null);
INSERT INTO `curatedhitdb`.`sequence`
(`accession`,
`variant`,
`gi`,
`ncbi_gene_id`,
`hgnc_gene_name`,
`taxonomy_id`,
`organism`,
`phylum`,
`class`,
`taxonomy_group`,
`info`,
`sequence`,
`variant_under_consideration`)
VALUES
('NP_172295.1',
'H2B.S',
null,
null,
null,
3702,
'Arabidopsis thaliana',
'Streptophyta',
'Magnoliopsida',
null,
null,
'MAPRKPKVVSVTKKKKVVEETIKVTVTEEGDPCVITETANDQETQDLTFSIPVGENVTTVEIPVEVPDERSLPVGENVTTVKIPVDDRDESSPQPPETPVEVRDEPSPQPPETPASKSEGTLKKTDKVEKKQENKKKKKKKKRDDLAGDEYRRYVYKVMKQVHPDLGITSKAMTVVNMFMGDMFERIAQEAARLSDYTKRRTLSSREIEAAVRLVLPGELSRHAVAEGSKAVSNFVGYDSRKR',
null);
INSERT INTO `curatedhitdb`.`sequence_has_publication`
(`sequence_accession`,
`publication_id`)
VALUES
('NP_172295.1',
'32716939');
INSERT INTO `curatedhitdb`.`sequence`
(`accession`,
`variant`,
`gi`,
`ncbi_gene_id`,
`hgnc_gene_name`,
`taxonomy_id`,
`organism`,
`phylum`,
`class`,
`taxonomy_group`,
`info`,
`sequence`,
`variant_under_consideration`)
VALUES
('NP_172363.1',
'H2A.X_(Plants)',
'15223948',
null,
null,
3702,
'Arabidopsis thaliana',
'Streptophyta',
'Magnoliopsida',
null,
null,
'MSTGAGSGTTKGGRGKPKATKSVSRSSKAGLQFPVGRIARFLKSGKYAERVGAGAPVYLSAVLEYLAAEVLELAGNAARDNKKTRIVPRHIQLAVRNDEELSKLLGSVTIANGGVLPNIHQTLLPSKVGKNKGDIGSASQEF',
null);
INSERT INTO `curatedhitdb`.`sequence_has_publication`
(`sequence_accession`,
`publication_id`)
VALUES
('NP_172363.1',
'22650316');
INSERT INTO `curatedhitdb`.`sequence_has_publication`
(`sequence_accession`,
`publication_id`)
VALUES
('NP_172363.1',
'26989147');
INSERT INTO `curatedhitdb`.`sequence`
(`accession`,
`variant`,
`gi`,
`ncbi_gene_id`,
`hgnc_gene_name`,
`taxonomy_id`,
`organism`,
`phylum`,
`class`,
`taxonomy_group`,
`info`,
`sequence`,
`variant_under_consideration`)
VALUES
('NP_175517.1',
'cH2A_(Embryophyta)',
'15223708',
null,
null,
3702,
'Arabidopsis thaliana',
'Streptophyta',
'Magnoliopsida',
null,
null,
'MAGRGKTLGSGSAKKATTRSSKAGLQFPVGRIARFLKKGKYAERVGAGAPVYLAAVLEYLAAEVLELAGNAARDNKKTRIVPRHIQLAVRNDEELSKLLGDVTIANGGVMPNIHNLLLPKKTGASKPSAEDD',
null);
INSERT INTO `curatedhitdb`.`sequence_has_publication`
(`sequence_accession`,
`publication_id`)
VALUES
('NP_175517.1',
'22650316');
INSERT INTO `curatedhitdb`.`sequence_has_publication`
(`sequence_accession`,
`publication_id`)
VALUES
('NP_175517.1',
'26989147');
INSERT INTO `curatedhitdb`.`sequence`
(`accession`,
`variant`,
`gi`,
`ncbi_gene_id`,
`hgnc_gene_name`,
`taxonomy_id`,
`organism`,
`phylum`,
`class`,
`taxonomy_group`,
`info`,
`sequence`,
`variant_under_consideration`)
VALUES
('NP_175683.1',
'H2A.Z',
'15219078',
null,
null,
3702,
'Arabidopsis thaliana',
'Streptophyta',
'Magnoliopsida',
null,
null,
'MSGKGAKGLIMGKPSGSDKDKDKKKPITRSSRAGLQFPVGRVHRLLKTRSTAHGRVGATAAVYTAAILEYLTAEVLELAGNASKDLKVKRISPRHLQLAIRGDEELDTLIKGTIAGGGVIPHIHKSLINKSAKE',
null);
INSERT INTO `curatedhitdb`.`sequence_has_publication`
(`sequence_accession`,
`publication_id`)
VALUES
('NP_175683.1',
'22650316');
INSERT INTO `curatedhitdb`.`sequence_has_publication`
(`sequence_accession`,
`publication_id`)
VALUES
('NP_175683.1',
'26989147');
INSERT INTO `curatedhitdb`.`sequence`
(`accession`,
`variant`,
`gi`,
`ncbi_gene_id`,
`hgnc_gene_name`,
`taxonomy_id`,
`organism`,
`phylum`,
`class`,
`taxonomy_group`,
`info`,
`sequence`,
`variant_under_consideration`)
VALUES
('NP_175868.1',
'H2A.X_(Plants)',
'15221875',
null,
null,
3702,
'Arabidopsis thaliana',
'Streptophyta',
'Magnoliopsida',
null,
null,
'MSSGAGSGTTKGGRGKPKATKSVSRSSKAGLQFPVGRIARFLKAGKYAERVGAGAPVYLSAVLEYLAAEVLELAGNAARDNKKTRIVPRHIQLAVRNDEELSKLLGSVTIANGGVLPNIHQTLLPSKVGKNKGDIGSASQEF',
null);
INSERT INTO `curatedhitdb`.`sequence_has_publication`
(`sequence_accession`,
`publication_id`)
VALUES
('NP_175868.1',
'22650316');
INSERT INTO `curatedhitdb`.`sequence_has_publication`
(`sequence_accession`,
`publication_id`)
VALUES
('NP_175868.1',
'26989147');
INSERT INTO `curatedhitdb`.`sequence`
(`accession`,
`variant`,
`gi`,
`ncbi_gene_id`,
`hgnc_gene_name`,
`taxonomy_id`,
`organism`,
`phylum`,
`class`,
`taxonomy_group`,
`info`,
`sequence`,
`variant_under_consideration`)
VALUES
('NP_180441.1',
'cH4',
'15226944',
null,
null,
3702,
'Arabidopsis thaliana',
'Streptophyta',
'Magnoliopsida',
null,
null,
'MSGRGKGGKGLGKGGAKRHRKVLRDNIQGITKPAIRRLARRGGVKRISGLIYEETRGVLKIFLENVIRDAVTYTEHARRKTVTAMDVVYALKRQGRTLYGFGG',
null);
INSERT INTO `curatedhitdb`.`sequence`
(`accession`,
`variant`,
`gi`,
`ncbi_gene_id`,
`hgnc_gene_name`,
`taxonomy_id`,
`organism`,
`phylum`,
`class`,
`taxonomy_group`,
`info`,
`sequence`,
`variant_under_consideration`)
VALUES
('NP_181415.1',
'H2A.Z',
'15224957',
null,
null,
3702,
'Arabidopsis thaliana',
'Streptophyta',
'Magnoliopsida',
null,
null,
'MAGKGGKGLLAAKTTAAAANKDSVKKKSISRSSRAGIQFPVGRIHRQLKQRVSAHGRVGATAAVYTASILEYLTAEVLELAGNASKDLKVKRITPRHLQLAIRGDEELDTLIKGTIAGGGVIPHIHKSLVNKVTKD',
null);
INSERT INTO `curatedhitdb`.`sequence_has_publication`
(`sequence_accession`,
`publication_id`)
VALUES
('NP_181415.1',
'22650316');
INSERT INTO `curatedhitdb`.`sequence_has_publication`
(`sequence_accession`,
`publication_id`)
VALUES
('NP_181415.1',
'26989147');
INSERT INTO `curatedhitdb`.`sequence`
(`accession`,
`variant`,
`gi`,
`ncbi_gene_id`,
`hgnc_gene_name`,
`taxonomy_id`,
`organism`,
`phylum`,
`class`,
`taxonomy_group`,
`info`,
`sequence`,
`variant_under_consideration`)
VALUES
('NP_188703.1',
'cH2A_(Embryophyta)',
'15232330',
null,
null,
3702,
'Arabidopsis thaliana',
'Streptophyta',
'Magnoliopsida',
null,
null,
'MAGRGKTLGSGVAKKSTSRSSKAGLQFPVGRIARFLKNGKYATRVGAGAPVYLAAVLEYLAAEVLELAGNAARDNKKTRIVPRHIQLAVRNDEELSKLLGDVTIANGGVMPNIHSLLLPKKAGASKPSADED',
null);
INSERT INTO `curatedhitdb`.`sequence_has_publication`
(`sequence_accession`,
`publication_id`)
VALUES
('NP_188703.1',
'22650316');
INSERT INTO `curatedhitdb`.`sequence_has_publication`
(`sequence_accession`,
`publication_id`)
VALUES
('NP_188703.1',
'26989147');
INSERT INTO `curatedhitdb`.`sequence`
(`accession`,
`variant`,
`gi`,
`ncbi_gene_id`,
`hgnc_gene_name`,
`taxonomy_id`,
`organism`,
`phylum`,
`class`,
`taxonomy_group`,
`info`,
`sequence`,
`variant_under_consideration`)
VALUES
('NP_189372.1',
'cH3',
'15232146',
null,
null,
3702,
'Arabidopsis thaliana',
'Streptophyta',
'Magnoliopsida',
null,
null,
'MARTKQTARKSTGGKAPRKQLATKAARKSAPATGGVKKPHRFRPGTVALREIRKYQKSTELLIRKLPFQRLVREIAQDFKTDLRFQSSAVAALQEAAEAYLVGLFEDTNLCAIHAKRVTIMPKDIQLARRIRGERA',
null);
INSERT INTO `curatedhitdb`.`sequence`
(`accession`,
`variant`,
`gi`,
`ncbi_gene_id`,
`hgnc_gene_name`,
`taxonomy_id`,
`organism`,
`phylum`,
`class`,
`taxonomy_group`,
`info`,
`sequence`,
`variant_under_consideration`)
VALUES
('NP_191019.1',
'H2A.Z',
'15232536',
null,
null,
3702,
'Arabidopsis thaliana',
'Streptophyta',
'Magnoliopsida',
null,
null,
'MAGKGGKGLVAAKTMAANKDKDKDKKKPISRSARAGIQFPVGRIHRQLKTRVSAHGRVGATAAVYTASILEYLTAEVLELAGNASKDLKVKRITPRHLQLAIRGDEELDTLIKGTIAGGGVIPHIHKSLINKTTKE',
null);
INSERT INTO `curatedhitdb`.`sequence_has_publication`
(`sequence_accession`,
`publication_id`)
VALUES
('NP_191019.1',
'22650316');
INSERT INTO `curatedhitdb`.`sequence_has_publication`
(`sequence_accession`,
`publication_id`)
VALUES
('NP_191019.1',
'26989147');
INSERT INTO `curatedhitdb`.`sequence`
(`accession`,
`variant`,
`gi`,
`ncbi_gene_id`,
`hgnc_gene_name`,
`taxonomy_id`,
`organism`,
`phylum`,
`class`,
`taxonomy_group`,
`info`,
`sequence`,
`variant_under_consideration`)
VALUES
('NP_193093.1',
'H2A.Z',
'15236314',
null,
null,
3702,
'Arabidopsis thaliana',
'Streptophyta',
'Magnoliopsida',
null,
null,
'MVCNTNILKDVSTKISAFENVRMIMVEGEMFQVARIHKQLKNRVSAHSSVGATDVVYMTSILEYLTTEVLQLAENTSKDLKVKRITPRHLQLAIRGDEELDTLIKGTIIGGSVIPHIH',
null);
INSERT INTO `curatedhitdb`.`sequence_has_publication`
(`sequence_accession`,
`publication_id`)
VALUES
('NP_193093.1',
'22650316');
INSERT INTO `curatedhitdb`.`sequence_has_publication`
(`sequence_accession`,
`publication_id`)
VALUES
('NP_193093.1',
'26989147');
INSERT INTO `curatedhitdb`.`sequence`
(`accession`,
`variant`,
`gi`,
`ncbi_gene_id`,
`hgnc_gene_name`,
`taxonomy_id`,
`organism`,
`phylum`,
`class`,
`taxonomy_group`,
`info`,
`sequence`,
`variant_under_consideration`)
VALUES
('NP_195713.1',
'H3.3',
'15236103',
null,
null,
3702,
'Arabidopsis thaliana',
'Streptophyta',
'Magnoliopsida',
null,
null,
'MARTKQTARKSTGGKAPRKQLATKAARKSAPTTGGVKKPHRYRPGTVALREIRKYQKSTELLIRKLPFQRLVREIAQDFKTDLRFQSHAVLALQEAAEAYLVGLFEDTNLCAIHAKRVTIMPKDIQLARRIRGERA',
null);
INSERT INTO `curatedhitdb`.`sequence`
(`accession`,
`variant`,
`gi`,
`ncbi_gene_id`,
`hgnc_gene_name`,
`taxonomy_id`,
`organism`,
`phylum`,
`class`,
`taxonomy_group`,
`info`,
`sequence`,
`variant_under_consideration`)
VALUES
('NP_198119.1',
'H2A.W',
'15241016',
null,
null,
3702,
'Arabidopsis thaliana',
'Streptophyta',
'Magnoliopsida',
null,
null,
'MESSQATTKPTRGAGGRKGGDRKKSVSKSVKAGLQFPVGRIARYLKKGRYALRYGSGAPVYLAAVLEYLAAEVLELAGNAARDNKKNRINPRHLCLAIRNDEELGRLLHGVTIASGGVLPNINPVLLPKKSTASSSQAEKASATKSPKKA',
null);
INSERT INTO `curatedhitdb`.`sequence_has_publication`
(`sequence_accession`,
`publication_id`)
VALUES
('NP_198119.1',
'22650316');
INSERT INTO `curatedhitdb`.`sequence_has_publication`
(`sequence_accession`,
`publication_id`)
VALUES
('NP_198119.1',
'26989147');
INSERT INTO `curatedhitdb`.`sequence`
(`accession`,
`variant`,
`gi`,
`ncbi_gene_id`,
`hgnc_gene_name`,
`taxonomy_id`,
`organism`,
`phylum`,
`class`,
`taxonomy_group`,
`info`,
`sequence`,
`variant_under_consideration`)
VALUES
('NP_200275.1',
'cH2A_(Embryophyta)',
'15239697',
null,
null,
3702,
'Arabidopsis thaliana',
'Streptophyta',
'Magnoliopsida',
null,
null,
'MAGRGKTLGSGGAKKATSRSSKAGLQFPVGRIARFLKAGKYAERVGAGAPVYLAAVLEYLAAEVLELAGNAARDNKKTRIVPRHIQLAVRNDEELSKLLGDVTIANGGVMPNIHNLLLPKKAGASKPQED',
null);
INSERT INTO `curatedhitdb`.`sequence_has_publication`
(`sequence_accession`,
`publication_id`)
VALUES
('NP_200275.1',
'22650316');
INSERT INTO `curatedhitdb`.`sequence_has_publication`
(`sequence_accession`,
`publication_id`)
VALUES
('NP_200275.1',
'26989147');
INSERT INTO `curatedhitdb`.`sequence`
(`accession`,
`variant`,
`gi`,
`ncbi_gene_id`,
`hgnc_gene_name`,
`taxonomy_id`,
`organism`,
`phylum`,
`class`,
`taxonomy_group`,
`info`,
`sequence`,
`variant_under_consideration`)
VALUES
('NP_200795.1',
'H2A.W',
'15238549',
null,
null,
3702,
'Arabidopsis thaliana',
'Streptophyta',
'Magnoliopsida',
null,
null,
'MESTGKVKKAFGGRKPPGAPKTKSVSKSMKAGLQFPVGRITRFLKKGRYAQRLGGGAPVYMAAVLEYLAAEVLELAGNAARDNKKSRIIPRHLLLAIRNDEELGKLLSGVTIAHGGVLPNINSVLLPKKSATKPAEEKATKSPVKSPKKA',
null);
INSERT INTO `curatedhitdb`.`sequence_has_publication`
(`sequence_accession`,
`publication_id`)
VALUES
('NP_200795.1',
'22650316');
INSERT INTO `curatedhitdb`.`sequence_has_publication`
(`sequence_accession`,
`publication_id`)
VALUES
('NP_200795.1',
'26989147');
INSERT INTO `curatedhitdb`.`sequence`
(`accession`,
`variant`,
`gi`,
`ncbi_gene_id`,
`hgnc_gene_name`,
`taxonomy_id`,
`organism`,
`phylum`,
`class`,
`taxonomy_group`,
`info`,
`sequence`,
`variant_under_consideration`)
VALUES
('NP_254280.1',
'cH2A.11_(Homo_sapiens)',
null,
'92815',
'H2AC25',
9606,
'Homo sapiens',
'Chordata',
'Mammalia',
'Mammalia',
null,
'MSGRGKQGGKARAKAKSRSSRAGLQFPVGRVHRLLRKGNYSERVGAGAPVYLAAVLEYLTAEILELAGNAARDNKKTRIIPRHLQLAIRNDEELNKLLGRVTIAQGGVLPNIQAVLLPKKTESHHKAKGK',
null);
INSERT INTO `curatedhitdb`.`sequence`
(`accession`,
`variant`,
`gi`,
`ncbi_gene_id`,
`hgnc_gene_name`,
`taxonomy_id`,
`organism`,
`phylum`,
`class`,
`taxonomy_group`,
`info`,
`sequence`,
`variant_under_consideration`)
VALUES
('NP_291074.1',
'cH4',
'21361209',
null,
null,
10090,
'Mus musculus',
'Chordata',
'Mammalia',
null,
null,
'MSGRGKGGKGLGKGGAKRHRKVLRDNIQGITKPAIRRLARRGGVKRISGLIYEETRGVLKVFLENVIRDAVTYTEHAKRKTVTAMDVVYALKRQGRTLYGFGG',
null);
INSERT INTO `curatedhitdb`.`sequence`
(`accession`,
`variant`,
`gi`,
`ncbi_gene_id`,
`hgnc_gene_name`,
`taxonomy_id`,
`organism`,
`phylum`,
`class`,
`taxonomy_group`,
`info`,
`sequence`,
`variant_under_consideration`)
VALUES
('NP_446437.1',
'H3.3',
'16758888',
null,
null,
10116,
'Rattus norvegicus',
'Chordata',
'Mammalia',
null,
null,
'MARTKQTARKSTGGKAPRKQLATKAARKSAPSTGGVKKPHRYRPGTVALREIRRYQKSTELLIRKLPFQRLVREIAQDFKTDLRFQSAAIGALQEASEAYLVGLFEDTNLCAIHAKRVTIMPKDIQLARRIRGERA',
null);
INSERT INTO `curatedhitdb`.`sequence`
(`accession`,
`variant`,
`gi`,
`ncbi_gene_id`,
`hgnc_gene_name`,
`taxonomy_id`,
`organism`,
`phylum`,
`class`,
`taxonomy_group`,
`info`,
`sequence`,
`variant_under_consideration`)
VALUES
('NP_492641.1',
'cH4',
'17509199',
null,
null,
6239,
'Caenorhabditis elegans',
'Nematoda',
'Chromadorea',
null,
null,
'MSGRGKGGKGLGKGGAKRHRKVLRDNIQGITKPAIRRLARRGGVKRISGLIYEETRGVLKVFLENVIRDAVTYCEHAKRKTVTAMDVVYALKRQGRTLYGFGG',
null);
INSERT INTO `curatedhitdb`.`sequence`
(`accession`,
`variant`,
`gi`,
`ncbi_gene_id`,
`hgnc_gene_name`,
`taxonomy_id`,
`organism`,
`phylum`,
`class`,
`taxonomy_group`,
`info`,
`sequence`,
`variant_under_consideration`)
VALUES
('NP_499128.1',
null,
'17553736',
null,
null,
6239,
'Caenorhabditis elegans',
'Nematoda',
'Chromadorea',
null,
null,
'MADDTPIIEEIAEQNESVTRIMQRLKHDMQRVTSVPGFNTSAAGVNDLIDILNQYKKELEDDAANDYTEAHIHKIRLVTGKRNQYVLKLKQAEDEYHARKEQARRRASSMDFTVGRNSTNLVDYSHGRHHMPSYRRHDSSDEENYSMDGTNGDGNRAGPSNPDRGNRTGPSSSDRVRMRAGRNRVTKTRRYRPGQKALEEIRKYQKTEDLLIQKAPFARLVREIMQTSTPFGADCRIRSDAISALQEAAEAFLVEMFEGSSLISTHAKRVTLMTTDIQLYRRLCLRHL',
'cenH3_(Animals)');
INSERT INTO `curatedhitdb`.`sequence`
(`accession`,
`variant`,
`gi`,
`ncbi_gene_id`,
`hgnc_gene_name`,
`taxonomy_id`,
`organism`,
`phylum`,
`class`,
`taxonomy_group`,
`info`,
`sequence`,
`variant_under_consideration`)
VALUES
('NP_505463.1',
'cH2A_(Animals)',
'17562014',
null,
null,
6239,
'Caenorhabditis elegans',
'Nematoda',
'Chromadorea',
null,
null,
'MSGRGKGGKAKTGGKAKSRSSRAGLQFPVGRLHRILRKGNYAQRVGAGAPVYLAAVLEYLAAEVLELAGNAARDNKKTRIAPRHLQLAVRNDEELNKLLAGVTIAQGGVLPNIQAVLLPKKTAGDKE',
null);
INSERT INTO `curatedhitdb`.`sequence_has_publication`
(`sequence_accession`,
`publication_id`)
VALUES
('NP_505463.1',
'22650316');
INSERT INTO `curatedhitdb`.`sequence_has_publication`
(`sequence_accession`,
`publication_id`)
VALUES
('NP_505463.1',
'26989147');
INSERT INTO `curatedhitdb`.`sequence`
(`accession`,
`variant`,
`gi`,
`ncbi_gene_id`,
`hgnc_gene_name`,
`taxonomy_id`,
`organism`,
`phylum`,
`class`,
`taxonomy_group`,
`info`,
`sequence`,
`variant_under_consideration`)
VALUES
('NP_505464.1',
'cH2B_(Animals)',
'17558794',
null,
null,
6239,
'Caenorhabditis elegans',
'Nematoda',
'Chromadorea',
null,
null,
'MAPPKPSAKGAKKAAKTVSKPKDGKKRKHARKESYSVYIYRVLKQVHPDTGVSSKAMSIMNSFVNDVFERIASEASRLAHYNKRSTISSREIQTAVRLILPGELAKHAVSEGTKAVTKYTSSK',
null);
INSERT INTO `curatedhitdb`.`sequence`
(`accession`,
`variant`,
`gi`,
`ncbi_gene_id`,
`hgnc_gene_name`,
`taxonomy_id`,
`organism`,
`phylum`,
`class`,
`taxonomy_group`,
`info`,
`sequence`,
`variant_under_consideration`)
VALUES
('NP_509344.1',
'cH3',
'17567723',
null,
null,
6239,
'Caenorhabditis elegans',
'Nematoda',
'Chromadorea',
null,
null,
'MARTKQTARKSTGGKAPRKQLATKAARKSAPTTGGVKKPHRYRPGTVALREIRRYQKSTELLIRKLPFQRLVREIAQDFKTDLRFQSAAIGALQEASEAYLVGLFEDTNLCAIHAKRVTIMPKDIQLARRIRGERA',
null);
INSERT INTO `curatedhitdb`.`sequence`
(`accession`,
`variant`,
`gi`,
`ncbi_gene_id`,
`hgnc_gene_name`,
`taxonomy_id`,
`organism`,
`phylum`,
`class`,
`taxonomy_group`,
`info`,
`sequence`,
`variant_under_consideration`)
VALUES
('NP_511095.1',
'H3.3',
'17530867',
null,
null,
7227,
'Drosophila melanogaster',
'Arthropoda',
'Insecta',
null,
null,
'MARTKQTARKSTGGKAPRKQLATKAARKSAPSTGGVKKPHRYRPGTVALREIRRYQKSTELLIRKLPFQRLVREIAQDFKTDLRFQSAAIGALQEASEAYLVGLFEDTNLCAIHAKRVTIMPKDIQLARRIRGERA',
null);
INSERT INTO `curatedhitdb`.`sequence`
(`accession`,
`variant`,
`gi`,
`ncbi_gene_id`,
`hgnc_gene_name`,
`taxonomy_id`,
`organism`,
`phylum`,
`class`,
`taxonomy_group`,
`info`,
`sequence`,
`variant_under_consideration`)
VALUES
('NP_523730.2',
null,
'22024004',
null,
null,
7227,
'Drosophila melanogaster',
'Arthropoda',
'Insecta',
null,
null,
'MPRHSRAKRAPRPSANNSKSPNDDDTAFRSPEPEDGTDYGLEFTTSQLTLQDNNRRSSTLRRDAGRRQPAARDSSTSGEEEDQENRYPTTRSPQTRRMTVQQESKTRAAGPVAAQNQTRRRKAANPMSRAKRMDREIRRLQHHPGTLIPKLPFSRLVREFIVKYSDDEPLRVTEGALLAMQESCEMYLTQRLADSYMLTKHRNRVTLEVRDMALMAYICDRGRQF',
'cenH3_(Animals)');
INSERT INTO `curatedhitdb`.`sequence`
(`accession`,
`variant`,
`gi`,
`ncbi_gene_id`,
`hgnc_gene_name`,
`taxonomy_id`,
`organism`,
`phylum`,
`class`,
`taxonomy_group`,
`info`,
`sequence`,
`variant_under_consideration`)
VALUES
('NP_524519.1',
'H2A.Z',
'17738227',
null,
null,
7227,
'Drosophila melanogaster',
'Arthropoda',
'Insecta',
null,
null,
'MAGGKAGKDSGKAKAKAVSRSARAGLQFPVGRIHRHLKSRTTSHGRVGATAAVYSAAILEYLTAEVLELAGNASKDLKVKRITPRHLQLAIRGDEELDSLIKATIAGGGVIPHIHKSLIGKKEETVQDPQRKGNVILSQAY',
null);
INSERT INTO `curatedhitdb`.`sequence_has_publication`
(`sequence_accession`,
`publication_id`)
VALUES
('NP_524519.1',
'22650316');
INSERT INTO `curatedhitdb`.`sequence_has_publication`
(`sequence_accession`,
`publication_id`)
VALUES
('NP_524519.1',
'26989147');
INSERT INTO `curatedhitdb`.`sequence`
(`accession`,
`variant`,
`gi`,
`ncbi_gene_id`,
`hgnc_gene_name`,
`taxonomy_id`,
`organism`,
`phylum`,
`class`,
`taxonomy_group`,
`info`,
`sequence`,
`variant_under_consideration`)
VALUES
('NP_542163.1',
'cH2A.6_(Homo_sapiens)',
null,
'85235',
'H2AC12',
9606,
'Homo sapiens',
'Chordata',
'Mammalia',
'Mammalia',
null,
'MSGRGKQGGKARAKAKTRSSRAGLQFPVGRVHRLLRKGNYAERVGAGAPVYLAAVLEYLTAEILELAGNAARDNKKTRIIPRHLQLAIRNDEELNKLLGKVTIAQGGVLPNIQAVLLPKKTESHHKAK',
null);
INSERT INTO `curatedhitdb`.`sequence_has_publication`
(`sequence_accession`,
`publication_id`)
VALUES
('NP_542163.1',
'12408966');
INSERT INTO `curatedhitdb`.`sequence_has_publication`
(`sequence_accession`,
`publication_id`)
VALUES
('NP_542163.1',
'25731851');
INSERT INTO `curatedhitdb`.`sequence`
(`accession`,
`variant`,
`gi`,
`ncbi_gene_id`,
`hgnc_gene_name`,
`taxonomy_id`,
`organism`,
`phylum`,
`class`,
`taxonomy_group`,
`info`,
`sequence`,
`variant_under_consideration`)
VALUES
('NP_542451.1',
'H2A.B.2_(Homo_sapiens)',
null,
'83740',
'H2AB3',
9606,
'Homo sapiens',
'Chordata',
'Mammalia',
'Mammalia',
'Please, note that some papers use alternative naming were H2AB1 gene is H2A.B.2 and the other two are H2A.B.1',
'MPRRRRRRGSSGAGGRGRTCSRTVRAELSFSVSQVERSLREGHYAQRLSRTAPVYLAAVIEYLTAKVLELAGNEAQNSGERNITPLLLDMVVHNDRLLSTLFNTTTISQVAPGED',
null);
INSERT INTO `curatedhitdb`.`sequence_has_publication`
(`sequence_accession`,
`publication_id`)
VALUES
('NP_542451.1',
'29549088');
INSERT INTO `curatedhitdb`.`sequence_has_publication`
(`sequence_accession`,
`publication_id`)
VALUES
('NP_542451.1',
'35099534');
INSERT INTO `curatedhitdb`.`sequence`
(`accession`,
`variant`,
`gi`,
`ncbi_gene_id`,
`hgnc_gene_name`,
`taxonomy_id`,
`organism`,
`phylum`,
`class`,
`taxonomy_group`,
`info`,
`sequence`,
`variant_under_consideration`)
VALUES
('NP_563627.1',
null,
'18378832',
null,
null,
3702,
'Arabidopsis thaliana',
'Streptophyta',
'Magnoliopsida',
null,
null,
'MARTKHRVTRSQPRNQTDAAGASSSQAAGPTTTPTRRGGEGGDNTQQTNPTTSPATGTRRGAKRSRQAMPRGSQKKSYRYRPGTVALKEIRHFQKQTNLLIPAASFIREVRSITHMLAPPQINRWTAEALVALQEAAEDYLVGLFSDSMLCAIHARRVTLMRKDFELARRLGGKGRPW',
'cenH3_(Plants)');
INSERT INTO `curatedhitdb`.`sequence`
(`accession`,
`variant`,
`gi`,
`ncbi_gene_id`,
`hgnc_gene_name`,
`taxonomy_id`,
`organism`,
`phylum`,
`class`,
`taxonomy_group`,
`info`,
`sequence`,
`variant_under_consideration`)
VALUES
('NP_579819.1',
'generic_H1',
'18959218',
null,
null,
10116,
'Rattus norvegicus',
'Chordata',
'Mammalia',
null,
null,
'MSETAPAAPAAPAPAEKTPIKKKARKAAGGAKRKASGPPVSELITKAVAASKERSGVSLAALKKALAAAGYDVEKNNSRIKLGLKSLVSKGTLVQTKGTGASGSFKLNKKAASGEAKPKAKKAGAAKAKKPAGAAKKPKKATGTATPKKSTKKTPKKAKKPAAAAGAKKAKSPKKAKATKAKKAPKSPAKARAVKPKAAKPKTSKPKAAKPKKTAAKKK',
null);
INSERT INTO `curatedhitdb`.`sequence`
(`accession`,
`variant`,
`gi`,
`ncbi_gene_id`,
`hgnc_gene_name`,
`taxonomy_id`,
`organism`,
`phylum`,
`class`,
`taxonomy_group`,
`info`,
`sequence`,
`variant_under_consideration`)
VALUES
('NP_584598.1',
'cH2A_(Fungi)',
null,
null,
null,
284813,
'Encephalitozoon cuniculi GB-M1',
'Microsporidia',
null,
null,
null,
'MVVIQGKGGKADPRVIGKDEEHQKSIVKLSQIKKIMKDRTRMRISKDALVAVSACVMYLISEITDGAKNVASTDGKKKVMPKHINNAICNDTELHFVGHDWLIKNGGMKSYIAPGDFAVSSKKGSSRD',
null);
INSERT INTO `curatedhitdb`.`sequence_has_publication`
(`sequence_accession`,
`publication_id`)
VALUES
('NP_584598.1',
'21622164');
INSERT INTO `curatedhitdb`.`sequence`
(`accession`,
`variant`,
`gi`,
`ncbi_gene_id`,
`hgnc_gene_name`,
`taxonomy_id`,
`organism`,
`phylum`,
`class`,
`taxonomy_group`,
`info`,
`sequence`,
`variant_under_consideration`)
VALUES
('NP_594421.1',
'H2A.X_(Fungi)',
'19115333',
null,
null,
4896,
'Schizosaccharomyces pombe',
'Ascomycota',
'Schizosaccharomycetes',
null,
null,
'MSGGKSGGKAAVAKSAQSRSAKAGLAFPVGRVHRLLRKGNYAQRVGAGAPVYLAAVLEYLAAEILELAGNAARDNKKTRIIPRHLQLAIRNDEELNKLLGHVTIAQGGVVPNINAHLLPKQSGKGKPSQEL',
null);
INSERT INTO `curatedhitdb`.`sequence_has_publication`
(`sequence_accession`,
`publication_id`)
VALUES
('NP_594421.1',
'22650316');
INSERT INTO `curatedhitdb`.`sequence_has_publication`
(`sequence_accession`,
`publication_id`)
VALUES
('NP_594421.1',
'26989147');
INSERT INTO `curatedhitdb`.`sequence`
(`accession`,
`variant`,
`gi`,
`ncbi_gene_id`,
`hgnc_gene_name`,
`taxonomy_id`,
`organism`,
`phylum`,
`class`,
`taxonomy_group`,
`info`,
`sequence`,
`variant_under_consideration`)
VALUES
('NP_595630.3',
'H2A.Z',
'429240082',
null,
null,
4896,
'Schizosaccharomyces pombe',
'Ascomycota',
'Schizosaccharomycetes',
null,
null,
'MSGGGKGKHVGGKGGSKIGERGQMSHSARAGLQFPVGRVRRFLKAKTQNNMRVGAKSAVYSAAVLEYLTAEVLELAGNAAKDLKVKRITPRHLQLAIRGDEELDTLIRATIAGGGVLPHINKQLLIRTKEKYPEEEEII',
null);
INSERT INTO `curatedhitdb`.`sequence_has_publication`
(`sequence_accession`,
`publication_id`)
VALUES
('NP_595630.3',
'22650316');
INSERT INTO `curatedhitdb`.`sequence_has_publication`
(`sequence_accession`,
`publication_id`)
VALUES
('NP_595630.3',
'26989147');
INSERT INTO `curatedhitdb`.`sequence`
(`accession`,
`variant`,
`gi`,
`ncbi_gene_id`,
`hgnc_gene_name`,
`taxonomy_id`,
`organism`,
`phylum`,
`class`,
`taxonomy_group`,
`info`,
`sequence`,
`variant_under_consideration`)
VALUES
('NP_596473.1',
null,
'19113265',
null,
null,
4896,
'Schizosaccharomyces pombe',
'Ascomycota',
'Schizosaccharomycetes',
null,
null,
'MAKKSLMAEPGDPIPRPRKKRYRPGTTALREIRKYQRSTDLLIQRLPFSRIVREISSEFVANFSTDVGLRWQSTALQCLQEAAEAFLVHLFEDTNLCAIHAKRVTIMQRDMQLARRIRGA',
'cenH3_(Fungi)');
INSERT INTO `curatedhitdb`.`sequence`
(`accession`,
`variant`,
`gi`,
`ncbi_gene_id`,
`hgnc_gene_name`,
`taxonomy_id`,
`organism`,
`phylum`,
`class`,
`taxonomy_group`,
`info`,
`sequence`,
`variant_under_consideration`)
VALUES
('NP_612184.1',
'OO_H1.8',
'19923865',
null,
null,
10090,
'Mus musculus',
'Chordata',
'Mammalia',
null,
null,
'MAPGSVSSVSSSSFPSRDTSPSGSCGLPGADKPGPSCRRIQAGQRNPTMLHMVLEALKAREARQGTSVVAIKVYIQHKYPTVDTTRFKYLLKQALETGVRRGLLTRPAHSKAKGATGSFKLVPKPKTKKACAPKAGRGAAGAKETGSKKSGLLKKDQVGKATMEKGQKRRAYPCKAATLEMAPKKAKAKPKEVRKAPLKQDKAAGAPLTANGGQKVKRSGSRQEANAHGKTKGEKSKPLASKVQNSVASLAKRKMADMAHTVTVVQGAETVQETKVPTPSQDIGHKVQPIPRVRKAKTPENTQA',
null);
INSERT INTO `curatedhitdb`.`sequence`
(`accession`,
`variant`,
`gi`,
`ncbi_gene_id`,
`hgnc_gene_name`,
`taxonomy_id`,
`organism`,
`phylum`,
`class`,
`taxonomy_group`,
`info`,
`sequence`,
`variant_under_consideration`)
VALUES
('NP_613075.1',
'macroH2A.1.s1_(Homo_sapiens)',
null,
'9555',
'MACROH2A1',
9606,
'Homo sapiens',
'Chordata',
'Mammalia',
'Mammalia',
null,
'MSSRGGKKKSTKTSRSAKAGVIFPVGRMLRYIKKGHPKYRIGVGAPVYMAAVLEYLTAEILELAGNAARDNKKGRVTPRHILLAVANDEELNQLLKGVTIASGGVLPNIHPELLAKKRGSKGKLEAIITPPPAKKAKSPSQKKPVSKKAGGKKGARKSKKKQGEVSKAASADSTTEGTPADGFTVLSTKSLFLGQKLQVVQADIASIDSDAVVHPTNTDFYIGGEVGNTLEKKGGKEFVEAVLELRKKNGPLEVAGAAVSAGHGLPAKFVIHCNSPVWGADKCEELLEKTVKNCLALADDKKLKSIAFPSIGSGRNGFPKQTAAQLILKAISSYFVSTMSSSIKTVYFVLFDSESIGIYVQEMAKLDAN',
null);
INSERT INTO `curatedhitdb`.`sequence_has_publication`
(`sequence_accession`,
`publication_id`)
VALUES
('NP_613075.1',
'20543561');
INSERT INTO `curatedhitdb`.`sequence_has_publication`
(`sequence_accession`,
`publication_id`)
VALUES
('NP_613075.1',
'31015383');
INSERT INTO `curatedhitdb`.`sequence_has_publication`
(`sequence_accession`,
`publication_id`)
VALUES
('NP_613075.1',
'9138085');
INSERT INTO `curatedhitdb`.`sequence`
(`accession`,
`variant`,
`gi`,
`ncbi_gene_id`,
`hgnc_gene_name`,
`taxonomy_id`,
`organism`,
`phylum`,
`class`,
`taxonomy_group`,
`info`,
`sequence`,
`variant_under_consideration`)
VALUES
('NP_613258.2',
'macroH2A.1.s2_(Homo_sapiens)',
null,
'9555',
'MACROH2A1',
9606,
'Homo sapiens',
'Chordata',
'Mammalia',
'Mammalia',
null,
'MSSRGGKKKSTKTSRSAKAGVIFPVGRMLRYIKKGHPKYRIGVGAPVYMAAVLEYLTAEILELAGNAARDNKKGRVTPRHILLAVANDEELNQLLKGVTIASGGVLPNIHPELLAKKRGSKGKLEAIITPPPAKKAKSPSQKKPVSKKAGGKKGARKSKKKQGEVSKAASADSTTEGTPADGFTVLSTKSLFLGQKLNLIHSEISNLAGFEVEAIINPTNADIDLKDDLGNTLEKKGGKEFVEAVLELRKKNGPLEVAGAAVSAGHGLPAKFVIHCNSPVWGADKCEELLEKTVKNCLALADDKKLKSIAFPSIGSGRNGFPKQTAAQLILKAISSYFVSTMSSSIKTVYFVLFDSESIGIYVQEMAKLDAN',
null);
INSERT INTO `curatedhitdb`.`sequence_has_publication`
(`sequence_accession`,
`publication_id`)
VALUES
('NP_613258.2',
'20543561');
INSERT INTO `curatedhitdb`.`sequence_has_publication`
(`sequence_accession`,
`publication_id`)
VALUES
('NP_613258.2',
'31015383');
INSERT INTO `curatedhitdb`.`sequence_has_publication`
(`sequence_accession`,
`publication_id`)
VALUES
('NP_613258.2',
'9138085');
INSERT INTO `curatedhitdb`.`sequence`
(`accession`,
`variant`,
`gi`,
`ncbi_gene_id`,
`hgnc_gene_name`,
`taxonomy_id`,
`organism`,
`phylum`,
`class`,
`taxonomy_group`,
`info`,
`sequence`,
`variant_under_consideration`)
VALUES
('NP_619541.1',
'H2A.Z.2.s2_(Homo_sapiens)',
null,
'94239',
'H2AZ2',
9606,
'Homo sapiens',
'Chordata',
'Mammalia',
'Mammalia',
null,
'MAGGKAGKDSGKAKAKAVSRSQRAGLQFPVGRIHRHLKTRTTSHGRVGATAAVYSAAILEYLTAEVLELAGNASKDLKVKRITPRHLQLAIRGDEELDSLIKATIAGGEKRRCS',
null);
INSERT INTO `curatedhitdb`.`sequence_has_publication`
(`sequence_accession`,
`publication_id`)
VALUES
('NP_619541.1',
'22467210');
INSERT INTO `curatedhitdb`.`sequence_has_publication`
(`sequence_accession`,
`publication_id`)
VALUES
('NP_619541.1',
'33073403');
INSERT INTO `curatedhitdb`.`sequence_has_publication`
(`sequence_accession`,
`publication_id`)
VALUES
('NP_619541.1',
'33771851');
INSERT INTO `curatedhitdb`.`sequence`
(`accession`,
`variant`,
`gi`,
`ncbi_gene_id`,
`hgnc_gene_name`,
`taxonomy_id`,
`organism`,
`phylum`,
`class`,
`taxonomy_group`,
`info`,
`sequence`,
`variant_under_consideration`)
VALUES
('NP_650383.2',
'generic_H1',
'28571712',
null,
null,
7227,
'Drosophila melanogaster',
'Arthropoda',
'Insecta',
null,
null,
'MKLKPVERNDGSDDESEEEMPNDHPESEDSNMGEEEELPEEDEEEMEEDEEEDRQDGDEVETDNLGADRNPYPTPPPDDGSKLVPPDSDNPKSMVPKPKGTLISLALMAIGKLASRSGSSVQAIMTYLKDNGQEWKDPKKTARLLHRALKLAEANGEVVMVKRSFKLTDKQKNSSKAVEKMKAKKQKEKEKKAKVEKVLKEKIQKKEAKAKMKEKKASKEKSSKPTERKTKQAVKKKKPEDGTKDNPPASKAASSAAAQAMLETSQTAIPEAGKKPAKTKVKLQADSSEAGKTKKSRKSIGTLAQPKAARPKVKAVKKLVAGKGASTPDLSIMEAQATSTPQGATKAKRKRKV',
null);
INSERT INTO `curatedhitdb`.`sequence`
(`accession`,
`variant`,
`gi`,
`ncbi_gene_id`,
`hgnc_gene_name`,
`taxonomy_id`,
`organism`,
`phylum`,
`class`,
`taxonomy_group`,
`info`,
`sequence`,
`variant_under_consideration`)
VALUES
('NP_659539.1',
'cH3',
'21489955',
null,
null,
10090,
'Mus musculus',
'Chordata',
'Mammalia',
null,
null,
'MARTKQTARKSTGGKAPRKQLATKAARKSAPATGGVKKPHRYRPGTVALREIRRYQKSTELLIRKLPFQRLVREIAQDFKTDLRFQSSAVMALQEACEAYLVGLFEDTNLCAIHAKRVTIMPKDIQLARRIRGERA',
null);
INSERT INTO `curatedhitdb`.`sequence`
(`accession`,
`variant`,
`gi`,
`ncbi_gene_id`,
`hgnc_gene_name`,
`taxonomy_id`,
`organism`,
`phylum`,
`class`,
`taxonomy_group`,
`info`,
`sequence`,
`variant_under_consideration`)
VALUES
('NP_705930.1',
'H2A.Z.2_(Chordata)',
'24111226',
null,
null,
7955,
'Danio rerio',
'Chordata',
'Actinopteri',
null,
'homologous to human H2AZ2 gene',
'MAGGKAGKDSGKAKAKAVSRSQRAGLQFPVGRIHRHLKTRTTSHGRVGATAAVYSAAILEYLTAEVLELAGNASKDLKVKRITPRHLQLAIRGDEELDSLIKATIAGGGVIPHIHKSLIGKKGQQKTA',
null);
INSERT INTO `curatedhitdb`.`sequence_has_publication`
(`sequence_accession`,
`publication_id`)
VALUES
('NP_705930.1',
'22650316');
INSERT INTO `curatedhitdb`.`sequence_has_publication`
(`sequence_accession`,
`publication_id`)
VALUES
('NP_705930.1',
'26989147');
INSERT INTO `curatedhitdb`.`sequence`
(`accession`,
`variant`,
`gi`,
`ncbi_gene_id`,
`hgnc_gene_name`,
`taxonomy_id`,
`organism`,
`phylum`,
`class`,
`taxonomy_group`,
`info`,
`sequence`,
`variant_under_consideration`)
VALUES
('NP_722575.1',
null,
null,
'132243',
'H1-8',
9606,
'Homo sapiens',
'Chordata',
'Mammalia',
'Mammalia',
null,
'MAPGSVTSDISPSSTSTAGSSRSPESEKPGPSHGGVPPGGPSHSSLPVGRRHPPVLRMVLEALQAGEQRRGTSVAAIKLYILHKYPTVDVLRFKYLLKQALATGMRRGLLARPLNSKARGATGSFKLVPKHKKKIQPRKMAPATAPRRAGEAKGKGPKKPSEAKEDPPNVGKVKKAAKRPAKVQKPPPKPGAATEKARKQGGAAKDTRAQSGEARKVPPKPDKAMRAPSSAGGLSRKAKAKGSRSSQGDAEAYRKTKAESKSSKPTASKVKNGAASPTKKKVVAKAKAPKAGQGPNTKAAAPAKGSGSKVVPAHLSRKTEAPKGPRKAGLPIKASSSKVSSQRAEA',
'H1.8_(Homo_sapiens)');
INSERT INTO `curatedhitdb`.`sequence_has_publication`
(`sequence_accession`,
`publication_id`)
VALUES
('NP_722575.1',
'26689747');
INSERT INTO `curatedhitdb`.`sequence`
(`accession`,
`variant`,
`gi`,
`ncbi_gene_id`,
`hgnc_gene_name`,
`taxonomy_id`,
`organism`,
`phylum`,
`class`,
`taxonomy_group`,
`info`,
`sequence`,
`variant_under_consideration`)
VALUES
('NP_724342.1',
'cH2B_(Animals)',
'24585671',
null,
null,
7227,
'Drosophila melanogaster',
'Arthropoda',
'Insecta',
null,
null,
'MPPKTSGKAAKKAGKAQKNITKTDKKKKRKRKESYAIYIYKVLKQVHPDTGISSKAMSIMNSFVNDIFERIAAEASRLAHYNKRSTITSREIQTAVRLLLPGELAKHAVSEGTKAVTKYTSSK',
null);
INSERT INTO `curatedhitdb`.`sequence`
(`accession`,
`variant`,
`gi`,
`ncbi_gene_id`,
`hgnc_gene_name`,
`taxonomy_id`,
`organism`,
`phylum`,
`class`,
`taxonomy_group`,
`info`,
`sequence`,
`variant_under_consideration`)
VALUES
('NP_724343.1',
'cH2A_(Animals)',
'24585673',
null,
null,
7227,
'Drosophila melanogaster',
'Arthropoda',
'Insecta',
null,
null,
'MSGRGKGGKVKGKAKSRSNRAGLQFPVGRIHRLLRKGNYAERVGAGAPVYLAAVMEYLAAEVLELAGNAARDNKKTRIIPRHLQLAIRNDEELNKLLSGVTIAQGGVLPNIQAVLLPKKTEKKA',
null);
INSERT INTO `curatedhitdb`.`sequence_has_publication`
(`sequence_accession`,
`publication_id`)
VALUES
('NP_724343.1',
'22650316');
INSERT INTO `curatedhitdb`.`sequence_has_publication`
(`sequence_accession`,
`publication_id`)
VALUES
('NP_724343.1',
'26989147');
INSERT INTO `curatedhitdb`.`sequence`
(`accession`,
`variant`,
`gi`,
`ncbi_gene_id`,
`hgnc_gene_name`,
`taxonomy_id`,
`organism`,
`phylum`,
`class`,
`taxonomy_group`,
`info`,
`sequence`,
`variant_under_consideration`)
VALUES
('NP_733759.1',
'cH2B.1_(Homo_sapiens)',
null,
'255626',
'H2BC1',
9606,
'Homo sapiens',
'Chordata',
'Mammalia',
'Mammalia',
null,
'MPEVSSKGATISKKGFKKAVVKTQKKEGKKRKRTRKESYSIYIYKVLKQVHPDTGISSKAMSIMNSFVTDIFERIASEASRLAHYSKRSTISSREIQTAVRLLLPGELAKHAVSEGTKAVTKYTSSK',
null);
INSERT INTO `curatedhitdb`.`sequence_has_publication`
(`sequence_accession`,
`publication_id`)
VALUES
('NP_733759.1',
'12213818');
INSERT INTO `curatedhitdb`.`sequence_has_publication`
(`sequence_accession`,
`publication_id`)
VALUES
('NP_733759.1',
'17261847');
INSERT INTO `curatedhitdb`.`publication`
(`id`,
`title`,
`doi`,
`author`,
`year`)
VALUES
('23884607',
null,
null,
null,
null);
INSERT INTO `curatedhitdb`.`sequence_has_publication`
(`sequence_accession`,
`publication_id`)
VALUES
('NP_733759.1',
'23884607');
INSERT INTO `curatedhitdb`.`sequence`
(`accession`,
`variant`,
`gi`,
`ncbi_gene_id`,
`hgnc_gene_name`,
`taxonomy_id`,
`organism`,
`phylum`,
`class`,
`taxonomy_group`,
`info`,
`sequence`,
`variant_under_consideration`)
VALUES
('NP_734466.1',
'cH2A.1_(Homo_sapiens)',
null,
'221613',
'H2AC1',
9606,
'Homo sapiens',
'Chordata',
'Mammalia',
'Mammalia',
null,
'MSGRGKQGGKARAKSKSRSSRAGLQFPVGRIHRLLRKGNYAERIGAGAPVYLAAVLEYLTAEILELAGNASRDNKKTRIIPRHLQLAIRNDEELNKLLGGVTIAQGGVLPNIQAVLLPKKTESHHHKAQSK',
null);
INSERT INTO `curatedhitdb`.`publication`
(`id`,
`title`,
`doi`,
`author`,
`year`)
VALUES
('2011515',
null,
null,
null,
null);
INSERT INTO `curatedhitdb`.`sequence_has_publication`
(`sequence_accession`,
`publication_id`)
VALUES
('NP_734466.1',
'2011515');
INSERT INTO `curatedhitdb`.`publication`
(`id`,
`title`,
`doi`,
`author`,
`year`)
VALUES
('24506885',
null,
null,
null,
null);
INSERT INTO `curatedhitdb`.`sequence_has_publication`
(`sequence_accession`,
`publication_id`)
VALUES
('NP_734466.1',
'24506885');
INSERT INTO `curatedhitdb`.`publication`
(`id`,
`title`,
`doi`,
`author`,
`year`)
VALUES
('7068607',
null,
null,
null,
null);
INSERT INTO `curatedhitdb`.`sequence_has_publication`
(`sequence_accession`,
`publication_id`)
VALUES
('NP_734466.1',
'7068607');
INSERT INTO `curatedhitdb`.`sequence`
(`accession`,
`variant`,
`gi`,
`ncbi_gene_id`,
`hgnc_gene_name`,
`taxonomy_id`,
`organism`,
`phylum`,
`class`,
`taxonomy_group`,
`info`,
`sequence`,
`variant_under_consideration`)
VALUES
('NP_778224.1',
null,
null,
'121504',
'H4C16',
9606,
'Homo sapiens',
'Chordata',
'Mammalia',
'Mammalia',
null,
'MSGRGKGGKGLGKGGAKRHRKVLRDNIQGITKPAIRRLARRGGVKRISGLIYEETRGVLKVFLENVIRDAVTYTEHAKRKTVTAMDVVYALKRQGRTLYGFGG',
'cH4_(Homo_sapiens)');
INSERT INTO `curatedhitdb`.`sequence_has_publication`
(`sequence_accession`,
`publication_id`)
VALUES
('NP_778224.1',
'12408966');
INSERT INTO `curatedhitdb`.`sequence`
(`accession`,
`variant`,
`gi`,
`ncbi_gene_id`,
`hgnc_gene_name`,
`taxonomy_id`,
`organism`,
`phylum`,
`class`,
`taxonomy_group`,
`info`,
`sequence`,
`variant_under_consideration`)
VALUES
('NP_778225.1',
'cH2B.14_(Homo_sapiens)',
null,
'128312',
'H2BC26',
9606,
'Homo sapiens',
'Chordata',
'Mammalia',
'Mammalia',
null,
'MPDPSKSAPAPKKGSKKAVTKAQKKDGKKRKRGRKESYSIYVYKVLKQVHPDTGISSKAMGIMNSFVNDIFERIASEASRLAHYNKRSTITSREVQTAVRLLLPGELAKHAVSEGTKAVTKYTSSK',
null);
INSERT INTO `curatedhitdb`.`sequence_has_publication`
(`sequence_accession`,
`publication_id`)
VALUES
('NP_778225.1',
'12408966');
INSERT INTO `curatedhitdb`.`sequence`
(`accession`,
`variant`,
`gi`,
`ncbi_gene_id`,
`hgnc_gene_name`,
`taxonomy_id`,
`organism`,
`phylum`,
`class`,
`taxonomy_group`,
`info`,
`sequence`,
`variant_under_consideration`)
VALUES
('NP_778235.1',
'cH2A.10_(Homo_sapiens)',
null,
'317772',
'H2AC21',
9606,
'Homo sapiens',
'Chordata',
'Mammalia',
'Mammalia',
null,
'MSGRGKQGGKARAKAKSRSSRAGLQFPVGRVHRLLRKGNYAERVGAGAPVYLAAVLEYLTAEILELAGNAARDNKKTRIIPRHLQLAVRNDEELNKLLGGVTIAQGGVLPNIQAVLLPKKTESHKPGKNK',
null);
INSERT INTO `curatedhitdb`.`sequence_has_publication`
(`sequence_accession`,
`publication_id`)
VALUES
('NP_778235.1',
'12408966');
INSERT INTO `curatedhitdb`.`sequence_has_publication`
(`sequence_accession`,
`publication_id`)
VALUES
('NP_778235.1',
'25731851');
INSERT INTO `curatedhitdb`.`sequence`
(`accession`,
`variant`,
`gi`,
`ncbi_gene_id`,
`hgnc_gene_name`,
`taxonomy_id`,
`organism`,
`phylum`,
`class`,
`taxonomy_group`,
`info`,
`sequence`,
`variant_under_consideration`)
VALUES
('NP_783589.1',
'cH2A.1_(Mus_musculus)',
'28316756',
null,
null,
10090,
'Mus musculus',
'Chordata',
'Mammalia',
null,
null,
'MSGPTKRGGKARAKVKSRSSRAGLQFPVGRVHRLLRQGNYAQRIGAGAPVYLAAVLEYLTAEVLELAGNAARDNKKTRITPRHLQLAIRNDEELNKLLGRVTIAQGGVLPNIQAVLLPKKTESHKSQTK',
null);
INSERT INTO `curatedhitdb`.`sequence_has_publication`
(`sequence_accession`,
`publication_id`)
VALUES
('NP_783589.1',
'22650316');
INSERT INTO `curatedhitdb`.`sequence_has_publication`
(`sequence_accession`,
`publication_id`)
VALUES
('NP_783589.1',
'26989147');
INSERT INTO `curatedhitdb`.`sequence`
(`accession`,
`variant`,
`gi`,
`ncbi_gene_id`,
`hgnc_gene_name`,
`taxonomy_id`,
`organism`,
`phylum`,
`class`,
`taxonomy_group`,
`info`,
`sequence`,
`variant_under_consideration`)
VALUES
('NP_783594.1',
'cH2B_(Mammalia)',
'28316750',
null,
null,
10090,
'Mus musculus',
'Chordata',
'Mammalia',
null,
null,
'MPEVAVKGATISKKGFKKAVTKTQKKEGRKRKRCRKESYSIYIYKVLKQVHPDTGISSKAMSIMNSFVTDIFERIASEASRLAHYNKRSTITSREIQTAVRLLLPGELAKHAVSEGTKAVTKYTSSK',
null);
INSERT INTO `curatedhitdb`.`sequence`
(`accession`,
`variant`,
`gi`,
`ncbi_gene_id`,
`hgnc_gene_name`,
`taxonomy_id`,
`organism`,
`phylum`,
`class`,
`taxonomy_group`,
`info`,
`sequence`,
`variant_under_consideration`)
VALUES
('NP_783595.1',
'cH2B_(Mus_musculus)',
'28316760',
null,
null,
10090,
'Mus musculus',
'Chordata',
'Mammalia',
null,
null,
'MPEPSKSAPAPKKGSKKAISKAQKKDGKKRKRSRKESYSVYVYKVLKQVHPDTGISSKAMGIMNSFVNDIFERIASEASRLAHYNKRSTITSREIQTAVRLLLPGELAKHAVSEGTKAVTKYTSSK',
null);
INSERT INTO `curatedhitdb`.`sequence`
(`accession`,
`variant`,
`gi`,
`ncbi_gene_id`,
`hgnc_gene_name`,
`taxonomy_id`,
`organism`,
`phylum`,
`class`,
`taxonomy_group`,
`info`,
`sequence`,
`variant_under_consideration`)
VALUES
('NP_808760.1',
'H2A.J_(Homo_sapiens)',
null,
'55766',
'H2AJ',
9606,
'Homo sapiens',
'Chordata',
'Mammalia',
'Mammalia',
null,
'MSGRGKQGGKVRAKAKSRSSRAGLQFPVGRVHRLLRKGNYAERVGAGAPVYLAAVLEYLTAEILELAGNAARDNKKTRIIPRHLQLAIRNDEELNKLLGKVTIAQGGVLPNIQAVLLPKKTESQKTKSK',
null);
INSERT INTO `curatedhitdb`.`sequence_has_publication`
(`sequence_accession`,
`publication_id`)
VALUES
('NP_808760.1',
'25731851');
INSERT INTO `curatedhitdb`.`publication`
(`id`,
`title`,
`doi`,
`author`,
`year`)
VALUES
('28489069',
null,
null,
null,
null);
INSERT INTO `curatedhitdb`.`sequence_has_publication`
(`sequence_accession`,
`publication_id`)
VALUES
('NP_808760.1',
'28489069');
INSERT INTO `curatedhitdb`.`publication`
(`id`,
`title`,
`doi`,
`author`,
`year`)
VALUES
('33266246',
null,
null,
null,
null);
INSERT INTO `curatedhitdb`.`sequence_has_publication`
(`sequence_accession`,
`publication_id`)
VALUES
('NP_808760.1',
'33266246');
INSERT INTO `curatedhitdb`.`sequence`
(`accession`,
`variant`,
`gi`,
`ncbi_gene_id`,
`hgnc_gene_name`,
`taxonomy_id`,
`organism`,
`phylum`,
`class`,
`taxonomy_group`,
`info`,
`sequence`,
`variant_under_consideration`)
VALUES
('NP_835489.1',
'cH2A_(Mammalia)',
'30061393',
null,
null,
10090,
'Mus musculus',
'Chordata',
'Mammalia',
null,
null,
'MSGRGKQGGKARAKAKTRSSRAGLQFPVGRVHRLLRKGNYSERVGAGAPVYLAAVLEYLTAEILELAGNAARDNKKTRIIPRHLQLAIRNDEELNKLLGRVTIAQGGVLPNIQAVLLPKKTESHHKAKGK',
null);
INSERT INTO `curatedhitdb`.`sequence_has_publication`
(`sequence_accession`,
`publication_id`)
VALUES
('NP_835489.1',
'22650316');
INSERT INTO `curatedhitdb`.`sequence_has_publication`
(`sequence_accession`,
`publication_id`)
VALUES
('NP_835489.1',
'26989147');
INSERT INTO `curatedhitdb`.`sequence`
(`accession`,
`variant`,
`gi`,
`ncbi_gene_id`,
`hgnc_gene_name`,
`taxonomy_id`,
`organism`,
`phylum`,
`class`,
`taxonomy_group`,
`info`,
`sequence`,
`variant_under_consideration`)
VALUES
('NP_835502.1',
'cH2B.1_(Mus_musculus)',
null,
null,
null,
10090,
'Mus musculus',
'Chordata',
'Mammalia',
null,
null,
'MPEPAKSAPAPKKGSKKAVTKAQKKDGKKRKRSRKESYSVYVYKVLKQVHPDTGISSKAMGIMNSFVNDIFERIASEASRLAHYNKRSTITSREIQTAVRLLLPGELAKHAVSEGTKAVTKYTSSK',
null);
INSERT INTO `curatedhitdb`.`sequence_has_publication`
(`sequence_accession`,
`publication_id`)
VALUES
('NP_835502.1',
'24506885');
INSERT INTO `curatedhitdb`.`sequence`
(`accession`,
`variant`,
`gi`,
`ncbi_gene_id`,
`hgnc_gene_name`,
`taxonomy_id`,
`organism`,
`phylum`,
`class`,
`taxonomy_group`,
`info`,
`sequence`,
`variant_under_consideration`)
VALUES
('NP_861453.1',
null,
null,
'341567',
'H1-7',
9606,
'Homo sapiens',
'Chordata',
'Mammalia',
'Mammalia',
null,
'MEQALTGEAQSRWPRRGGSGAMAEAPGPSGESRGHSATQLPAEKTVGGPSRGCSSSVLRVSQLVLQAISTHKGLTLAALKKELRNAGYEVRRKSGRHEAPRGQAKATLLRVSGSDAAGYFRVWKVPKPRRKPGRARQEEGTRAPWRTPAAPRSSRRRRQPLRKAARKAREVWRRNARAKAKANARARRTRRARPRAKEPPCARAKEEAGATAADEGRGQAVKEDTTPRSGKDKRRSSKPREEKQEPKKPAQRTIQ',
'H1.7_(Homo_sapiens)');
INSERT INTO `curatedhitdb`.`sequence_has_publication`
(`sequence_accession`,
`publication_id`)
VALUES
('NP_861453.1',
'26689747');
INSERT INTO `curatedhitdb`.`sequence`
(`accession`,
`variant`,
`gi`,
`ncbi_gene_id`,
`hgnc_gene_name`,
`taxonomy_id`,
`organism`,
`phylum`,
`class`,
`taxonomy_group`,
`info`,
`sequence`,
`variant_under_consideration`)
VALUES
('NP_957367.1',
'H2A.X_(Vertebrata)',
'41055102',
null,
null,
7955,
'Danio rerio',
'Chordata',
'Actinopteri',
null,
null,
'MSGRGKTGGKARAKAKTRSSRAGLQFPVGRVHRLLRKGNYAERVGAGAPVYLAAVLEYLTAEILELAGNAARDNKKTRIIPRHLQLAVRNDEELNKLLGGVTIAQGGVLPNIQAVLLPKKTGQAAASSGKSGKKGSSQSQEY',
null);
INSERT INTO `curatedhitdb`.`sequence_has_publication`
(`sequence_accession`,
`publication_id`)
VALUES
('NP_957367.1',
'22650316');
INSERT INTO `curatedhitdb`.`sequence_has_publication`
(`sequence_accession`,
`publication_id`)
VALUES
('NP_957367.1',
'26989147');
INSERT INTO `curatedhitdb`.`sequence`
(`accession`,
`variant`,
`gi`,
`ncbi_gene_id`,
`hgnc_gene_name`,
`taxonomy_id`,
`organism`,
`phylum`,
`class`,
`taxonomy_group`,
`info`,
`sequence`,
`variant_under_consideration`)
VALUES
('NP_958844.1',
'H2A.Z.2.s1_(Homo_sapiens)',
null,
'94239',
'H2AZ2',
9606,
'Homo sapiens',
'Chordata',
'Mammalia',
'Mammalia',
null,
'MFPVGRIHRHLKTRTTSHGRVGATAAVYSAAILEYLTAEVLELAGNASKDLKVKRITPRHLQLAIRGDEELDSLIKATIAGGGVIPHIHKSLIGKKGQQKTA',
null);
INSERT INTO `curatedhitdb`.`sequence_has_publication`
(`sequence_accession`,
`publication_id`)
VALUES
('NP_958844.1',
'22467210');
INSERT INTO `curatedhitdb`.`sequence_has_publication`
(`sequence_accession`,
`publication_id`)
VALUES
('NP_958844.1',
'33073403');
INSERT INTO `curatedhitdb`.`sequence_has_publication`
(`sequence_accession`,
`publication_id`)
VALUES
('NP_958844.1',
'33771851');
INSERT INTO `curatedhitdb`.`sequence`
(`accession`,
`variant`,
`gi`,
`ncbi_gene_id`,
`hgnc_gene_name`,
`taxonomy_id`,
`organism`,
`phylum`,
`class`,
`taxonomy_group`,
`info`,
`sequence`,
`variant_under_consideration`)
VALUES
('NP_958924.1',
'H2A.Z.2.s1_(Homo_sapiens)',
null,
'94239',
'H2AZ2',
9606,
'Homo sapiens',
'Chordata',
'Mammalia',
'Mammalia',
null,
'MAGGKAGKDSGKAKAKAVSRSQRAGLQFPVGRIHRHLKTRTTSHGRVGATAAVYSAAILEYLTAEV',
null);
INSERT INTO `curatedhitdb`.`sequence_has_publication`
(`sequence_accession`,
`publication_id`)
VALUES
('NP_958924.1',
'22467210');
INSERT INTO `curatedhitdb`.`sequence_has_publication`
(`sequence_accession`,
`publication_id`)
VALUES
('NP_958924.1',
'33073403');
INSERT INTO `curatedhitdb`.`sequence_has_publication`
(`sequence_accession`,
`publication_id`)
VALUES
('NP_958924.1',
'33771851');
INSERT INTO `curatedhitdb`.`sequence`
(`accession`,
`variant`,
`gi`,
`ncbi_gene_id`,
`hgnc_gene_name`,
`taxonomy_id`,
`organism`,
`phylum`,
`class`,
`taxonomy_group`,
`info`,
`sequence`,
`variant_under_consideration`)
VALUES
('NP_958925.1',
'H2A.Z.2.s2_(Homo_sapiens)',
null,
'94239',
'H2AZ2',
9606,
'Homo sapiens',
'Chordata',
'Mammalia',
'Mammalia',
null,
'MAGGKAGKDSGKAKAKAVSRSQRAGLQVLELAGNASKDLKVKRITPRHLQLAIRGDEELDSLIKATIAGGGVIPHIHKSLIGKKGQQKTA',
null);
INSERT INTO `curatedhitdb`.`sequence_has_publication`
(`sequence_accession`,
`publication_id`)
VALUES
('NP_958925.1',
'22467210');
INSERT INTO `curatedhitdb`.`sequence_has_publication`
(`sequence_accession`,
`publication_id`)
VALUES
('NP_958925.1',
'33073403');
INSERT INTO `curatedhitdb`.`sequence_has_publication`
(`sequence_accession`,
`publication_id`)
VALUES
('NP_958925.1',
'33771851');
INSERT INTO `curatedhitdb`.`sequence`
(`accession`,
`variant`,
`gi`,
`ncbi_gene_id`,
`hgnc_gene_name`,
`taxonomy_id`,
`organism`,
`phylum`,
`class`,
`taxonomy_group`,
`info`,
`sequence`,
`variant_under_consideration`)
VALUES
('NP_990338.1',
'macroH2A',
'45384360',
null,
null,
9031,
'Gallus gallus',
'Chordata',
'Aves',
null,
null,
'MSSRGGKKKSTKTSRSAKAGVIFPVGRMLRYIKKGHPKYRIGVGAPVYMAAVLEYLTAEILELAGNAARDNKKGRVTPRHILLAVANDEELNQLLKGVTIASGGVLPNIHPELLAKKRGSKGKLEAIITPPPAKKAKSPSQKKTVSKKTGGKKGARKSKKKQGEVSKSASADSTTEGTPADGFTVLSTKSLFLGQKLNLIHSEISNLAGFEVEAIINPTNADIDLKDDLGSTLEKKGGKEFVEAVIELRKKNGPLDIAGAVVSAGHGLPAKFVIHCNSPGWGSDKCEELLEKTVKNCLALADEKKLKSIAFPSIGSGRNGFPKQTAAQLILKAISSYFVSTMSSSIKTVYFVLFDSESIGIYVQEMAKLDAN',
null);
INSERT INTO `curatedhitdb`.`sequence_has_publication`
(`sequence_accession`,
`publication_id`)
VALUES
('NP_990338.1',
'22650316');
INSERT INTO `curatedhitdb`.`sequence_has_publication`
(`sequence_accession`,
`publication_id`)
VALUES
('NP_990338.1',
'26989147');
INSERT INTO `curatedhitdb`.`sequence`
(`accession`,
`variant`,
`gi`,
`ncbi_gene_id`,
`hgnc_gene_name`,
`taxonomy_id`,
`organism`,
`phylum`,
`class`,
`taxonomy_group`,
`info`,
`sequence`,
`variant_under_consideration`)
VALUES
('NP_991343.1',
'H2B.L',
'45429973',
null,
null,
9913,
'Bos taurus',
'Chordata',
'Mammalia',
null,
null,
'MARNVTKRNKRCRGHQKAIYKKKSHSSSESGLRNYSLYINRVLKEVVPQKGISSRTIDIINTMINDMFERISTEACNLMYYRKRCTLTPEDIEKAVYLLLPEKLAKYAVAFGKEAVQRYVRS',
null);
INSERT INTO `curatedhitdb`.`sequence`
(`accession`,
`variant`,
`gi`,
`ncbi_gene_id`,
`hgnc_gene_name`,
`taxonomy_id`,
`organism`,
`phylum`,
`class`,
`taxonomy_group`,
`info`,
`sequence`,
`variant_under_consideration`)
VALUES
('NP_998836.1',
'H1.0',
'47498062',
null,
null,
8364,
'Xenopus tropicalis',
'Chordata',
'Amphibia',
null,
null,
'MTENSAAAPAGKPKRSKASKKATDHPKYSDMILAAVQAEKSRSGSSRQSIQKYIKNHYKVGENADSQIKLSIKRLVTSGTLKQTKGVGASGSFRLAKADEGKKPAKKPKKEIKKAASPKKAAKPKKAAKSPAKAKKPKVAEKKVKKPAKKKPAPSPKKAKKTKTVKAKPVRASRVKKAKPSKPKAKASPKKSGRKK',
null);
INSERT INTO `curatedhitdb`.`sequence`
(`accession`,
`variant`,
`gi`,
`ncbi_gene_id`,
`hgnc_gene_name`,
`taxonomy_id`,
`organism`,
`phylum`,
`class`,
`taxonomy_group`,
`info`,
`sequence`,
`variant_under_consideration`)
VALUES
('NP_999706.1',
'sperm_H2B_(Echinoidea)',
'47551059',
null,
null,
7668,
'Strongylocentrotus purpuratus',
'Echinodermata',
'Echinoidea',
null,
null,
'MPSQRSPTKRSPTKRSPQKGAGKGGKGSKRGGKARRRGGAAVRRRRRRRESYGIYIYKVLKQVHPDTGISSRGMSIMNSFVNDVFERVAAEASRLTKYNRRSTVSSREIQTAVRLLLPGELAKHAVSEGTKAVTKYTTSR',
null);
INSERT INTO `curatedhitdb`.`sequence`
(`accession`,
`variant`,
`gi`,
`ncbi_gene_id`,
`hgnc_gene_name`,
`taxonomy_id`,
`organism`,
`phylum`,
`class`,
`taxonomy_group`,
`info`,
`sequence`,
`variant_under_consideration`)
VALUES
('NP_999707.1',
'cH4',
'47551061',
null,
null,
7668,
'Strongylocentrotus purpuratus',
'Echinodermata',
'Echinoidea',
null,
null,
'MSGRGKGGKGLGKGGAKRHRKVLRDNIQGITKPAIRRLARRGGVKRISGLIYEETRGVLKVFLENVIRDAVTYCEHAKRKTVTAMDVVYALKRQGRTLYGFGG',
null);
INSERT INTO `curatedhitdb`.`sequence`
(`accession`,
`variant`,
`gi`,
`ncbi_gene_id`,
`hgnc_gene_name`,
`taxonomy_id`,
`organism`,
`phylum`,
`class`,
`taxonomy_group`,
`info`,
`sequence`,
`variant_under_consideration`)
VALUES
('NP_999710.2',
'cH2B_(Animals)',
'62909990',
null,
null,
7668,
'Strongylocentrotus purpuratus',
'Echinodermata',
'Echinoidea',
null,
null,
'MAPTAQVAKKGSKKAVKGTKTAXGGKKRNRKRKESYGIYIYKVLKQVHPDTGISSRAMVIMNSXVBDIFERIAGESSRLAQYNKKXTXSSREIQTAVRLILPGELAKHAVSEGTKAVTKYTTSK',
null);
INSERT INTO `curatedhitdb`.`sequence`
(`accession`,
`variant`,
`gi`,
`ncbi_gene_id`,
`hgnc_gene_name`,
`taxonomy_id`,
`organism`,
`phylum`,
`class`,
`taxonomy_group`,
`info`,
`sequence`,
`variant_under_consideration`)
VALUES
('NP_999714.1',
'generic_H1',
'47551077',
null,
null,
7668,
'Strongylocentrotus purpuratus',
'Echinodermata',
'Echinoidea',
null,
null,
'MAEKNSSKKVTTKKPAAHPPAAEMVATAITELKDRNGSSLQAIKKYIATNFDVQMDRQLLFIKRALKSGVEKGKLVQTKGKGASGSFKVNVQAAKAQASEKAKKEKEKAKLLAQREKAKEKGCSEEGETAEGSRPKKVKAAPKKAKKPVKKTTEKKEKKKTPKKAPKKPAAKKSTPKKTPKKAAAKKPKTAKPKKPAXKKAAKSK',
null);
INSERT INTO `curatedhitdb`.`sequence`
(`accession`,
`variant`,
`gi`,
`ncbi_gene_id`,
`hgnc_gene_name`,
`taxonomy_id`,
`organism`,
`phylum`,
`class`,
`taxonomy_group`,
`info`,
`sequence`,
`variant_under_consideration`)
VALUES
('NP_999720.1',
'generic_H1',
'47551091',
null,
null,
7668,
'Strongylocentrotus purpuratus',
'Echinodermata',
'Echinoidea',
null,
null,
'MSAAKPKVAKKARVAPAHPPSSQMVVAAVTALKERGGSSTQAIKKYIAANYTVDMTKQGPFIRRALVKGVASGALVQTKGKGASGSFKLGKKKEGKSDAQKARIAAKKAKLAAKKKEQREKKALKTKARKEKVAAKKAAKKATKKTKKVKKPAAKKAKKPAAKKPAAKKPAAKKAKKPAKKVAKPAKKAAAKPAKKAAKPAKKAAKPAKKAAKPAKK',
null);
INSERT INTO `curatedhitdb`.`sequence`
(`accession`,
`variant`,
`gi`,
`ncbi_gene_id`,
`hgnc_gene_name`,
`taxonomy_id`,
`organism`,
`phylum`,
`class`,
`taxonomy_group`,
`info`,
`sequence`,
`variant_under_consideration`)
VALUES
('NP_999721.1',
'sperm_H2B_(Echinoidea)',
'47551083',
null,
null,
7668,
'Strongylocentrotus purpuratus',
'Echinodermata',
'Echinoidea',
null,
null,
'MPRSPSKTSPRKGSPRRGSPSRKASPKRGGKGAKRAGKGGRRRNVVRRRRRRRESYGIYIYKVLKQVHPDTGISSRGMSVMNSFVNDIFGRIAGEASRLTRANRRSTISSREIQTAVRLLLPGELAKHAVSEGTKAVTKYTTSR',
null);
INSERT INTO `curatedhitdb`.`sequence`
(`accession`,
`variant`,
`gi`,
`ncbi_gene_id`,
`hgnc_gene_name`,
`taxonomy_id`,
`organism`,
`phylum`,
`class`,
`taxonomy_group`,
`info`,
`sequence`,
`variant_under_consideration`)
VALUES
('NP_999722.1',
'H1.0',
'47551095',
null,
null,
7668,
'Strongylocentrotus purpuratus',
'Echinodermata',
'Echinoidea',
null,
null,
'MADTDAAPAAPAPSTPKKAAKKKASKPKTPASHPKYSDMIASALESLKEKKGSSRQAILKYVKANFTVGDNANVHIKQALKRGVTSGQLRHVKGSGASGSFLLAEKTKTPKKAAAKKATPKKKPAAKKTKKPAAKKATKKPAKKPAAKKKVAKPAAKKAAKPVAKKATPKKKVVKKAAKGKGKKK',
null);
INSERT INTO `curatedhitdb`.`sequence`
(`accession`,
`variant`,
`gi`,
`ncbi_gene_id`,
`hgnc_gene_name`,
`taxonomy_id`,
`organism`,
`phylum`,
`class`,
`taxonomy_group`,
`info`,
`sequence`,
`variant_under_consideration`)
VALUES
('O17536.3',
'generic_H1',
'54035964',
null,
null,
6239,
'Caenorhabditis elegans',
'Nematoda',
'Chromadorea',
null,
null,
'MSDVAVAADTTETPAAPTKASKATKASKATKASKATKAKTTKVPMVKADAAHPPFINMVTEAISSIKDRKGPSRAAILKYITTKYTLGDQANKINAHLRKALNKGLESNAFVQASGNGANGRFRLAEKTASVAKSPAAAKKDATGEKKATTTVAKKAATGEKKATTTVAKKAATGEKKATTTVAKKAAAGDKAKKTEVKVKKVKSPKKIAKSPVNKVTKSPVKKIAKSSSMKAAPKKAAAKPAKKAPAAAPEA',
null);
INSERT INTO `curatedhitdb`.`sequence`
(`accession`,
`variant`,
`gi`,
`ncbi_gene_id`,
`hgnc_gene_name`,
`taxonomy_id`,
`organism`,
`phylum`,
`class`,
`taxonomy_group`,
`info`,
`sequence`,
`variant_under_consideration`)
VALUES
('OAE20401.1',
'H2A.M',
null,
null,
null,
1480154,
'Marchantia polymorpha subsp. ruderalis',
'Streptophyta',
'Marchantiopsida',
null,
null,
'MSARSGTTAVKKKPVSKSQKAGLQFPVGRMARFLKNGRYAKRIGAGAPVYLAAVLEYLAAELLELAGNACRDNKKTRIIPRHIQLAVRNDEELSKLLAEVTISRGGVLPNINPSLLPKKTASKAEKEVAEADDKSTKDKAKEKETVTSSKRSPKAKSEKK',
null);
INSERT INTO `curatedhitdb`.`sequence_has_publication`
(`sequence_accession`,
`publication_id`)
VALUES
('OAE20401.1',
'25983206');
INSERT INTO `curatedhitdb`.`sequence`
(`accession`,
`variant`,
`gi`,
`ncbi_gene_id`,
`hgnc_gene_name`,
`taxonomy_id`,
`organism`,
`phylum`,
`class`,
`taxonomy_group`,
`info`,
`sequence`,
`variant_under_consideration`)
VALUES
('ONI00968.1',
'H2B.S',
null,
null,
null,
3760,
'Prunus persica',
'Streptophyta',
'Magnoliopsida',
null,
null,
'MAPKRSTKTVVKTTKQVVRETVQVSSVVQSKRRKKQSEDSGDQTRKPVKTIKTISIETQEENQTQNVEISEPLKTRRIPIQTEEENQILKGQNAEAITTLTSDQKEAAAEEEEEGEGEKKEDQEDTVETSITSDEKEDEQKSEEVKTLEGEKEDSMETNTTSDEREEEEEETTKKEEHKSDEVKTQKGGKKSSEKKRKRKRRERGRGEEYKIYVHRVLKQVHPGMGVSSKGMTVLNNLMNDMFERLADEAARLTKYTARKTLSSREIQAAVKLVLPGELGRHAMAEGTKAVSTYVSNNNGRQSKS',
null);
INSERT INTO `curatedhitdb`.`sequence_has_publication`
(`sequence_accession`,
`publication_id`)
VALUES
('ONI00968.1',
'32716939');
INSERT INTO `curatedhitdb`.`sequence`
(`accession`,
`variant`,
`gi`,
`ncbi_gene_id`,
`hgnc_gene_name`,
`taxonomy_id`,
`organism`,
`phylum`,
`class`,
`taxonomy_group`,
`info`,
`sequence`,
`variant_under_consideration`)
VALUES
('P02272.2',
'H2A.Z.2_(Chordata)',
'121988',
null,
null,
9031,
'Gallus gallus',
'Chordata',
'Aves',
null,
'homologous to human H2AZ2 gene',
'MAGGKAGKDSGKAKAKAVSRSQRAGLQFPVGRIHRHLKTRTTSHGRVGATAAVYSAAILEYLTAEVLELAGNASKDLKVKRITPRHLQLAIRGDEELDSLIKATIAGGGVIPHIHKSLIGKKGQQKTA',
null);
INSERT INTO `curatedhitdb`.`sequence_has_publication`
(`sequence_accession`,
`publication_id`)
VALUES
('P02272.2',
'22650316');
INSERT INTO `curatedhitdb`.`sequence_has_publication`
(`sequence_accession`,
`publication_id`)
VALUES
('P02272.2',
'26989147');
INSERT INTO `curatedhitdb`.`sequence`
(`accession`,
`variant`,
`gi`,
`ncbi_gene_id`,
`hgnc_gene_name`,
`taxonomy_id`,
`organism`,
`phylum`,
`class`,
`taxonomy_group`,
`info`,
`sequence`,
`variant_under_consideration`)
VALUES
('P02289.2',
'early_H2B_(Echinoidea)',
null,
null,
null,
7668,
'Strongylocentrotus purpuratus',
'Echinodermata',
'Echinoidea',
null,
null,
'MAPTAQVAKKGSKKAVKGTKTAXGGKKRNRKRKESYGIYIYKVLKQVHPDTGISSRAMVIMNSFVNDIFERIAGESSRLAQYNKKSTISSREIQTAVRLILPGELAKHAVSEGTKAVTKYTTSK',
null);
INSERT INTO `curatedhitdb`.`publication`
(`id`,
`title`,
`doi`,
`author`,
`year`)
VALUES
('728984',
null,
null,
null,
null);
INSERT INTO `curatedhitdb`.`sequence_has_publication`
(`sequence_accession`,
`publication_id`)
VALUES
('P02289.2',
'728984');
INSERT INTO `curatedhitdb`.`sequence`
(`accession`,
`variant`,
`gi`,
`ncbi_gene_id`,
`hgnc_gene_name`,
`taxonomy_id`,
`organism`,
`phylum`,
`class`,
`taxonomy_group`,
`info`,
`sequence`,
`variant_under_consideration`)
VALUES
('P02290.2',
'sperm_H2B_(Echinoidea)',
null,
null,
null,
7658,
'Parechinus angulosus',
'Echinodermata',
'Echinoidea',
null,
null,
'MPSQKSPTKRSPTKRSPTKRSPQKGGKGGKGAKRGGKAGKRRRGVQVKRRRRRRESYGIYIYKVLKQVHPDTGISSRAMSVMNSFVNDVFERIAAEAGRLTTYNRRSTVSSREVQTAVRLLLPGELAKHAVSEGTKAVTKYTTSR',
null);
INSERT INTO `curatedhitdb`.`publication`
(`id`,
`title`,
`doi`,
`author`,
`year`)
VALUES
('891534',
null,
null,
null,
null);
INSERT INTO `curatedhitdb`.`sequence_has_publication`
(`sequence_accession`,
`publication_id`)
VALUES
('P02290.2',
'891534');
INSERT INTO `curatedhitdb`.`sequence`
(`accession`,
`variant`,
`gi`,
`ncbi_gene_id`,
`hgnc_gene_name`,
`taxonomy_id`,
`organism`,
`phylum`,
`class`,
`taxonomy_group`,
`info`,
`sequence`,
`variant_under_consideration`)
VALUES
('P02291.2',
'sperm_H2B_(Echinoidea)',
'108885304',
null,
null,
7658,
'Parechinus angulosus',
'Echinodermata',
'Echinoidea',
null,
null,
'MPRSPAKTSPRKGSPRKGSPSRKASPKRGGKGAKRAGKGGRRRRVVKRRRRRRESYGIYIYKVLKQVHPDTGISSRAMSVMNSFVNDVFERIAGEASRLTSANRRSTVSSREIQTAVRLLLPGELAKHAVSEGTKAVTKYTTSR',
null);
INSERT INTO `curatedhitdb`.`sequence`
(`accession`,
`variant`,
`gi`,
`ncbi_gene_id`,
`hgnc_gene_name`,
`taxonomy_id`,
`organism`,
`phylum`,
`class`,
`taxonomy_group`,
`info`,
`sequence`,
`variant_under_consideration`)
VALUES
('P02292.2',
'sperm_H2B_(Echinoidea)',
null,
null,
null,
7658,
'Parechinus angulosus',
'Echinodermata',
'Echinoidea',
null,
null,
'MPRSPAKTSPRKGSPRKGSPRKGSPSRKASPKRGGKGAKRAGKGGRRRRVVKRRRRRRESYGIYIYKVLKQVHPDTGISSRAMSVMNSFVNDVFERIASEASRLTSANRRSTVSSREIQTAVRLLLPGELAKHAVSEGTKAVTKYTTSR',
null);
INSERT INTO `curatedhitdb`.`publication`
(`id`,
`title`,
`doi`,
`author`,
`year`)
VALUES
('710402',
null,
null,
null,
null);
INSERT INTO `curatedhitdb`.`sequence_has_publication`
(`sequence_accession`,
`publication_id`)
VALUES
('P02292.2',
'710402');
INSERT INTO `curatedhitdb`.`sequence`
(`accession`,
`variant`,
`gi`,
`ncbi_gene_id`,
`hgnc_gene_name`,
`taxonomy_id`,
`organism`,
`phylum`,
`class`,
`taxonomy_group`,
`info`,
`sequence`,
`variant_under_consideration`)
VALUES
('P06513.2',
'H1.0',
'122111',
null,
null,
8855,
'Cairina moschata',
'Chordata',
'Aves',
null,
null,
'MTDSPIPAPAPAAKPKRAKAPRKPASHPSYSEMIVAAIRAEKSRGGSSRQSIQKYVKSHYKVGQHADLQIKLSIRRLLAAGVLKQTKGVGASGSYRLAKGDKAKKSPAGRKKKKKAARRSTSPRKAARPRKARSPAKKPKAAARKARKKSRASPKKAKKPKTVKAKSLKTSKVKKAKRSKPRAKSGARKSPKKK',
null);
INSERT INTO `curatedhitdb`.`sequence`
(`accession`,
`variant`,
`gi`,
`ncbi_gene_id`,
`hgnc_gene_name`,
`taxonomy_id`,
`organism`,
`phylum`,
`class`,
`taxonomy_group`,
`info`,
`sequence`,
`variant_under_consideration`)
VALUES
('P10651.2',
'H3.3',
'122076',
null,
null,
284812,
'Schizosaccharomyces pombe 972h-',
'Ascomycota',
'Schizosaccharomycetes',
null,
null,
'MARTKQTARKSTGGKAPRKQLASKAARKAAPATGGVKKPHRYRPPTVALREIRRYQKSTELLIRKLPFQRLVREIAQDFKTDLRFQSSAIGALQEAVEAYLVSLFEDTNLCAIHGKRVTIQPKDMQLARRLRGERS',
null);
INSERT INTO `curatedhitdb`.`sequence`
(`accession`,
`variant`,
`gi`,
`ncbi_gene_id`,
`hgnc_gene_name`,
`taxonomy_id`,
`organism`,
`phylum`,
`class`,
`taxonomy_group`,
`info`,
`sequence`,
`variant_under_consideration`)
VALUES
('P16888.2',
'late_H2B_(Echinoidea)',
null,
null,
null,
7668,
'Strongylocentrotus purpuratus',
'Echinodermata',
'Echinoidea',
null,
null,
'MPAKAQPAGKKGSKKAKAPRPSGGKKRRRRRKESYGIYIYKVLKQVHPDTGISSRAMSIMNSFVNDVFERIAAEASRLAHYNKKSTITSREVQTVVRLLLPGELAKHAVSEGTKAVTKYTTSK',
null);
INSERT INTO `curatedhitdb`.`publication`
(`id`,
`title`,
`doi`,
`author`,
`year`)
VALUES
('3697096',
null,
null,
null,
null);
INSERT INTO `curatedhitdb`.`sequence_has_publication`
(`sequence_accession`,
`publication_id`)
VALUES
('P16888.2',
'3697096');
INSERT INTO `curatedhitdb`.`sequence`
(`accession`,
`variant`,
`gi`,
`ncbi_gene_id`,
`hgnc_gene_name`,
`taxonomy_id`,
`organism`,
`phylum`,
`class`,
`taxonomy_group`,
`info`,
`sequence`,
`variant_under_consideration`)
VALUES
('P16889.3',
'late_H2B_(Echinoidea)',
null,
null,
null,
7668,
'Strongylocentrotus purpuratus',
'Echinodermata',
'Echinoidea',
null,
null,
'MPAKAQAAGKKGSKKAKAPKPSGDKKRRRKRKESYGIYIYKVLKQVHPDTGISSRAMSIMNSFVNDVFERIAAEASRLAHYNKKSTITSREVQTAVRLLLPGELAKHAVSEGTKAVTKYTTSK',
null);
INSERT INTO `curatedhitdb`.`sequence_has_publication`
(`sequence_accession`,
`publication_id`)
VALUES
('P16889.3',
'3697096');
INSERT INTO `curatedhitdb`.`sequence`
(`accession`,
`variant`,
`gi`,
`ncbi_gene_id`,
`hgnc_gene_name`,
`taxonomy_id`,
`organism`,
`phylum`,
`class`,
`taxonomy_group`,
`info`,
`sequence`,
`variant_under_consideration`)
VALUES
('P23444.2',
'generic_H1',
'121950',
null,
null,
4577,
'Zea mays',
'Streptophyta',
'Magnoliopsida',
null,
null,
'MATDVTETPAPLVDAAPEAPADAPAAPAADANAAKAKKATAPKKRASPTHLPYAEMVSEAITSLKERTGSSSYAIAKFVEDKHKAKLPPNFRKLLNVQLKKLVAGGKLTKVKNSYKLSSATKPNPKPKAAPKKPKTGAKKPKAAAKPKAKTPAKAKPATKPKPAAKPKAVVKPKTPAKPKAKPAAKAKPKTAGAKPKPLAKKAGRAKAAKTSAKDTPGKKAPAKKAAPSKKAATPVRKAPSRKAKK',
null);
INSERT INTO `curatedhitdb`.`sequence`
(`accession`,
`variant`,
`gi`,
`ncbi_gene_id`,
`hgnc_gene_name`,
`taxonomy_id`,
`organism`,
`phylum`,
`class`,
`taxonomy_group`,
`info`,
`sequence`,
`variant_under_consideration`)
VALUES
('PAN11031.1',
'H2B.S',
null,
null,
null,
206008,
'Panicum hallii',
'Streptophyta',
'Magnoliopsida',
null,
null,
'MAPKRRSGGKVVGSVVKTKVVQETVEVTTAFVADGEPGQRATEDLALAPPAVDASGGSRSRVVHIEVTTPDGDTTTGGSNAKQATSKRGRGGRREEEKPAPPAEEAAQEPPVAQSQETQDPNEEQEEEEDAGKKKKKKKPPQQELQDEEPPETPRVASERKTAAAKRTPQQQQKRGGGGAGGGDKTKTTKAKKGGRRRLGQASPGGDAGMGGVGGYKRYVWRVLKQVHPELGVSGNAMRVLDMMMADMFERLADEAARLSKVSGRATLSSREVQSAVRLVLPGELSRHAMSEGTKAISKYMSYDA',
null);
INSERT INTO `curatedhitdb`.`sequence_has_publication`
(`sequence_accession`,
`publication_id`)
VALUES
('PAN11031.1',
'32716939');
INSERT INTO `curatedhitdb`.`sequence`
(`accession`,
`variant`,
`gi`,
`ncbi_gene_id`,
`hgnc_gene_name`,
`taxonomy_id`,
`organism`,
`phylum`,
`class`,
`taxonomy_group`,
`info`,
`sequence`,
`variant_under_consideration`)
VALUES
('PIA54901.1',
'H2B.S',
null,
null,
null,
218851,
'Aquilegia coerulea',
'Streptophyta',
'Magnoliopsida',
null,
null,
'MAPKRSQKKVIGSLVRKTNKVVEETVNITVVEKTKGAEAGNKETEQEETAISTKDPVSTPGEKQQKEQPKKGVGKQLKLEAPTQKKEETKSKKNEKSTTTTTTTTSSAKEGEEKKGKKSGRKRMLDTGETYNTYVYKVLKQVHPDLGITFKGMMVLNGFMNDMFERLAREASKLTDYTGKKTMSAREIQGAVRLVLPGELGKHAIVEGTKAITTYFSNSS',
null);
INSERT INTO `curatedhitdb`.`sequence_has_publication`
(`sequence_accession`,
`publication_id`)
VALUES
('PIA54901.1',
'32716939');
INSERT INTO `curatedhitdb`.`sequence`
(`accession`,
`variant`,
`gi`,
`ncbi_gene_id`,
`hgnc_gene_name`,
`taxonomy_id`,
`organism`,
`phylum`,
`class`,
`taxonomy_group`,
`info`,
`sequence`,
`variant_under_consideration`)
VALUES
('Q27749.3',
'sperm_H2B_(Echinoidea)',
'74767039',
null,
null,
7660,
'Psammechinus miliaris',
'Echinodermata',
'Echinoidea',
null,
null,
'MPSQKSPTKRSPTKRSPQKGGKGAKRGGKAGKRRRGVAVKRRRRRRESYGIYIYKVLKQVHPDTGISSRAMSVMNSFVNDVFERIASEAGRLTTYNRRNTVSSREVQTAVRLLLPGELAKHAVSEGTKAVTKYTTSR',
null);
INSERT INTO `curatedhitdb`.`sequence`
(`accession`,
`variant`,
`gi`,
`ncbi_gene_id`,
`hgnc_gene_name`,
`taxonomy_id`,
`organism`,
`phylum`,
`class`,
`taxonomy_group`,
`info`,
`sequence`,
`variant_under_consideration`)
VALUES
('Q27750.3',
'sperm_H2B_(Echinoidea)',
'108860775',
null,
null,
7660,
'Psammechinus miliaris',
'Echinodermata',
'Echinoidea',
null,
null,
'MPKSPSKSSPRKGSPRKGSPRKGSPKRGGKGAKRAGKGGRRNVVKRRRRRRESYGIYIYKVLKQVHPDTGISSRGMSVMNSFVNDVFERIAGEASRLTSANRRSTISSREIQTAVRLLLPGELAKHAVSEGTKAVTKYTTARR',
null);
INSERT INTO `curatedhitdb`.`sequence`
(`accession`,
`variant`,
`gi`,
`ncbi_gene_id`,
`hgnc_gene_name`,
`taxonomy_id`,
`organism`,
`phylum`,
`class`,
`taxonomy_group`,
`info`,
`sequence`,
`variant_under_consideration`)
VALUES
('Q64524.3',
'cH2B.E_(Mus_musculus)',
null,
null,
null,
10090,
'Mus musculus',
'Chordata',
'Mammalia',
null,
null,
'MPELAKSAPAPKKGSKKAVTKAQKKDGKKRKRSRKESYSIYVYKVLKQVHPDTGISSKAMGIMNSFVNDIFERIANEASRLAHYNKRSTITSREIQTSVRLLLPGELAKHAVSEGTKAVTKYTSAK',
null);
INSERT INTO `curatedhitdb`.`sequence_has_publication`
(`sequence_accession`,
`publication_id`)
VALUES
('Q64524.3',
'35099534');
INSERT INTO `curatedhitdb`.`sequence`
(`accession`,
`variant`,
`gi`,
`ncbi_gene_id`,
`hgnc_gene_name`,
`taxonomy_id`,
`organism`,
`phylum`,
`class`,
`taxonomy_group`,
`info`,
`sequence`,
`variant_under_consideration`)
VALUES
('Q7XYZ0.3',
'cH3',
'73919915',
null,
null,
83288,
'Griffithsia japonica',
'Rhodophyta',
'Florideophyceae',
null,
null,
'MARTKQTARKSTGGKAPRKQLATKAARKSAPASGGVKKPHRFRPGTVALREIRRFQKSTELLVRKLPFQRLVREIAQDFKSDLRFQSSAVLALQEAAEAYMVGLFEDTNLCAIHAKRVTIMPKDIQLARRIRGERT',
null);
INSERT INTO `curatedhitdb`.`sequence`
(`accession`,
`variant`,
`gi`,
`ncbi_gene_id`,
`hgnc_gene_name`,
`taxonomy_id`,
`organism`,
`phylum`,
`class`,
`taxonomy_group`,
`info`,
`sequence`,
`variant_under_consideration`)
VALUES
('Q9D4U4',
'H2A.L.3_(Mus_musculus)',
null,
null,
null,
10090,
'Mus musculus',
'Chordata',
'Mammalia',
null,
'endoded by H2al3 gene on chromosome X',
'MEDKRQKDSVAPSSGAKLQFPVSEAEHLLQERNLSKCLNSSTPVLFTDMLNYVTSSILELTVKDRDSHTSCNKLIAPEQKSKPTDNIDELCQLFKDSQYMADETPGCYKTPRSNKITGLYEAPRPGPK',
null);
INSERT INTO `curatedhitdb`.`sequence_has_publication`
(`sequence_accession`,
`publication_id`)
VALUES
('Q9D4U4',
'29549088');
INSERT INTO `curatedhitdb`.`sequence`
(`accession`,
`variant`,
`gi`,
`ncbi_gene_id`,
`hgnc_gene_name`,
`taxonomy_id`,
`organism`,
`phylum`,
`class`,
`taxonomy_group`,
`info`,
`sequence`,
`variant_under_consideration`)
VALUES
('Q9FFC0.3',
'cH2B_(Embryophyta)',
'75170197',
null,
null,
3702,
'Arabidopsis thaliana',
'Streptophyta',
'Magnoliopsida',
null,
null,
'MAKADKKPAEKKPAEKTPAAEPAAAAEKKPKAGKKLPKEPAGAGDKKKKRSKKNVETYKIYIFKVLKQVHPDIGISSKAMGIMNSFINDIFEKLAGESSKLARYNKKPTITSREIQTAVRLVLPGELAKHAVSEGTKAVTKFTSS',
null);
INSERT INTO `curatedhitdb`.`sequence`
(`accession`,
`variant`,
`gi`,
`ncbi_gene_id`,
`hgnc_gene_name`,
`taxonomy_id`,
`organism`,
`phylum`,
`class`,
`taxonomy_group`,
`info`,
`sequence`,
`variant_under_consideration`)
VALUES
('Q9LQQ4.3',
'cH2B_(Embryophyta)',
'75180188',
null,
null,
3702,
'Arabidopsis thaliana',
'Streptophyta',
'Magnoliopsida',
null,
null,
'MAPRAEKKPAEKKTAAERPVEENKAAEKAPAEKKPKAGKKLPPKEAGDKKKKRSKKNVETYKIYIFKVLKQVHPDIGISSKAMGIMNSFINDIFEKLAQESSKLARYNKKPTITSREIQTAVRLVLPGELAKHAVSEGTKAVTKFTSS',
null);
INSERT INTO `curatedhitdb`.`sequence`
(`accession`,
`variant`,
`gi`,
`ncbi_gene_id`,
`hgnc_gene_name`,
`taxonomy_id`,
`organism`,
`phylum`,
`class`,
`taxonomy_group`,
`info`,
`sequence`,
`variant_under_consideration`)
VALUES
('Q9LZ45.3',
'cH2B_(Embryophyta)',
'75181188',
null,
null,
3702,
'Arabidopsis thaliana',
'Streptophyta',
'Magnoliopsida',
null,
null,
'MAPKAEKKPAEKAPAPKAEKKIAKEGGTSEIVKKKKKTKKSTETYKIYIFKVLKQVHPDIGISGKAMGIMNSFINDIFEKLAQESSRLARYNKKPTITSREIQTAVRLVLPGELAKHAVSEGTKAVTKFTSS',
null);
INSERT INTO `curatedhitdb`.`sequence`
(`accession`,
`variant`,
`gi`,
`ncbi_gene_id`,
`hgnc_gene_name`,
`taxonomy_id`,
`organism`,
`phylum`,
`class`,
`taxonomy_group`,
`info`,
`sequence`,
`variant_under_consideration`)
VALUES
('Q9LZT0.3',
'cH2B_(Embryophyta)',
'75181341',
null,
null,
3702,
'Arabidopsis thaliana',
'Streptophyta',
'Magnoliopsida',
null,
null,
'MAPKAEKKPAEKKPVEEKSKAEKAPAEKKPKAGKKLPKEAGAGGDKKKKMKKKSVETYKIYIFKVLKQVHPDIGISSKAMGIMNSFINDIFEKLASESSKLARYNKKPTITSREIQTAVRLVLPGELAKHAVSEGTKAVTKFTSS',
null);
INSERT INTO `curatedhitdb`.`sequence`
(`accession`,
`variant`,
`gi`,
`ncbi_gene_id`,
`hgnc_gene_name`,
`taxonomy_id`,
`organism`,
`phylum`,
`class`,
`taxonomy_group`,
`info`,
`sequence`,
`variant_under_consideration`)
VALUES
('RID57103.1',
'H2B.S',
null,
null,
null,
3711,
'Brassica rapa',
'Streptophyta',
'Magnoliopsida',
null,
null,
'MAPRKSKKVVSVTKKKKVVEETIKVTVTDGVPNVTTNTDTQETQYLETQELDTQELETQDLPFSLPLEEENVTRVEIPVDVGYDRSPPPPETVAPASEGTVKETHKVEIPVEFGDDRSPQPPETPAPASEVPAKETHKVEEKQGNKKTTSKKRKKNRSEVAGDEYKRYVYKVMKQVHPDLGISSKAMTVINMFMGDMFERLAVEAAKLNDYSKRRTLSSREIEAAVRLVLPGELSRHAVAEGSKAVSNFVAYGAKKR',
null);
INSERT INTO `curatedhitdb`.`sequence_has_publication`
(`sequence_accession`,
`publication_id`)
VALUES
('RID57103.1',
'32716939');
INSERT INTO `curatedhitdb`.`sequence`
(`accession`,
`variant`,
`gi`,
`ncbi_gene_id`,
`hgnc_gene_name`,
`taxonomy_id`,
`organism`,
`phylum`,
`class`,
`taxonomy_group`,
`info`,
`sequence`,
`variant_under_consideration`)
VALUES
('XP_001008397.1',
'H3.3',
'118350232',
null,
null,
312017,
'Tetrahymena thermophila SB210',
'Ciliophora',
'Oligohymenophorea',
null,
null,
'MARTKQTARKSTGVKAPRKQLATKAARKSAPVSGGVKKPHKFRPGTVALREIRKYQKTTDLLIRKLPFQRLVRDIAMEMKSDIRFQSQAILALQEAAEAYLVGLFEDTNLCAIHARRVTIMTKDLHLARRIRGERF',
null);
INSERT INTO `curatedhitdb`.`sequence`
(`accession`,
`variant`,
`gi`,
`ncbi_gene_id`,
`hgnc_gene_name`,
`taxonomy_id`,
`organism`,
`phylum`,
`class`,
`taxonomy_group`,
`info`,
`sequence`,
`variant_under_consideration`)
VALUES
('XP_001011273.1',
'cenH3_(Eukarya)',
'118356028',
null,
null,
312017,
'Tetrahymena thermophila SB210',
'Ciliophora',
'Oligohymenophorea',
null,
null,
'MARKAYQPKRRSNSNQNQQRSDSLKKNKQDNLRSKSAGNQQGNEKNKKDIQDQRNKASTKKKRESSGEKYESARDKVIRRFRPGDNALKQLRQYNQTPSLLIRKLPFQRLIREISTRMTEEDSLRWTSFALVLLQTVVEDYMVSFFEDANACALHAKRVTLMSKDLALAARIRGQKNVTGIFIPTKK',
null);
INSERT INTO `curatedhitdb`.`sequence`
(`accession`,
`variant`,
`gi`,
`ncbi_gene_id`,
`hgnc_gene_name`,
`taxonomy_id`,
`organism`,
`phylum`,
`class`,
`taxonomy_group`,
`info`,
`sequence`,
`variant_under_consideration`)
VALUES
('XP_001016593.1',
'cH4',
'118366755',
null,
null,
312017,
'Tetrahymena thermophila SB210',
'Ciliophora',
'Oligohymenophorea',
null,
null,
'MAGGKGGKGMGKVGAKRHSRKSNKASIEGITKPAIRRLARRGGVKRISSFIYDDSRQVLKSFLENVVRDAVTYTEHARRKTVTAMDVVYALKRQGRTLYGFGG',
null);
INSERT INTO `curatedhitdb`.`sequence`
(`accession`,
`variant`,
`gi`,
`ncbi_gene_id`,
`hgnc_gene_name`,
`taxonomy_id`,
`organism`,
`phylum`,
`class`,
`taxonomy_group`,
`info`,
`sequence`,
`variant_under_consideration`)
VALUES
('XP_001016594.3',
'cH3',
'229595561',
null,
null,
312017,
'Tetrahymena thermophila SB210',
'Ciliophora',
'Oligohymenophorea',
null,
null,
'MARTKQTARKSTGAKAPRKQLASKAARKSAPATGGIKKPHRFRPGTVALREIRKYQKSTDLLIRKLPFQRLVRDIAHEFKAELRFQSSAVLALQEAAEAYLVGLFEDTNLCAIHARRVTIMTKDMQLARRIRGERF',
null);
INSERT INTO `curatedhitdb`.`sequence`
(`accession`,
`variant`,
`gi`,
`ncbi_gene_id`,
`hgnc_gene_name`,
`taxonomy_id`,
`organism`,
`phylum`,
`class`,
`taxonomy_group`,
`info`,
`sequence`,
`variant_under_consideration`)
VALUES
('XP_001095287.1',
'H2B.L',
'109077646',
null,
null,
9544,
'Macaca mulatta',
'Chordata',
'Mammalia',
null,
null,
'MARSSTKKHKYSKRHQSPTSRKKAHSSIDFVHGNYSFFVNKVLKEVVSHRGTSSRTLDLMNTLINNFFQHISMKAYRLMYFRNRCTLTPEDILKAAYLLLPQKTANYAVAFGSEVFRRYVHS',
null);
INSERT INTO `curatedhitdb`.`sequence`
(`accession`,
`variant`,
`gi`,
`ncbi_gene_id`,
`hgnc_gene_name`,
`taxonomy_id`,
`organism`,
`phylum`,
`class`,
`taxonomy_group`,
`info`,
`sequence`,
`variant_under_consideration`)
VALUES
('XP_001119899.1',
'cH2A_(Animals)',
'110764935',
null,
null,
7460,
'Apis mellifera',
'Arthropoda',
'Insecta',
null,
null,
'MSGRGKGGKAKAKAKSRSNRAGLQFPVGRIHRLLRKGNYAERVGAGAPVYLAAVMEYLAAEVLELAGNAARDNKKTRIIPRHLQLAIRNDEELNKLLSGVTIAQGGVLPNIQAVLLPKKTEKKA',
null);
INSERT INTO `curatedhitdb`.`sequence_has_publication`
(`sequence_accession`,
`publication_id`)
VALUES
('XP_001119899.1',
'22650316');
INSERT INTO `curatedhitdb`.`sequence_has_publication`
(`sequence_accession`,
`publication_id`)
VALUES
('XP_001119899.1',
'26989147');
INSERT INTO `curatedhitdb`.`sequence`
(`accession`,
`variant`,
`gi`,
`ncbi_gene_id`,
`hgnc_gene_name`,
`taxonomy_id`,
`organism`,
`phylum`,
`class`,
`taxonomy_group`,
`info`,
`sequence`,
`variant_under_consideration`)
VALUES
('XP_001145032.1',
'H2A.B',
'114690754',
null,
null,
9598,
'Pan troglodytes',
'Chordata',
'Mammalia',
null,
null,
'MPRRRRHRGSSGAGGRGRTCSRTVRAELSFSVSQVERSLREGQYAQRLSRTAPVYLAAVIEYLTAKVLELAGNEAQNSGARNITPLLLDMVVHNDRLLSTLFNTTTISQVAPGED',
null);
INSERT INTO `curatedhitdb`.`sequence_has_publication`
(`sequence_accession`,
`publication_id`)
VALUES
('XP_001145032.1',
'22650316');
INSERT INTO `curatedhitdb`.`sequence_has_publication`
(`sequence_accession`,
`publication_id`)
VALUES
('XP_001145032.1',
'26989147');
INSERT INTO `curatedhitdb`.`sequence`
(`accession`,
`variant`,
`gi`,
`ncbi_gene_id`,
`hgnc_gene_name`,
`taxonomy_id`,
`organism`,
`phylum`,
`class`,
`taxonomy_group`,
`info`,
`sequence`,
`variant_under_consideration`)
VALUES
('XP_001218942.1',
'cH3',
'115504299',
null,
null,
185431,
'Trypanosoma brucei brucei TREU927',
'Euglenozoa',
'Kinetoplastea',
null,
null,
'MSRTKETARTKKTITSKKSKKASKGSDAASGVKTAQRRWRPGTVALREIRQFQRSTDLLLQKAPFQRLVREVSGAQKEGLRFQSSAILAAQEATESYIVSLLADTNRACIHSGRVTIQPKDIHLALCLRGERA',
null);
INSERT INTO `curatedhitdb`.`sequence`
(`accession`,
`variant`,
`gi`,
`ncbi_gene_id`,
`hgnc_gene_name`,
`taxonomy_id`,
`organism`,
`phylum`,
`class`,
`taxonomy_group`,
`info`,
`sequence`,
`variant_under_consideration`)
VALUES
('XP_001349046.1',
'H2B.Z',
'124511826',
null,
null,
36329,
'Plasmodium falciparum 3D7',
'Apicomplexa',
'Aconoidasida',
null,
null,
'MSGKGPAQKSQAAKKTAGKTLGPRHKRKRRTESFSLYIFKVLKQVHPETGVTKKSMNIMNSFINDIFDRLVTEATRLIRYNKKRTLSSREIQTAVRLLLPGELSKHAVSEGTKAVTKYTTSAA',
null);
INSERT INTO `curatedhitdb`.`sequence`
(`accession`,
`variant`,
`gi`,
`ncbi_gene_id`,
`hgnc_gene_name`,
`taxonomy_id`,
`organism`,
`phylum`,
`class`,
`taxonomy_group`,
`info`,
`sequence`,
`variant_under_consideration`)
VALUES
('XP_001350068.1',
'cenH3_(Eukarya)',
'124513424',
null,
null,
36329,
'Plasmodium falciparum 3D7',
'Apicomplexa',
'Aconoidasida',
null,
null,
'MVRTKKNIPNHNPLNAFNRDKSFKTNKTLPNRTVHHGISSKTTNINRPSVNRGGINEVAQKNLHRTNIRKPHRYRPGVLALKEIRAYQASTQLLIPKIPFVRVVKEITRLFELPDEQFRYTPEALLALQTASEAYLVSLFEDAYLCSLHANRVTLMPKDIHLARRIRGRD',
null);
INSERT INTO `curatedhitdb`.`sequence`
(`accession`,
`variant`,
`gi`,
`ncbi_gene_id`,
`hgnc_gene_name`,
`taxonomy_id`,
`organism`,
`phylum`,
`class`,
`taxonomy_group`,
`info`,
`sequence`,
`variant_under_consideration`)
VALUES
('XP_001366286.1',
'H2B.L',
'126320607',
null,
null,
13616,
'Monodelphis domestica',
'Chordata',
'Mammalia',
null,
null,
'MTKAVRSNESQKLTTNQEKKKKKKKKLLLSRNYSLYTHRVLKEVIPNQGLTYKTTEIMNSMINNILERIAEEAGNLLCYKRHLTLGHQDIQMAVYRLLPDELAKHAVAFGTRAVTTYNDSK',
null);
INSERT INTO `curatedhitdb`.`sequence`
(`accession`,
`variant`,
`gi`,
`ncbi_gene_id`,
`hgnc_gene_name`,
`taxonomy_id`,
`organism`,
`phylum`,
`class`,
`taxonomy_group`,
`info`,
`sequence`,
`variant_under_consideration`)
VALUES
('XP_001370540.1',
'H2A.X_(Mammalia)',
'126326560',
null,
null,
13616,
'Monodelphis domestica',
'Chordata',
'Mammalia',
null,
null,
'MSGRGKTGGKARAKAKSRSSRAGLQFPVGRVHRLLRKGHYAERVGAGAPVYLAAVLEYLTAEILELAGNAARDNKKTRIIPRHLQLAIRNDEELNKLLGGVTIAQGGVLPNIQAVLLPKKSGAITGPKAPGSGGSKKSTQASQEY',
null);
INSERT INTO `curatedhitdb`.`sequence_has_publication`
(`sequence_accession`,
`publication_id`)
VALUES
('XP_001370540.1',
'22650316');
INSERT INTO `curatedhitdb`.`sequence_has_publication`
(`sequence_accession`,
`publication_id`)
VALUES
('XP_001370540.1',
'26989147');
INSERT INTO `curatedhitdb`.`sequence`
(`accession`,
`variant`,
`gi`,
`ncbi_gene_id`,
`hgnc_gene_name`,
`taxonomy_id`,
`organism`,
`phylum`,
`class`,
`taxonomy_group`,
`info`,
`sequence`,
`variant_under_consideration`)
VALUES
('XP_001380078.1',
'H2A.R',
null,
null,
null,
13616,
'Monodelphis domestica',
'Chordata',
'Mammalia',
null,
null,
'MSEKRSHPGPSHPRSRTRSRSSRAQLQFPVSRVDRFLRQGHYAQRLASGAPVFLAAVLEYLTAEILELAGNAARDNQKSRIAPRHVQLAVRNDAELNQLFGDVTISQGGVLPRIHSELLQSVNKAQSSRNLGGNSFIQTVKTK',
null);
INSERT INTO `curatedhitdb`.`sequence_has_publication`
(`sequence_accession`,
`publication_id`)
VALUES
('XP_001380078.1',
'29549088');
INSERT INTO `curatedhitdb`.`sequence`
(`accession`,
`variant`,
`gi`,
`ncbi_gene_id`,
`hgnc_gene_name`,
`taxonomy_id`,
`organism`,
`phylum`,
`class`,
`taxonomy_group`,
`info`,
`sequence`,
`variant_under_consideration`)
VALUES
('XP_001419128.1',
'cH2B_(Chlorophyta)',
null,
null,
null,
436017,
'Ostreococcus lucimarinus CCE9901',
'Chlorophyta',
'Mamiellophyceae',
null,
null,
'MAKKPAQKKPSGAKKVGRKSKSETYKIYIYKVLKQVHPDTGISSKAMSIMNSFINDIFEKIATEAAKLARYNKKPTVTSREIQTAVRLILPGELAKHAVSEGTKAVTKFTSA',
null);
INSERT INTO `curatedhitdb`.`sequence_has_publication`
(`sequence_accession`,
`publication_id`)
VALUES
('XP_001419128.1',
'32716939');
INSERT INTO `curatedhitdb`.`sequence`
(`accession`,
`variant`,
`gi`,
`ncbi_gene_id`,
`hgnc_gene_name`,
`taxonomy_id`,
`organism`,
`phylum`,
`class`,
`taxonomy_group`,
`info`,
`sequence`,
`variant_under_consideration`)
VALUES
('XP_001504072.2',
'H2B.L',
'149727070',
null,
null,
9796,
'Equus caballus',
'Chordata',
'Mammalia',
null,
null,
'MARDSTKKSRCSRRRQSPASRKKSHASTYRGHRNYSLYINRVLKEVVPQRGISARTLDTMNILINNIFERISTEACSMMYFRNRCTLTPQDVQKAVYSLFPGKLAKYAVAFGSEAVQRYLHS',
null);
INSERT INTO `curatedhitdb`.`sequence`
(`accession`,
`variant`,
`gi`,
`ncbi_gene_id`,
`hgnc_gene_name`,
`taxonomy_id`,
`organism`,
`phylum`,
`class`,
`taxonomy_group`,
`info`,
`sequence`,
`variant_under_consideration`)
VALUES
('XP_001511074.1',
'H2B.O',
null,
null,
null,
9258,
'Ornithorhynchus anatinus',
'Chordata',
'Mammalia',
null,
null,
'YSIYVYKVLKQVHPLTSISTKAVGIMDSFINDIFERIASEASRLARYNKRSTITSREIQTAVLLTLPGELARHAVSEGTKAITKYTS',
null);
INSERT INTO `curatedhitdb`.`sequence_has_publication`
(`sequence_accession`,
`publication_id`)
VALUES
('XP_001511074.1',
'35099534');
INSERT INTO `curatedhitdb`.`sequence`
(`accession`,
`variant`,
`gi`,
`ncbi_gene_id`,
`hgnc_gene_name`,
`taxonomy_id`,
`organism`,
`phylum`,
`class`,
`taxonomy_group`,
`info`,
`sequence`,
`variant_under_consideration`)
VALUES
('XP_001519563.1',
'H2A.R',
null,
null,
null,
9258,
'Ornithorhynchus anatinus',
'Chordata',
'Mammalia',
null,
null,
'MAARVPSAEGSPSGPRRSGPRRSRSSRAQLRFSVSLVDRFLRRGRYSRRVAEGTPVFLAAVLEYLTAELLELAGHTAGAHRRQRIAPVHLRQAVRDDPELDRLFGDIVSSPGAGLPRLHSALLKPWTVRTWRGRTVSFGEDPGHPR',
null);
INSERT INTO `curatedhitdb`.`sequence_has_publication`
(`sequence_accession`,
`publication_id`)
VALUES
('XP_001519563.1',
'29549088');
INSERT INTO `curatedhitdb`.`sequence`
(`accession`,
`variant`,
`gi`,
`ncbi_gene_id`,
`hgnc_gene_name`,
`taxonomy_id`,
`organism`,
`phylum`,
`class`,
`taxonomy_group`,
`info`,
`sequence`,
`variant_under_consideration`)
VALUES
('XP_001521160.2',
'H2B.O',
null,
null,
null,
9258,
'Ornithorhynchus anatinus',
'Chordata',
'Mammalia',
null,
null,
'WENYVYKVLKQVHPLTSISTKAVGIVDSFIDIFKRITSDASHLARYNKCSTITSREIQTAVQLMLPGELDRYAGSEGTKAITKYTT',
null);
INSERT INTO `curatedhitdb`.`sequence_has_publication`
(`sequence_accession`,
`publication_id`)
VALUES
('XP_001521160.2',
'35099534');
INSERT INTO `curatedhitdb`.`sequence`
(`accession`,
`variant`,
`gi`,
`ncbi_gene_id`,
`hgnc_gene_name`,
`taxonomy_id`,
`organism`,
`phylum`,
`class`,
`taxonomy_group`,
`info`,
`sequence`,
`variant_under_consideration`)
VALUES
('XP_001610608.1',
'H2B.Z',
null,
null,
null,
484906,
'Babesia bovis T2Bo',
'Apicomplexa',
'Aconoidasida',
null,
null,
'MSGKVPSSKSQAAKKTAGKSLGIRYRRKKRIESFSLYIYKVLKQVHPETGVSKKSMSIMNSFINDIFDRMALEATRLIRYNKKSTLSSREIQTAVRLLLPGELSKHAVSEGTKAVTKYTTSGA',
null);
INSERT INTO `curatedhitdb`.`sequence_has_publication`
(`sequence_accession`,
`publication_id`)
VALUES
('XP_001610608.1',
'DOI:10.5772/intechopen.81409');
INSERT INTO `curatedhitdb`.`sequence`
(`accession`,
`variant`,
`gi`,
`ncbi_gene_id`,
`hgnc_gene_name`,
`taxonomy_id`,
`organism`,
`phylum`,
`class`,
`taxonomy_group`,
`info`,
`sequence`,
`variant_under_consideration`)
VALUES
('XP_001637578.1',
'macroH2A',
'156396795',
null,
null,
45351,
'Nematostella vectensis',
'Cnidaria',
'Anthozoa',
null,
null,
'MSARGGKAAKRAKAVSRSAKAGLQFPVSRVHRYLRKCTHHYRISAAAPVYQAAVMEYLTAEILELAGNAARDNKKTRIIPRHILLAVANDEELHKLLKGVTIASGGVLPNIHPELLKKRKGGKLVSPEELKSKKPKPAPPPSPKKPVSSKKGRGKADKGPGDGFSVLSEKTLFLGQKLTVVQGDIAAIDADAVVLPTNAKFKLEGEVGEALKKAGGKEFKDEIKKLSEDNGDLALLDAAICDGHNFPAAYVISLHSPVYSEDSTTASDDLEKAVKNVLTIADEKNLKILAIPSIGTGSNKYPKDLAAQVTLKAISNYFVSAMASSLKQIYFVLSDPENIGMYTMELARLDS',
null);
INSERT INTO `curatedhitdb`.`sequence_has_publication`
(`sequence_accession`,
`publication_id`)
VALUES
('XP_001637578.1',
'22650316');
INSERT INTO `curatedhitdb`.`sequence_has_publication`
(`sequence_accession`,
`publication_id`)
VALUES
('XP_001637578.1',
'26989147');
INSERT INTO `curatedhitdb`.`sequence`
(`accession`,
`variant`,
`gi`,
`ncbi_gene_id`,
`hgnc_gene_name`,
`taxonomy_id`,
`organism`,
`phylum`,
`class`,
`taxonomy_group`,
`info`,
`sequence`,
`variant_under_consideration`)
VALUES
('XP_001690668.1',
'cH2B_(Chlorophyta)',
null,
null,
null,
3055,
'Chlamydomonas reinhardtii',
'Chlorophyta',
'Chlorophyceae',
null,
null,
'MAPKKDEKPVTAEAGAEAPAKAEAKPKAEKAAKKAKKEPSKKAAKEPKGDGEKKDKKKKKSAVETYKLYIYKVLKQVHPDTGISSKAMSIMNSFINDIFEKVATEASKLSRYNKKPTVTSREIQTAVRLVLPGELAKHAVSEGTKAVTKFTSG',
null);
INSERT INTO `curatedhitdb`.`sequence_has_publication`
(`sequence_accession`,
`publication_id`)
VALUES
('XP_001690668.1',
'32716939');
INSERT INTO `curatedhitdb`.`sequence`
(`accession`,
`variant`,
`gi`,
`ncbi_gene_id`,
`hgnc_gene_name`,
`taxonomy_id`,
`organism`,
`phylum`,
`class`,
`taxonomy_group`,
`info`,
`sequence`,
`variant_under_consideration`)
VALUES
('XP_001691007.1',
'cH2B_(Chlorophyta)',
null,
null,
null,
3055,
'Chlamydomonas reinhardtii',
'Chlorophyta',
'Chlorophyceae',
null,
null,
'MAPKKDEKPATQEAAAEAPAKAEAKPKAEKAAKKAKKEPSKKAAKEPKGDGEKKDKKKKKSAVETYKLYIYKVLKQVHPDTGISSKAMSIMNSFINDIFEKVATEASKLSRYNKKPTVTSREIQTAVRLVLPGELAKHAVSEGTKAVTKFTSG',
null);
INSERT INTO `curatedhitdb`.`sequence_has_publication`
(`sequence_accession`,
`publication_id`)
VALUES
('XP_001691007.1',
'32716939');
INSERT INTO `curatedhitdb`.`sequence`
(`accession`,
`variant`,
`gi`,
`ncbi_gene_id`,
`hgnc_gene_name`,
`taxonomy_id`,
`organism`,
`phylum`,
`class`,
`taxonomy_group`,
`info`,
`sequence`,
`variant_under_consideration`)
VALUES
('XP_001691162.1',
'cH2B_(Chlorophyta)',
null,
null,
null,
3055,
'Chlamydomonas reinhardtii',
'Chlorophyta',
'Chlorophyceae',
null,
null,
'MAPKKDEKPATAEAGAEAPAKAEAKPKAEKAAKKAKKEPSKKAAKEPKGDGEKKDKKKKKSAVETYKLYIYKVLKQVHPDTGISSKAMSIMNSFINDIFEKVATEASKLSRYNKKPTVTSREIQTAVRLVLPGELAKHAVSEGTKAVTKFTSG',
null);
INSERT INTO `curatedhitdb`.`sequence_has_publication`
(`sequence_accession`,
`publication_id`)
VALUES
('XP_001691162.1',
'32716939');
INSERT INTO `curatedhitdb`.`sequence`
(`accession`,
`variant`,
`gi`,
`ncbi_gene_id`,
`hgnc_gene_name`,
`taxonomy_id`,
`organism`,
`phylum`,
`class`,
`taxonomy_group`,
`info`,
`sequence`,
`variant_under_consideration`)
VALUES
('XP_001691541.1',
'cH2B_(Chlorophyta)',
null,
null,
null,
3055,
'Chlamydomonas reinhardtii',
'Chlorophyta',
'Chlorophyceae',
null,
null,
'MAPKKDEKPATAEAGAEAPAKAEAKPKAEKAGKKAKKEPAKKAAKEPKGDGEKKDKKKKKSAVETYKLYIYKVLKQVHPDTGISSKAMSIMNSFINDIFEKVATEASKLSRYNKKPTVTSREIQTAVRLVLPGELAKHAVSEGTKAVTKFTSG',
null);
INSERT INTO `curatedhitdb`.`sequence_has_publication`
(`sequence_accession`,
`publication_id`)
VALUES
('XP_001691541.1',
'32716939');
INSERT INTO `curatedhitdb`.`sequence`
(`accession`,
`variant`,
`gi`,
`ncbi_gene_id`,
`hgnc_gene_name`,
`taxonomy_id`,
`organism`,
`phylum`,
`class`,
`taxonomy_group`,
`info`,
`sequence`,
`variant_under_consideration`)
VALUES
('XP_001691693.1',
'cH2B_(Chlorophyta)',
null,
null,
null,
3055,
'Chlamydomonas reinhardtii',
'Chlorophyta',
'Chlorophyceae',
null,
null,
'MAPKKDEKSATQEAGAEAPAKAEAKPKAEKAAKKAKKEPSKKAAKEPKGDGEKKDKKKKKSAVETYKLYIYKVLKQVHPDTGISSKAMSIMNSFINDIFEKVATEASKLSRYNKKPTVTSREIQTAVRLVLPGELAKHAVSEGTKAVTKFTSG',
null);
INSERT INTO `curatedhitdb`.`sequence_has_publication`
(`sequence_accession`,
`publication_id`)
VALUES
('XP_001691693.1',
'32716939');
INSERT INTO `curatedhitdb`.`sequence`
(`accession`,
`variant`,
`gi`,
`ncbi_gene_id`,
`hgnc_gene_name`,
`taxonomy_id`,
`organism`,
`phylum`,
`class`,
`taxonomy_group`,
`info`,
`sequence`,
`variant_under_consideration`)
VALUES
('XP_001692948.1',
'cH2B_(Chlorophyta)',
null,
null,
null,
3055,
'Chlamydomonas reinhardtii',
'Chlorophyta',
'Chlorophyceae',
null,
null,
'MAPKKDEKKDAAAPEAAEPKAEKESKPKADKAAKKAKKSPAKKAAKEGGDGEKGDKKKGKKKSSVETYKLYIYKVLKQVHPDTGISSKAMSIMNSFINDIFEKVATEASKLSRYNKKPTVTSREIQTAVRLVLPGELAKHAVSEGTKAVTKFTSG',
null);
INSERT INTO `curatedhitdb`.`sequence_has_publication`
(`sequence_accession`,
`publication_id`)
VALUES
('XP_001692948.1',
'32716939');
INSERT INTO `curatedhitdb`.`sequence`
(`accession`,
`variant`,
`gi`,
`ncbi_gene_id`,
`hgnc_gene_name`,
`taxonomy_id`,
`organism`,
`phylum`,
`class`,
`taxonomy_group`,
`info`,
`sequence`,
`variant_under_consideration`)
VALUES
('XP_001693071.1',
'cH2B_(Chlorophyta)',
null,
null,
null,
3055,
'Chlamydomonas reinhardtii',
'Chlorophyta',
'Chlorophyceae',
null,
null,
'MAPKKDEKKDAAAPEAAEPKAEKESKPKADKAAKKAKKAPAKKAAKEGGDGEKGDKKKGKKKSSVETYKLYIYKVLKQVHPDTGISSKAMSIMNSFINDIFEKVATEASKLSRYNKKPTVTSREIQTAVRLVLPGELAKHAVSEGTKAVTKFTSG',
null);
INSERT INTO `curatedhitdb`.`sequence_has_publication`
(`sequence_accession`,
`publication_id`)
VALUES
('XP_001693071.1',
'32716939');
INSERT INTO `curatedhitdb`.`sequence`
(`accession`,
`variant`,
`gi`,
`ncbi_gene_id`,
`hgnc_gene_name`,
`taxonomy_id`,
`organism`,
`phylum`,
`class`,
`taxonomy_group`,
`info`,
`sequence`,
`variant_under_consideration`)
VALUES
('XP_001693722.1',
'cH2B_(Chlorophyta)',
null,
null,
null,
3055,
'Chlamydomonas reinhardtii',
'Chlorophyta',
'Chlorophyceae',
null,
null,
'MAPKKDEKPATRAATQEAGAEATAKAEAKPKAEKAAKKAKKEPAKKAAKEPKGDGEKKDKKKKSAVETYKLYIYKVLKQVHPDTGISSKAMSIMNSFINDIFEKVATEASKLSRYNKKPTVTSREIQTAVRLVLPGELAKHAVSEGTKAVTKFTSG',
null);
INSERT INTO `curatedhitdb`.`sequence_has_publication`
(`sequence_accession`,
`publication_id`)
VALUES
('XP_001693722.1',
'32716939');
INSERT INTO `curatedhitdb`.`sequence`
(`accession`,
`variant`,
`gi`,
`ncbi_gene_id`,
`hgnc_gene_name`,
`taxonomy_id`,
`organism`,
`phylum`,
`class`,
`taxonomy_group`,
`info`,
`sequence`,
`variant_under_consideration`)
VALUES
('XP_001696245.1',
'cH2B_(Chlorophyta)',
null,
null,
null,
3055,
'Chlamydomonas reinhardtii',
'Chlorophyta',
'Chlorophyceae',
null,
null,
'MAPKKDEKPATAEAGAEAPAKAEAKPKAEKAAKKAKKEPSKKTAKEPKGDGEKKDKKKKKSAVETYKLYIYKVLKQVHPDTGISSKAMSIMNSFINDIFEKVATEASKLSRYNKKPTVTSREIQTAVRLVLPGELAKHAVSEGTKAVTKFTSG',
null);
INSERT INTO `curatedhitdb`.`sequence_has_publication`
(`sequence_accession`,
`publication_id`)
VALUES
('XP_001696245.1',
'32716939');
INSERT INTO `curatedhitdb`.`sequence`
(`accession`,
`variant`,
`gi`,
`ncbi_gene_id`,
`hgnc_gene_name`,
`taxonomy_id`,
`organism`,
`phylum`,
`class`,
`taxonomy_group`,
`info`,
`sequence`,
`variant_under_consideration`)
VALUES
('XP_001696283.1',
'cH2B_(Chlorophyta)',
null,
null,
null,
3055,
'Chlamydomonas reinhardtii',
'Chlorophyta',
'Chlorophyceae',
null,
null,
'MAPKKDEKPATAEAGAEAPAKADAKPKAEKAAKKAKKEPSKKAAKEPKGDGEKKDKKKKKSAVETYKLYIYKVLKQVHPDTGISSKAMSIMNSFINDIFEKVATEASKLSRYNKKPTVTSREIQTAVRLVLPGELAKHAVSEGTKAVTKFTSG',
null);
INSERT INTO `curatedhitdb`.`sequence_has_publication`
(`sequence_accession`,
`publication_id`)
VALUES
('XP_001696283.1',
'32716939');
INSERT INTO `curatedhitdb`.`sequence`
(`accession`,
`variant`,
`gi`,
`ncbi_gene_id`,
`hgnc_gene_name`,
`taxonomy_id`,
`organism`,
`phylum`,
`class`,
`taxonomy_group`,
`info`,
`sequence`,
`variant_under_consideration`)
VALUES
('XP_001696556.1',
'cH2B_(Chlorophyta)',
null,
null,
null,
3055,
'Chlamydomonas reinhardtii',
'Chlorophyta',
'Chlorophyceae',
null,
null,
'MAPKKDEKPATAEAGAEAPAKAEAKPKAEKAAKKAKKEPSKKAAKEPKGEGEKKDKKKKKSAVETYKLYIYKVLKQVHPDTGISSKAMSIMNSFINDIFEKVATEASKLSRYNKKPTVTSREIQTAVRLVLPGELAKHAVSEGTKAVTKFTSG',
null);
INSERT INTO `curatedhitdb`.`sequence_has_publication`
(`sequence_accession`,
`publication_id`)
VALUES
('XP_001696556.1',
'32716939');
INSERT INTO `curatedhitdb`.`sequence`
(`accession`,
`variant`,
`gi`,
`ncbi_gene_id`,
`hgnc_gene_name`,
`taxonomy_id`,
`organism`,
`phylum`,
`class`,
`taxonomy_group`,
`info`,
`sequence`,
`variant_under_consideration`)
VALUES
('XP_001700194.1',
'cH2B_(Chlorophyta)',
null,
null,
null,
3055,
'Chlamydomonas reinhardtii',
'Chlorophyta',
'Chlorophyceae',
null,
null,
'MAPKAAEKAPAKKTPAKTAEGSKKKKKLNKAETYKVYIYKVLKQVHPDTGISSKAMSIMNSFINDIFDKMANEAVRLAQYNKKPTLTSREIQTAVRLVLPGELAKHAVSEGTKAVTKFTST',
null);
INSERT INTO `curatedhitdb`.`sequence_has_publication`
(`sequence_accession`,
`publication_id`)
VALUES
('XP_001700194.1',
'32716939');
INSERT INTO `curatedhitdb`.`sequence`
(`accession`,
`variant`,
`gi`,
`ncbi_gene_id`,
`hgnc_gene_name`,
`taxonomy_id`,
`organism`,
`phylum`,
`class`,
`taxonomy_group`,
`info`,
`sequence`,
`variant_under_consideration`)
VALUES
('XP_001700403.1',
'cH2B_(Chlorophyta)',
null,
null,
null,
3055,
'Chlamydomonas reinhardtii',
'Chlorophyta',
'Chlorophyceae',
null,
null,
'MAPKKDEKPATQEAGAEAPAKAEAKPKAEKAAKKAKKEPSKKAAKEPKGDGAKKDKKKKKSAVETYKLYIYKVLKQVHPDTGISSKAMSIMNSFINDIFEKVATEASKLSRYNKKPTVTSREIQTAVRLVLPGELAKHAVSEGTKAVTKFTSG',
null);
INSERT INTO `curatedhitdb`.`sequence_has_publication`
(`sequence_accession`,
`publication_id`)
VALUES
('XP_001700403.1',
'32716939');
INSERT INTO `curatedhitdb`.`sequence`
(`accession`,
`variant`,
`gi`,
`ncbi_gene_id`,
`hgnc_gene_name`,
`taxonomy_id`,
`organism`,
`phylum`,
`class`,
`taxonomy_group`,
`info`,
`sequence`,
`variant_under_consideration`)
VALUES
('XP_001700461.1',
'cH2B_(Chlorophyta)',
null,
null,
null,
3055,
'Chlamydomonas reinhardtii',
'Chlorophyta',
'Chlorophyceae',
null,
null,
'MAPKKDEKPATQEAGAEAPAKAEAKPKAEKAAKKAKKEPSKKAAKEPKGDGEKKDKKKKKSAVETYKLYIYKVLKQVHPDTGISSKAMSIMNSFINDIFEKVATEASKLSRYNKKPTVTSREIQTAVRLVLPGELAKHAVSEGTKAVTKFTSG',
null);
INSERT INTO `curatedhitdb`.`sequence_has_publication`
(`sequence_accession`,
`publication_id`)
VALUES
('XP_001700461.1',
'32716939');
INSERT INTO `curatedhitdb`.`sequence`
(`accession`,
`variant`,
`gi`,
`ncbi_gene_id`,
`hgnc_gene_name`,
`taxonomy_id`,
`organism`,
`phylum`,
`class`,
`taxonomy_group`,
`info`,
`sequence`,
`variant_under_consideration`)
VALUES
('XP_001702223.2',
'cH2B_(Chlorophyta)',
null,
null,
null,
3055,
'Chlamydomonas reinhardtii',
'Chlorophyta',
'Chlorophyceae',
null,
null,
'MAPKKDEKPATQEAAAEAPAKAEAKPKAEKAAKKAKEPSKKAAKEPKGDGEKKDKKKKKSAVETYKLYIYKVLKQVHPDTGISSKAMSIMNSFINDIFEKVATEASKLSRYNKKPTVTSREIQTAVRLVLPGELAKHAVSEGTKAVTKFTSG',
null);
INSERT INTO `curatedhitdb`.`sequence_has_publication`
(`sequence_accession`,
`publication_id`)
VALUES
('XP_001702223.2',
'32716939');
INSERT INTO `curatedhitdb`.`sequence`
(`accession`,
`variant`,
`gi`,
`ncbi_gene_id`,
`hgnc_gene_name`,
`taxonomy_id`,
`organism`,
`phylum`,
`class`,
`taxonomy_group`,
`info`,
`sequence`,
`variant_under_consideration`)
VALUES
('XP_001704715.1',
'H2A.X_(Protists)',
'159108895',
null,
null,
5741,
'Giardia intestinalis',
'Fornicata',
null,
null,
null,
'MSTKPVKDNSKMKSRSARAGISFPIGRIHRHLREGRYAERISSDAPVYLAAVLENVVAEVFREACNHRDKKSQKRIVPNHILTALRKDKELATIFANVTIREGGVARSAKEGREGKGSHRSQDL',
null);
INSERT INTO `curatedhitdb`.`sequence_has_publication`
(`sequence_accession`,
`publication_id`)
VALUES
('XP_001704715.1',
'22650316');
INSERT INTO `curatedhitdb`.`sequence_has_publication`
(`sequence_accession`,
`publication_id`)
VALUES
('XP_001704715.1',
'26989147');
INSERT INTO `curatedhitdb`.`sequence`
(`accession`,
`variant`,
`gi`,
`ncbi_gene_id`,
`hgnc_gene_name`,
`taxonomy_id`,
`organism`,
`phylum`,
`class`,
`taxonomy_group`,
`info`,
`sequence`,
`variant_under_consideration`)
VALUES
('XP_001713521.1',
'cH3',
'162606012',
null,
null,
55529,
'Guillardia theta',
null,
'Cryptophyceae',
null,
null,
'MARTKQTARKTVGGDINSRISEKRAKSDNSKNIDLKKVHRYKPGTVALREIRKYQKSTNLLIRKLPFQRLVRELAQDYKSDLRFQNSAVLALQEASESYLVNLFEDTNLCAIHAKRVTIMPKDIYLARRIRGEMIF',
null);
INSERT INTO `curatedhitdb`.`sequence`
(`accession`,
`variant`,
`gi`,
`ncbi_gene_id`,
`hgnc_gene_name`,
`taxonomy_id`,
`organism`,
`phylum`,
`class`,
`taxonomy_group`,
`info`,
`sequence`,
`variant_under_consideration`)
VALUES
('XP_002111498.1',
'H2A.Z',
'196003262',
null,
null,
10228,
'Trichoplax adhaerens',
'Placozoa',
'Uniplacotomia',
null,
null,
'MAGGKAGKDSKTKAKAVSRSARAGLQFPVGRIHRHLKNRTTSHGRVGATAAVYSAAILEYLTAEVLELAGNASKDLKVKRITPRHLQLAIRGDEELDSLIKATIAGGGVIPHIHKSLIGKKGANKPN',
null);
INSERT INTO `curatedhitdb`.`sequence_has_publication`
(`sequence_accession`,
`publication_id`)
VALUES
('XP_002111498.1',
'22650316');
INSERT INTO `curatedhitdb`.`sequence_has_publication`
(`sequence_accession`,
`publication_id`)
VALUES
('XP_002111498.1',
'26989147');
INSERT INTO `curatedhitdb`.`sequence`
(`accession`,
`variant`,
`gi`,
`ncbi_gene_id`,
`hgnc_gene_name`,
`taxonomy_id`,
`organism`,
`phylum`,
`class`,
`taxonomy_group`,
`info`,
`sequence`,
`variant_under_consideration`)
VALUES
('XP_002111582.1',
'macroH2A',
'196003430',
null,
null,
10228,
'Trichoplax adhaerens',
'Placozoa',
'Uniplacotomia',
null,
null,
'MSGRGGKARKKPSSRSARAGLQFPVGRMHRRLKSSTHHLRIGSGAPVYLAACIEYLTAEILELAGNAARDNKKLRIIPRHIQLAIGNDEELHKLLSDVTIASGGVLPHVHTELLSKKAKGGGASVAAAAAPKKSKVRVSRVGKSTPAKSNFSKKSGSSTKAFKNSEVTILSEKQLFLGQKLIVTKGDITKISTDGIVHPTSSNFSHAGMIGGALSSAGGKQYMDGVAKVEQETGSLPVAGVTGSPAANLSAQEVIHVHSPSWGSTDCQGNLEKAVRNILDYADKKGMKSVAIPSIGSGSNNFPKLTAAQIILRSIAKYFVGVMSSSLKEVYFVLWDEESINIYTSELNKLDVSG',
null);
INSERT INTO `curatedhitdb`.`sequence_has_publication`
(`sequence_accession`,
`publication_id`)
VALUES
('XP_002111582.1',
'22650316');
INSERT INTO `curatedhitdb`.`sequence_has_publication`
(`sequence_accession`,
`publication_id`)
VALUES
('XP_002111582.1',
'26989147');
INSERT INTO `curatedhitdb`.`sequence`
(`accession`,
`variant`,
`gi`,
`ncbi_gene_id`,
`hgnc_gene_name`,
`taxonomy_id`,
`organism`,
`phylum`,
`class`,
`taxonomy_group`,
`info`,
`sequence`,
`variant_under_consideration`)
VALUES
('XP_002116274.1',
'H2A.X_(Animals)',
'196012824',
null,
null,
10228,
'Trichoplax adhaerens',
'Placozoa',
'Uniplacotomia',
null,
null,
'MSGRGKGGKARNKAKSRSTRAGLQFPVGRVHRMLRKGNYAERVGAGAPVYLAAVMEYLAAEILELAGNAARDNKKQRIVPRHLQLAIRNDEELNKLLSGVTIAQGGVLPNIQAVLLPKKSKVPIAGSKKGSSQSQEY',
null);
INSERT INTO `curatedhitdb`.`sequence_has_publication`
(`sequence_accession`,
`publication_id`)
VALUES
('XP_002116274.1',
'22650316');
INSERT INTO `curatedhitdb`.`sequence_has_publication`
(`sequence_accession`,
`publication_id`)
VALUES
('XP_002116274.1',
'26989147');
INSERT INTO `curatedhitdb`.`sequence`
(`accession`,
`variant`,
`gi`,
`ncbi_gene_id`,
`hgnc_gene_name`,
`taxonomy_id`,
`organism`,
`phylum`,
`class`,
`taxonomy_group`,
`info`,
`sequence`,
`variant_under_consideration`)
VALUES
('XP_002272312.1',
'H2B.S',
null,
null,
null,
29760,
'Vitis vinifera',
'Streptophyta',
'Magnoliopsida',
null,
null,
'MAPKRSGKTRSKVVVKATRKVVQQTVEVTVLASKQKPPREEQGKKISKKDKAPEELQREQVSADEEPPKELPTPVTQEEPPKKEEEKKTTTTQEGREEKKRGRRRRRRTSGRRRKEGGEGYKRYVYRVLKQVHPGLGVSSKAMTVLSGFMNDMFERIAEEAAKLSKYTGKTTLSAREIQGAVKLVLPGELQKHAMAEGTKAVSNYMDYAAAGGHKQ',
null);
INSERT INTO `curatedhitdb`.`sequence_has_publication`
(`sequence_accession`,
`publication_id`)
VALUES
('XP_002272312.1',
'32716939');
INSERT INTO `curatedhitdb`.`sequence`
(`accession`,
`variant`,
`gi`,
`ncbi_gene_id`,
`hgnc_gene_name`,
`taxonomy_id`,
`organism`,
`phylum`,
`class`,
`taxonomy_group`,
`info`,
`sequence`,
`variant_under_consideration`)
VALUES
('XP_002287626.1',
'cenH3_(Eukarya)',
'223995905',
null,
null,
296543,
'Thalassiosira pseudonana CCMP1335',
'Bacillariophyta',
'Coscinodiscophyceae',
null,
null,
'MRPGEKALREIRQYQSSTSLLLRRLPFARLVREIQYGMTRQPYRWQGSAILALQEAAEAHLVGLFEDSNLCAIHGKRVTIMPKDMQLARRIRGWVRE',
null);
INSERT INTO `curatedhitdb`.`sequence`
(`accession`,
`variant`,
`gi`,
`ncbi_gene_id`,
`hgnc_gene_name`,
`taxonomy_id`,
`organism`,
`phylum`,
`class`,
`taxonomy_group`,
`info`,
`sequence`,
`variant_under_consideration`)
VALUES
('XP_002288694.1',
'cH3',
'223998042',
null,
null,
296543,
'Thalassiosira pseudonana CCMP1335',
'Bacillariophyta',
'Coscinodiscophyceae',
null,
null,
'MARTKQTARKSTGGKAPRKQLATKAARKSAPATGGVKKPHRYRPGTVALREIRRYQKSTDLLIRKLPFQRLVREIAQDFKSDLRFQGSAVLALQEAAEAYLVGLFEDTNLCAIHAKRVTIMPKDIQLARRIRGERS',
null);
INSERT INTO `curatedhitdb`.`sequence`
(`accession`,
`variant`,
`gi`,
`ncbi_gene_id`,
`hgnc_gene_name`,
`taxonomy_id`,
`organism`,
`phylum`,
`class`,
`taxonomy_group`,
`info`,
`sequence`,
`variant_under_consideration`)
VALUES
('XP_002293701.1',
'H3.3',
'224009486',
null,
null,
296543,
'Thalassiosira pseudonana CCMP1335',
'Bacillariophyta',
'Coscinodiscophyceae',
null,
null,
'MARTKQTARKSTGGKAPRKQLATKAARKSAPTAGGVKKPHRYRPGTVALREIRKYQKSTDLLIRKAPFQRLVREIAQDFKTDLRFQSTAVLALQEASEAYLVGLFEDTNLCAIHAKRVTIMPKDIQLARRIRGERA',
null);
INSERT INTO `curatedhitdb`.`sequence`
(`accession`,
`variant`,
`gi`,
`ncbi_gene_id`,
`hgnc_gene_name`,
`taxonomy_id`,
`organism`,
`phylum`,
`class`,
`taxonomy_group`,
`info`,
`sequence`,
`variant_under_consideration`)
VALUES
('XP_002365268.2',
'cH2A_(Protists)',
'237831941',
null,
null,
508771,
'Toxoplasma gondii ME49',
'Apicomplexa',
'Conoidasida',
null,
null,
'MWLCDWAKEPEVSFFDSYKISAGNTHTCFPTRGRLLPVFLGSFLHSVSLVDKMSAKGKGGRAKKSGKSSSKSAKAGLQFPVGRIGRYLKKGRYAKRVGAGAPVYMAAVLEYLCAEILELAGNAARDHKKTRIIPRHIQLAVRNDEELSKFLGGVTIASGGVMPNVHSVLLPKKSKGKKSQ',
null);
INSERT INTO `curatedhitdb`.`sequence_has_publication`
(`sequence_accession`,
`publication_id`)
VALUES
('XP_002365268.2',
'22650316');
INSERT INTO `curatedhitdb`.`sequence_has_publication`
(`sequence_accession`,
`publication_id`)
VALUES
('XP_002365268.2',
'26989147');
INSERT INTO `curatedhitdb`.`sequence`
(`accession`,
`variant`,
`gi`,
`ncbi_gene_id`,
`hgnc_gene_name`,
`taxonomy_id`,
`organism`,
`phylum`,
`class`,
`taxonomy_group`,
`info`,
`sequence`,
`variant_under_consideration`)
VALUES
('XP_002365290.1',
'H2A.X_(Protists)',
'237831985',
null,
null,
508771,
'Toxoplasma gondii ME49',
'Apicomplexa',
'Conoidasida',
null,
null,
'MSAKGAGGRKKTSSGKKVSRSAKAGLQFPVSRIGRYLKKGRYAKRVGVGAPVYLAAVLEYLCAEILELAGNAARDHKKTRIIPRHIQLAVRNDEELSKFLGGVTIANGGVMPHVHAVLLPKHSKSKGKHGVSQEF',
null);
INSERT INTO `curatedhitdb`.`sequence_has_publication`
(`sequence_accession`,
`publication_id`)
VALUES
('XP_002365290.1',
'22650316');
INSERT INTO `curatedhitdb`.`sequence_has_publication`
(`sequence_accession`,
`publication_id`)
VALUES
('XP_002365290.1',
'26989147');
INSERT INTO `curatedhitdb`.`sequence`
(`accession`,
`variant`,
`gi`,
`ncbi_gene_id`,
`hgnc_gene_name`,
`taxonomy_id`,
`organism`,
`phylum`,
`class`,
`taxonomy_group`,
`info`,
`sequence`,
`variant_under_consideration`)
VALUES
('XP_002369740.1',
'H2B.Z',
'237840885',
null,
null,
508771,
'Toxoplasma gondii ME49',
'Apicomplexa',
'Conoidasida',
null,
null,
'MSGKGPAQKSQAAKKTAGKSLGPRYRRRKRTESFALYIYKVLKQVHPETGVSKKSMSIMNSFINDIFDRLADEAVRLIRYNKKRTLSSREIQTAVRLLLPGELSKHAVSEGTKAVTKYTTSGA',
null);
INSERT INTO `curatedhitdb`.`sequence`
(`accession`,
`variant`,
`gi`,
`ncbi_gene_id`,
`hgnc_gene_name`,
`taxonomy_id`,
`organism`,
`phylum`,
`class`,
`taxonomy_group`,
`info`,
`sequence`,
`variant_under_consideration`)
VALUES
('XP_002371743.1',
'H2A.Z',
'237844891',
null,
null,
508771,
'Toxoplasma gondii ME49',
'Apicomplexa',
'Conoidasida',
null,
null,
'MDGAGKVGGKVGGKVGGKVGGMGKGGKGKSGSGKGKKAPLSRAARAGLQFPVGRVHRMLKSRISSEGRVGSTAAVYASAILEYLTAEVLELAGNASKDLKVKRITPRHLQLAIRGDEELDTLIKATIAGGGVIPHIHKSLMTKGPSTQPMKKAKK',
null);
INSERT INTO `curatedhitdb`.`sequence_has_publication`
(`sequence_accession`,
`publication_id`)
VALUES
('XP_002371743.1',
'22650316');
INSERT INTO `curatedhitdb`.`sequence_has_publication`
(`sequence_accession`,
`publication_id`)
VALUES
('XP_002371743.1',
'26989147');
INSERT INTO `curatedhitdb`.`sequence`
(`accession`,
`variant`,
`gi`,
`ncbi_gene_id`,
`hgnc_gene_name`,
`taxonomy_id`,
`organism`,
`phylum`,
`class`,
`taxonomy_group`,
`info`,
`sequence`,
`variant_under_consideration`)
VALUES
('XP_002403551.1',
'macroH2A',
'241122402',
null,
null,
6945,
'Ixodes scapularis',
'Arthropoda',
'Arachnida',
null,
null,
'MSARGGKKRAKVVSKSTKAGVLFPVGRMRRYLKKGTHHFRIGAGAPVYMAAVIEYLSGEAISCQDSSPRDPLLSALTKRKCCSGRPNLFFLQLLKGVTIASGGVLPRILPELLARRKGGRFKTVALAKKPVAAAIAKEKAVPPKEKAKLAKGKVCRKSSHCHVPLGDRGIILSLWPTAPQGEHFTLVKHKTGLSLSVQLTVIQGDMASVTADAAIHPTNASLSLSGEVGQVLEKAGGKEFVQEVKDLFSAHGPLESAGAVICPGHQFPAKFVIHCNVPSGSSEPLEKCVRNCLALADEKNIRVLAVPPLATHSVASQKQQAAQTILKAISNYFVNVMSSSLKQIYFVLSDMESIGIYTSELAKLDS',
null);
INSERT INTO `curatedhitdb`.`sequence_has_publication`
(`sequence_accession`,
`publication_id`)
VALUES
('XP_002403551.1',
'22650316');
INSERT INTO `curatedhitdb`.`sequence_has_publication`
(`sequence_accession`,
`publication_id`)
VALUES
('XP_002403551.1',
'26989147');
INSERT INTO `curatedhitdb`.`sequence`
(`accession`,
`variant`,
`gi`,
`ncbi_gene_id`,
`hgnc_gene_name`,
`taxonomy_id`,
`organism`,
`phylum`,
`class`,
`taxonomy_group`,
`info`,
`sequence`,
`variant_under_consideration`)
VALUES
('XP_002462010.1',
'H2B.S',
null,
null,
null,
4558,
'Sorghum bicolor',
'Streptophyta',
'Magnoliopsida',
null,
null,
'MAPKRRGNKVVGSVVKTKVVQETVEVIVADDDDTAEAEQQMVPEALAVAPSAVDVSGSTVVHVVEVTTPDGGDNATGSNVKQPAVAKRGRGRREEEKEKQPAPPEDSVLVPQSQETQDPNEEEEDQEDASKKKKQKQKQRQQDEDDEAQPETPRVASERKKATPKKAKAKAQPQQQAGGGGDAGKKRPKARRRLGQASAGGDAGMGGVGGYKRYVWRVLKQVHPDLGVSGHAMQVLDMMMADMFERLADEAARLSKATGRMTLTSREVQSAVRLVLPGDLGKHAIAEGTKAISKYMSYA',
null);
INSERT INTO `curatedhitdb`.`sequence_has_publication`
(`sequence_accession`,
`publication_id`)
VALUES
('XP_002462010.1',
'32716939');
INSERT INTO `curatedhitdb`.`sequence`
(`accession`,
`variant`,
`gi`,
`ncbi_gene_id`,
`hgnc_gene_name`,
`taxonomy_id`,
`organism`,
`phylum`,
`class`,
`taxonomy_group`,
`info`,
`sequence`,
`variant_under_consideration`)
VALUES
('XP_002501781.1',
'cH2B_(Chlorophyta)',
null,
null,
null,
296587,
'Micromonas commoda',
'Chlorophyta',
'Mamiellophyceae',
null,
null,
'MAKPTSKKPAKKTVAKGGSKAKKSKTETYKIYIYKVLKQVHPDTGISSKAMSIMNSFINDIFEKIATEASKLARYNKKPTVTSREIQTAVRLILPGELAKHAVSEGTKAVTKFTSN',
null);
INSERT INTO `curatedhitdb`.`sequence_has_publication`
(`sequence_accession`,
`publication_id`)
VALUES
('XP_002501781.1',
'32716939');
INSERT INTO `curatedhitdb`.`sequence`
(`accession`,
`variant`,
`gi`,
`ncbi_gene_id`,
`hgnc_gene_name`,
`taxonomy_id`,
`organism`,
`phylum`,
`class`,
`taxonomy_group`,
`info`,
`sequence`,
`variant_under_consideration`)
VALUES
('XP_002503973.1',
'cH2B_(Chlorophyta)',
null,
null,
null,
296587,
'Micromonas commoda',
'Chlorophyta',
'Mamiellophyceae',
null,
null,
'MAKPTSKKPAKKTVKGAGGKAKKSKTETYKIYIYKVLKQVHPDTGISSKAMSIMNSFINDIFEKIATEASKLARYNKKPTVTSREIQTAVRLILPGELAKHAVSEGTKAVTKFTSN',
null);
INSERT INTO `curatedhitdb`.`sequence_has_publication`
(`sequence_accession`,
`publication_id`)
VALUES
('XP_002503973.1',
'32716939');
INSERT INTO `curatedhitdb`.`sequence`
(`accession`,
`variant`,
`gi`,
`ncbi_gene_id`,
`hgnc_gene_name`,
`taxonomy_id`,
`organism`,
`phylum`,
`class`,
`taxonomy_group`,
`info`,
`sequence`,
`variant_under_consideration`)
VALUES
('XP_002719866.1',
'H2A.L',
'291407314',
null,
null,
9986,
'Oryctolagus cuniculus',
'Chordata',
'Mammalia',
null,
null,
'MRGKKPSKKAGKRRKPNVSRSTRAELQFPVSRVDRHLHHDRYAQRLSSSTPVFLAGVLEYLTSNILELAGEEAHKNSRIRITPEHMRKAIESSEHLRDLLEEDPKPRDEDVAQPEEKE',
null);
INSERT INTO `curatedhitdb`.`sequence_has_publication`
(`sequence_accession`,
`publication_id`)
VALUES
('XP_002719866.1',
'22650316');
INSERT INTO `curatedhitdb`.`sequence_has_publication`
(`sequence_accession`,
`publication_id`)
VALUES
('XP_002719866.1',
'26989147');
INSERT INTO `curatedhitdb`.`sequence`
(`accession`,
`variant`,
`gi`,
`ncbi_gene_id`,
`hgnc_gene_name`,
`taxonomy_id`,
`organism`,
`phylum`,
`class`,
`taxonomy_group`,
`info`,
`sequence`,
`variant_under_consideration`)
VALUES
('XP_002720052.1',
'H2A.L',
'291407300',
null,
null,
9986,
'Oryctolagus cuniculus',
'Chordata',
'Mammalia',
null,
null,
'MRGKKPSKKAGKRRKPNVSRSTRAELQFPVSRVDRHLHHDRYAQRLSSSTPVFLAGVLEYLTSNILELAGEEAHKNSRVRITPEHMRKAIESSEHLRDLLEEDPKPRDEDVAQPEEKE',
null);
INSERT INTO `curatedhitdb`.`sequence_has_publication`
(`sequence_accession`,
`publication_id`)
VALUES
('XP_002720052.1',
'22650316');
INSERT INTO `curatedhitdb`.`sequence_has_publication`
(`sequence_accession`,
`publication_id`)
VALUES
('XP_002720052.1',
'26989147');
INSERT INTO `curatedhitdb`.`sequence`
(`accession`,
`variant`,
`gi`,
`ncbi_gene_id`,
`hgnc_gene_name`,
`taxonomy_id`,
`organism`,
`phylum`,
`class`,
`taxonomy_group`,
`info`,
`sequence`,
`variant_under_consideration`)
VALUES
('XP_002720211.1',
'H2B.W',
'291407712',
null,
null,
9986,
'Oryctolagus cuniculus',
'Chordata',
'Mammalia',
null,
null,
'MAEPASHVASEENLSLEPKTTASSTPKEKQPRRRRRRRQGHNYSFASYFPKVLKHVHKGLSLSKEAKGVMDSIVRDVFERIAHEAASLVRYSKHSTLTSRDVQSAVRLLLPGQLHKHADVEGTKALLKFITHP',
null);
INSERT INTO `curatedhitdb`.`sequence`
(`accession`,
`variant`,
`gi`,
`ncbi_gene_id`,
`hgnc_gene_name`,
`taxonomy_id`,
`organism`,
`phylum`,
`class`,
`taxonomy_group`,
`info`,
`sequence`,
`variant_under_consideration`)
VALUES
('XP_002763866.2',
'H2A.B',
'296237715',
null,
null,
9483,
'Callithrix jacchus',
'Chordata',
'Mammalia',
null,
null,
'MSERRSRRGSSAAGRRGHTRSRTARAELIFSVSKMERGLWEGHYAQRLSDNAPVYLAAVIQYLTAKILELAAKGADNRGERIITPRLLDMAVHNDGLLSTLFHAITISQVGPGPN',
null);
INSERT INTO `curatedhitdb`.`sequence`
(`accession`,
`variant`,
`gi`,
`ncbi_gene_id`,
`hgnc_gene_name`,
`taxonomy_id`,
`organism`,
`phylum`,
`class`,
`taxonomy_group`,
`info`,
`sequence`,
`variant_under_consideration`)
VALUES
('XP_002767160.1',
'cenH3_(Eukarya)',
'294874934',
null,
null,
423536,
'Perkinsus marinus ATCC 50983',
'Perkinsozoa',
null,
null,
null,
'MVGVENLGVGFDELLTRGGCGVRDDAVEIAFRGVEGLEDVLKDYMVRNKDGKILSVARPVDAEHSEELLGLAAAIGRSYGSLICAAAHNGGVRLPVGKGDDDGDSNNSSDEEADSGCGGAAEGDEAGDVGAGAGDVGDGAGDGAAEGDGAGDAGNGAGDVGDVGDGAGDGAAEGDGAGDGAADDAHGAGDDGEGSRNGGPPLVVQMMVLVMMNGNGNGADDGGNGVDDGEGDGDGHQGNVEGDGHGDGQDDGDGEGSVDSSGNGGDSEPSLEVSREGSENRPKLLPPVEGRTSSSAAAIAAPPVPSAGSHIITGSGGKVPTAGKRPRQFVKKSSAKKGRYRPGTVALREIRRHQEITDPLIEKRCFQALARSLSREVEASMRWQPQSLVALQEASESFIVGMLEASQLLAVHGRRITLMEKDVKMWTRLAAMFGSTTFMDQEKQVGGT',
null);
INSERT INTO `curatedhitdb`.`sequence`
(`accession`,
`variant`,
`gi`,
`ncbi_gene_id`,
`hgnc_gene_name`,
`taxonomy_id`,
`organism`,
`phylum`,
`class`,
`taxonomy_group`,
`info`,
`sequence`,
`variant_under_consideration`)
VALUES
('XP_002776752.1',
'H2A.Z',
'294899805',
null,
null,
423536,
'Perkinsus marinus ATCC 50983',
'Perkinsozoa',
null,
null,
null,
'MSTRKQTDVSLPVPVVTQLAGGKGIKGAGLQGGKGGKGGKGAKVHGGKGKIGGKGSSITRSARAGLQFPVGRVRRYLKDRATANCRVGSTAAVYTAAILEYLTAEVLELAGNAAKDQKVKRITPRHLHLAIRGDDELDVLIRATIAGGGVVPYIHQSLTVKTPYHKKKRVM',
null);
INSERT INTO `curatedhitdb`.`sequence_has_publication`
(`sequence_accession`,
`publication_id`)
VALUES
('XP_002776752.1',
'22650316');
INSERT INTO `curatedhitdb`.`sequence_has_publication`
(`sequence_accession`,
`publication_id`)
VALUES
('XP_002776752.1',
'26989147');
INSERT INTO `curatedhitdb`.`sequence`
(`accession`,
`variant`,
`gi`,
`ncbi_gene_id`,
`hgnc_gene_name`,
`taxonomy_id`,
`organism`,
`phylum`,
`class`,
`taxonomy_group`,
`info`,
`sequence`,
`variant_under_consideration`)
VALUES
('XP_002784006.1',
'H2A.X_(Protists)',
'294943912',
null,
null,
423536,
'Perkinsus marinus ATCC 50983',
'Perkinsozoa',
null,
null,
null,
'MSGKGKGGRGKAGKKSGSGAKSRSAKAGLQFPVGRIARYLKKGRYAKRVGSGAPVYLAAVLEYLVAEILELAGNAARDHKKTRIIPRHIQLAVRNDEELNKFLAGVTLASGGVLPNIHTTLLPKKSKGKSFTASQEI',
null);
INSERT INTO `curatedhitdb`.`sequence_has_publication`
(`sequence_accession`,
`publication_id`)
VALUES
('XP_002784006.1',
'22650316');
INSERT INTO `curatedhitdb`.`sequence_has_publication`
(`sequence_accession`,
`publication_id`)
VALUES
('XP_002784006.1',
'26989147');
INSERT INTO `curatedhitdb`.`sequence`
(`accession`,
`variant`,
`gi`,
`ncbi_gene_id`,
`hgnc_gene_name`,
`taxonomy_id`,
`organism`,
`phylum`,
`class`,
`taxonomy_group`,
`info`,
`sequence`,
`variant_under_consideration`)
VALUES
('XP_002784054.1',
'H2A.Z',
'294944035',
null,
null,
423536,
'Perkinsus marinus ATCC 50983',
'Perkinsozoa',
null,
null,
null,
'MSDLKKTDINKSVPVVTQLAGGKGIKGAGLQGGKGGKGGKGAKVHGGKGKMGGKGASMTRSARAGLQFPVGRVRRYLKDRATANCRVGSTAAVYTAAILEYLTAEVLELAGNAAKDQKVKRITPRHLHLAIRGDDELDVLIRATIAGGGVVPYIHQSLTAKAPYHKKKRVM',
null);
INSERT INTO `curatedhitdb`.`sequence_has_publication`
(`sequence_accession`,
`publication_id`)
VALUES
('XP_002784054.1',
'22650316');
INSERT INTO `curatedhitdb`.`sequence_has_publication`
(`sequence_accession`,
`publication_id`)
VALUES
('XP_002784054.1',
'26989147');
INSERT INTO `curatedhitdb`.`sequence`
(`accession`,
`variant`,
`gi`,
`ncbi_gene_id`,
`hgnc_gene_name`,
`taxonomy_id`,
`organism`,
`phylum`,
`class`,
`taxonomy_group`,
`info`,
`sequence`,
`variant_under_consideration`)
VALUES
('XP_002784055.1',
'H2A.Z',
'294944037',
null,
null,
423536,
'Perkinsus marinus ATCC 50983',
'Perkinsozoa',
null,
null,
null,
'MSDLKKTDINKSVPVVTQLGRLLDVASLSTPSSSLFCLAGGKGIKGAGLQGGKGGKGGKGAKVHGGKGKIGGKGTSMTRSARAGLQFPVGRVRRYLKDRATANCRVGSTAAVYTAAILEYLTAEVLELAGNAAKDQKVKRITPRHLHLAIRGDDELDVLIRATIAGGGVVPYIHQSLTAKAPYHKKKRVM',
null);
INSERT INTO `curatedhitdb`.`sequence_has_publication`
(`sequence_accession`,
`publication_id`)
VALUES
('XP_002784055.1',
'22650316');
INSERT INTO `curatedhitdb`.`sequence_has_publication`
(`sequence_accession`,
`publication_id`)
VALUES
('XP_002784055.1',
'26989147');
INSERT INTO `curatedhitdb`.`sequence`
(`accession`,
`variant`,
`gi`,
`ncbi_gene_id`,
`hgnc_gene_name`,
`taxonomy_id`,
`organism`,
`phylum`,
`class`,
`taxonomy_group`,
`info`,
`sequence`,
`variant_under_consideration`)
VALUES
('XP_002788889.1',
'cH3',
'294956322',
null,
null,
423536,
'Perkinsus marinus ATCC 50983',
'Perkinsozoa',
null,
null,
null,
'MARTKQTARKSTGGKAPRKQLASKAARKSTPSTGGIKKPHRYRPGTVALREIRRYQKSTDLLIRKLPFQRLVREVAQDFKTDLRFQSSAVMALQEAAEAYLVGLFEDTNLCAIHAKRVTIMPKDMQLARRIRGERS',
null);
INSERT INTO `curatedhitdb`.`sequence`
(`accession`,
`variant`,
`gi`,
`ncbi_gene_id`,
`hgnc_gene_name`,
`taxonomy_id`,
`organism`,
`phylum`,
`class`,
`taxonomy_group`,
`info`,
`sequence`,
`variant_under_consideration`)
VALUES
('XP_002892444.1',
'H2B.S',
null,
null,
null,
81972,
'Arabidopsis lyrata subsp. lyrata',
'Streptophyta',
'Magnoliopsida',
null,
null,
'MAPRKPKVVSVTKKKKVVEETIKVTVTEGEDPCVTTETANDQETQDLTFSIPVGENVTTVEIPVEVRDEQSPQPPETPASKSEGTLKKTDTVEKKKKKKKKKKRDDLAGDEYRRYVYKVMKQVHPDLGITSKAMTVVNMFMGDMFERIAQEAARLSDYTKRKTLSSREIEAAVRLVLPGELSRHAVAEGSKAVSNYVGYGSRKR',
null);
INSERT INTO `curatedhitdb`.`sequence_has_publication`
(`sequence_accession`,
`publication_id`)
VALUES
('XP_002892444.1',
'32716939');
INSERT INTO `curatedhitdb`.`sequence`
(`accession`,
`variant`,
`gi`,
`ncbi_gene_id`,
`hgnc_gene_name`,
`taxonomy_id`,
`organism`,
`phylum`,
`class`,
`taxonomy_group`,
`info`,
`sequence`,
`variant_under_consideration`)
VALUES
('XP_002895320.1',
'H3.3',
'301090188',
null,
null,
403677,
'Phytophthora infestans T30-4',
'Oomycota',
null,
null,
null,
'MARTKQTARKSTGGKAPRKQLATKAARKSAPTAGGVKKPHRYRPGTVALREIRKYQKSTDLLIRKLPFQRLVREIAQDYKTDLRFQSTAILALQEASEAYLVGLFEDTNLCAIHAKRVTIMPKDIQLARRIRGERT',
null);
INSERT INTO `curatedhitdb`.`sequence`
(`accession`,
`variant`,
`gi`,
`ncbi_gene_id`,
`hgnc_gene_name`,
`taxonomy_id`,
`organism`,
`phylum`,
`class`,
`taxonomy_group`,
`info`,
`sequence`,
`variant_under_consideration`)
VALUES
('XP_002913536.1',
'H2A.P',
'301755368',
null,
null,
9646,
'Ailuropoda melanoleuca',
'Chordata',
'Mammalia',
null,
null,
'MSGKKSHESSYQTQAHLITTELQVPVSYVDRLLQENQYNHPLSSSTTDFLLTMLDYLTDYILDVVGTEANNSNMPTAPQDVERAVDSSGEPYHRSKDTAFTLFDEMPGSRRNG',
null);
INSERT INTO `curatedhitdb`.`sequence_has_publication`
(`sequence_accession`,
`publication_id`)
VALUES
('XP_002913536.1',
'22650316');
INSERT INTO `curatedhitdb`.`sequence_has_publication`
(`sequence_accession`,
`publication_id`)
VALUES
('XP_002913536.1',
'26989147');
INSERT INTO `curatedhitdb`.`sequence`
(`accession`,
`variant`,
`gi`,
`ncbi_gene_id`,
`hgnc_gene_name`,
`taxonomy_id`,
`organism`,
`phylum`,
`class`,
`taxonomy_group`,
`info`,
`sequence`,
`variant_under_consideration`)
VALUES
('XP_002921383.1',
'H2B.L',
'301771932',
null,
null,
9646,
'Ailuropoda melanoleuca',
'Chordata',
'Mammalia',
null,
null,
'MARSITKKNKRSRGHRSPISKKKSHSSTDFGRRNYSLYINRVLKEVVPQRSISSRTLDVMNTLIKDIFERISVEARSLMCFRNRCTLTPEDIQKAVYLLLPGKLAKYAVAFGSEAVQRYVQS',
null);
INSERT INTO `curatedhitdb`.`sequence`
(`accession`,
`variant`,
`gi`,
`ncbi_gene_id`,
`hgnc_gene_name`,
`taxonomy_id`,
`organism`,
`phylum`,
`class`,
`taxonomy_group`,
`info`,
`sequence`,
`variant_under_consideration`)
VALUES
('XP_002925981.1',
'H2B.W',
'301781100',
null,
null,
9646,
'Ailuropoda melanoleuca',
'Chordata',
'Mammalia',
null,
null,
'MAEPGCETSSEESLGTEEPSAANPKSPKQKQKQPRRQCRRRCRRCPNSFATYFPRVLKQVHEGLSLSKKAVSVMDSFLKDIFEHIADEAAHLARSTKGSNKHSTINSREIQTAVRLLLPGEIGKHTVSKATKAVIRFQRCE',
null);
INSERT INTO `curatedhitdb`.`sequence`
(`accession`,
`variant`,
`gi`,
`ncbi_gene_id`,
`hgnc_gene_name`,
`taxonomy_id`,
`organism`,
`phylum`,
`class`,
`taxonomy_group`,
`info`,
`sequence`,
`variant_under_consideration`)
VALUES
('XP_002927211.2',
'H2A.L',
'301783589',
null,
null,
9646,
'Ailuropoda melanoleuca',
'Chordata',
'Mammalia',
null,
null,
'MSGRRSPWHSHQHKRHGLSRSMRAELQFPVSRVDRLLREGCYAQRLSSSTPVFLTGVLEYLTANILELAGQEARNHHKMRITPEHVQRALVNNQHLSCLFEDITSPPAKGTPQLRKC',
null);
INSERT INTO `curatedhitdb`.`sequence`
(`accession`,
`variant`,
`gi`,
`ncbi_gene_id`,
`hgnc_gene_name`,
`taxonomy_id`,
`organism`,
`phylum`,
`class`,
`taxonomy_group`,
`info`,
`sequence`,
`variant_under_consideration`)
VALUES
('XP_002946193.1',
'cH2B_(Chlorophyta)',
null,
null,
null,
3068,
'Volvox carteri f. nagariensis',
'Chlorophyta',
'Chlorophyceae',
null,
null,
'MAPKNVKEEKAEEKAEAGAAAKAEAKAKAAKPAKKEKKAPAKKAAKEPSAGGEGEGDKKAKKKAKVAKSETYKLYIYKVLKQVHPDTGISSKAMSIMNSFINDIFEKVATEASKLSRYNKKPTVTSREIQTAVRLVLPGELAKHAVSEGTKAVTKFTSS',
null);
INSERT INTO `curatedhitdb`.`sequence_has_publication`
(`sequence_accession`,
`publication_id`)
VALUES
('XP_002946193.1',
'32716939');
INSERT INTO `curatedhitdb`.`sequence`
(`accession`,
`variant`,
`gi`,
`ncbi_gene_id`,
`hgnc_gene_name`,
`taxonomy_id`,
`organism`,
`phylum`,
`class`,
`taxonomy_group`,
`info`,
`sequence`,
`variant_under_consideration`)
VALUES
('XP_002946194.1',
'cH2B_(Chlorophyta)',
null,
null,
null,
3068,
'Volvox carteri f. nagariensis',
'Chlorophyta',
'Chlorophyceae',
null,
null,
'MAPKNVKEEKVEEKAEAGAAAKAKAEAKAKAAKPAKKEKKAPAKKAAKEPSAGGEGEGDKKAKKKAKVAKSETYKLYIYKVLKQVHPDTGISSKAMSIMNSFINDIFEKVATEASKLSRYNKKPTVTSREIQTAVRLVLPGELAKHAVSEGTKAVTKFTSS',
null);
INSERT INTO `curatedhitdb`.`sequence_has_publication`
(`sequence_accession`,
`publication_id`)
VALUES
('XP_002946194.1',
'32716939');
INSERT INTO `curatedhitdb`.`sequence`
(`accession`,
`variant`,
`gi`,
`ncbi_gene_id`,
`hgnc_gene_name`,
`taxonomy_id`,
`organism`,
`phylum`,
`class`,
`taxonomy_group`,
`info`,
`sequence`,
`variant_under_consideration`)
VALUES
('XP_002946213.1',
'cH2B_(Chlorophyta)',
null,
null,
null,
3068,
'Volvox carteri f. nagariensis',
'Chlorophyta',
'Chlorophyceae',
null,
null,
'MAPKGKKADAAGAEAKPDPSELKAEPVSEGKADAKPKKEKKAAGKKAAKDSGAGEEVEKKGKKKAKVAKSETYKLYIYKVLKQVHPDTGISSKAMSIMNSFINDIFEKVATEASRLSRYNKKPTVTSREIQTAVRLVLPGELAKHAVSEGTKAVTKFTAS',
null);
INSERT INTO `curatedhitdb`.`sequence_has_publication`
(`sequence_accession`,
`publication_id`)
VALUES
('XP_002946213.1',
'32716939');
INSERT INTO `curatedhitdb`.`sequence`
(`accession`,
`variant`,
`gi`,
`ncbi_gene_id`,
`hgnc_gene_name`,
`taxonomy_id`,
`organism`,
`phylum`,
`class`,
`taxonomy_group`,
`info`,
`sequence`,
`variant_under_consideration`)
VALUES
('XP_002947412.1',
'cH2B_(Chlorophyta)',
null,
null,
null,
3068,
'Volvox carteri f. nagariensis',
'Chlorophyta',
'Chlorophyceae',
null,
null,
'MAPKKEEKPASQAAEAPEVKAEAKPKAVKAPKKKEKKAPAKKVAKEPSAGGEDGDKKSKKKAKVAKSETYKLYIYKVLKQVHPDTGISSKAMSIMNSFINDIFEKVATEASKLSRYNKKPTVTSREIQTAVRLVLPGELAKHAVSEGTKAVTKFTSA',
null);
INSERT INTO `curatedhitdb`.`sequence_has_publication`
(`sequence_accession`,
`publication_id`)
VALUES
('XP_002947412.1',
'32716939');
INSERT INTO `curatedhitdb`.`sequence`
(`accession`,
`variant`,
`gi`,
`ncbi_gene_id`,
`hgnc_gene_name`,
`taxonomy_id`,
`organism`,
`phylum`,
`class`,
`taxonomy_group`,
`info`,
`sequence`,
`variant_under_consideration`)
VALUES
('XP_002947842.1',
'cH2B_(Chlorophyta)',
null,
null,
null,
3068,
'Volvox carteri f. nagariensis',
'Chlorophyta',
'Chlorophyceae',
null,
null,
'MAPKKDEKTASQPADAEPKAEAKPKETKVKKEKKAPAKKAAKEPAAGGEEGDKKAKKKTKVSKSETYKLYIYKVLKQVHPDTGISSKAMSIMNSFINDIFEKVATEASRLSRYNKKPTVTSREIQTAVRLVLPGELAKHAVSEGTKAVTKFTSA',
null);
INSERT INTO `curatedhitdb`.`sequence_has_publication`
(`sequence_accession`,
`publication_id`)
VALUES
('XP_002947842.1',
'32716939');
INSERT INTO `curatedhitdb`.`sequence`
(`accession`,
`variant`,
`gi`,
`ncbi_gene_id`,
`hgnc_gene_name`,
`taxonomy_id`,
`organism`,
`phylum`,
`class`,
`taxonomy_group`,
`info`,
`sequence`,
`variant_under_consideration`)
VALUES
('XP_002948133.1',
'cH2B_(Chlorophyta)',
null,
null,
null,
3068,
'Volvox carteri f. nagariensis',
'Chlorophyta',
'Chlorophyceae',
null,
null,
'MAKKDEKTASQPADAAEPKADAKPKAAKVKKEKKAPAKKTAKEPVAGGEEGDKKAKKKAKVAKSETYKLYIYKVLKQVHPDTGISSKAMSIMNSFINDIFEKVATESSRLSRYNKKPTVTSREIQTAVRLVLPGELAKHAVSEGTKAVTKFTSA',
null);
INSERT INTO `curatedhitdb`.`sequence_has_publication`
(`sequence_accession`,
`publication_id`)
VALUES
('XP_002948133.1',
'32716939');
INSERT INTO `curatedhitdb`.`sequence`
(`accession`,
`variant`,
`gi`,
`ncbi_gene_id`,
`hgnc_gene_name`,
`taxonomy_id`,
`organism`,
`phylum`,
`class`,
`taxonomy_group`,
`info`,
`sequence`,
`variant_under_consideration`)
VALUES
('XP_002948276.1',
'cH2B_(Chlorophyta)',
null,
null,
null,
3068,
'Volvox carteri f. nagariensis',
'Chlorophyta',
'Chlorophyceae',
null,
null,
'MAPKKDEKTASQPADAAEPKADAKPKAAKVKKEKKAPAKKAAKEPVAGSEEGEKKAKKKAKVAKSETYKLYIYKVLKQVHPDTGISSKAMSVMNSFINDIFEKVATEASRLSRYNKKPTVTSREIQTAVRLVLPGELAKHAVSEGTKAVTKFTSA',
null);
INSERT INTO `curatedhitdb`.`sequence_has_publication`
(`sequence_accession`,
`publication_id`)
VALUES
('XP_002948276.1',
'32716939');
INSERT INTO `curatedhitdb`.`sequence`
(`accession`,
`variant`,
`gi`,
`ncbi_gene_id`,
`hgnc_gene_name`,
`taxonomy_id`,
`organism`,
`phylum`,
`class`,
`taxonomy_group`,
`info`,
`sequence`,
`variant_under_consideration`)
VALUES
('XP_002948472.1',
'cH2B_(Chlorophyta)',
null,
null,
null,
3068,
'Volvox carteri f. nagariensis',
'Chlorophyta',
'Chlorophyceae',
null,
null,
'MAPKAAEKAPAKKTPAKTAEGSKKKKKINKAETYKVYIYKVLKQVHPDTGISSKAMSIMNSFINDIFDKMANEAVRLAQYNKKPTLTSREIQTAVRLVLPGELAKHAVSEGTKAVTKFTSS',
null);
INSERT INTO `curatedhitdb`.`sequence_has_publication`
(`sequence_accession`,
`publication_id`)
VALUES
('XP_002948472.1',
'32716939');
INSERT INTO `curatedhitdb`.`sequence`
(`accession`,
`variant`,
`gi`,
`ncbi_gene_id`,
`hgnc_gene_name`,
`taxonomy_id`,
`organism`,
`phylum`,
`class`,
`taxonomy_group`,
`info`,
`sequence`,
`variant_under_consideration`)
VALUES
('XP_002951705.1',
'cH2B_(Chlorophyta)',
null,
null,
null,
3068,
'Volvox carteri f. nagariensis',
'Chlorophyta',
'Chlorophyceae',
null,
null,
'MAPKKDEKAAAPAADAPEVKVEAKPKKARVPKKEKKAPAKKVAKEPAAGGEEGDKKAKKKAKVAKSETYKLYIYKVLKQVHPDTGISSKAMSIMNSFINDIFEKVATEASKLSRYNKKPTVTSREIQTAVRLVLPGELAKHAVSEGTKAVTKFTSS',
null);
INSERT INTO `curatedhitdb`.`sequence_has_publication`
(`sequence_accession`,
`publication_id`)
VALUES
('XP_002951705.1',
'32716939');
INSERT INTO `curatedhitdb`.`sequence`
(`accession`,
`variant`,
`gi`,
`ncbi_gene_id`,
`hgnc_gene_name`,
`taxonomy_id`,
`organism`,
`phylum`,
`class`,
`taxonomy_group`,
`info`,
`sequence`,
`variant_under_consideration`)
VALUES
('XP_002955481.1',
'cH2B_(Chlorophyta)',
null,
null,
null,
3068,
'Volvox carteri f. nagariensis',
'Chlorophyta',
'Chlorophyceae',
null,
null,
'MAPKNVKEEKQEKAEAVEPKAEAKPKKEKAPKKEKKAPAKKAAKEPSAAGDDGDKKAKKKAKVSKSETYKLYIYKVLKQVHPDTGISSKAMSIMNSFINDIFEKVATEASKLSRYNKKPTVTSREIQTAVRLVLPGELAKHAVSEGTKAVTKFTSA',
null);
INSERT INTO `curatedhitdb`.`sequence_has_publication`
(`sequence_accession`,
`publication_id`)
VALUES
('XP_002955481.1',
'32716939');
INSERT INTO `curatedhitdb`.`sequence`
(`accession`,
`variant`,
`gi`,
`ncbi_gene_id`,
`hgnc_gene_name`,
`taxonomy_id`,
`organism`,
`phylum`,
`class`,
`taxonomy_group`,
`info`,
`sequence`,
`variant_under_consideration`)
VALUES
('XP_002956800.1',
'cH2B_(Chlorophyta)',
null,
null,
null,
3068,
'Volvox carteri f. nagariensis',
'Chlorophyta',
'Chlorophyceae',
null,
null,
'MAPKTKEEKPASEAVEPKAEAKPKAEKAPKKKEKKAPAKKSAKEPAAGDAAEGDKKKKKAKVAKSETYKLYIYKVLKQVHPDTGISSKAMSIMNSFINDIFEKVATEASKLSRYNKKPTVTSREIQTAVRLVLPGELAKHAVSEGTKAVTKFTSA',
null);
INSERT INTO `curatedhitdb`.`sequence_has_publication`
(`sequence_accession`,
`publication_id`)
VALUES
('XP_002956800.1',
'32716939');
INSERT INTO `curatedhitdb`.`sequence`
(`accession`,
`variant`,
`gi`,
`ncbi_gene_id`,
`hgnc_gene_name`,
`taxonomy_id`,
`organism`,
`phylum`,
`class`,
`taxonomy_group`,
`info`,
`sequence`,
`variant_under_consideration`)
VALUES
('XP_002977792.1',
'cH3',
'302792052',
null,
null,
88036,
'Selaginella moellendorffii',
'Streptophyta',
'Lycopodiopsida',
null,
null,
'MARTKQTARKSTGGKAPRKQLATKAARKSAPTTGGVKKPHRYRPGTVALREIRKYQKSTELLIRKLPFQRLVREIAQDFKTDLRFQSHAVLALQEAAEAYLVGLFEDTNLCAIHAKRVTIMPKDIQLARRIRGERA',
null);
INSERT INTO `curatedhitdb`.`sequence`
(`accession`,
`variant`,
`gi`,
`ncbi_gene_id`,
`hgnc_gene_name`,
`taxonomy_id`,
`organism`,
`phylum`,
`class`,
`taxonomy_group`,
`info`,
`sequence`,
`variant_under_consideration`)
VALUES
('XP_002999294.1',
'cH3',
'301115049',
null,
null,
403677,
'Phytophthora infestans T30-4',
'Oomycota',
null,
null,
null,
'MARTKQTARKSTGGKAPRKQLATKAARKSAPATGGVKKPHRYRPGTVALREIRRYQKSTELLIRKLPFQRLVREIAQDFKTDLRFQGSAVLALQEAAEAYLVGLFEDTNLCAIHAKRVTIMPKDIQLARRIRGERS',
null);
INSERT INTO `curatedhitdb`.`sequence`
(`accession`,
`variant`,
`gi`,
`ncbi_gene_id`,
`hgnc_gene_name`,
`taxonomy_id`,
`organism`,
`phylum`,
`class`,
`taxonomy_group`,
`info`,
`sequence`,
`variant_under_consideration`)
VALUES
('XP_003055512.1',
'cH2B_(Chlorophyta)',
null,
null,
null,
564608,
'Micromonas pusilla CCMP1545',
'Chlorophyta',
'Mamiellophyceae',
null,
null,
'MAKPTSKKPAKKSLKGGKKGGKKSKTETYKIYIYKVLKQVHPDTGISSKAMSIMNSFINDIFEKIATEASKLARYNKKPTVTSREIQTAVRLILPGELAKHAVSEGTKAVTKFTSA',
null);
INSERT INTO `curatedhitdb`.`sequence_has_publication`
(`sequence_accession`,
`publication_id`)
VALUES
('XP_003055512.1',
'32716939');
INSERT INTO `curatedhitdb`.`sequence`
(`accession`,
`variant`,
`gi`,
`ncbi_gene_id`,
`hgnc_gene_name`,
`taxonomy_id`,
`organism`,
`phylum`,
`class`,
`taxonomy_group`,
`info`,
`sequence`,
`variant_under_consideration`)
VALUES
('XP_003080758.2',
'cH2A_(Chlorophyta)',
null,
null,
null,
70448,
'Ostreococcus tauri',
'Chlorophyta',
'Mamiellophyceae',
null,
null,
'MSGRGKGKTGKKAMSRSAKAGLQFPVGRVARYLKQGKYATRVGAGAPVYLAAVLEYLAAEVLELAGNASRDNKKSRIVPRHIQLAIRNDEELSKLLGTVTIASGGVLPNIHSVLLPKKSKK',
null);
INSERT INTO `curatedhitdb`.`sequence_has_publication`
(`sequence_accession`,
`publication_id`)
VALUES
('XP_003080758.2',
'25983206');
INSERT INTO `curatedhitdb`.`sequence`
(`accession`,
`variant`,
`gi`,
`ncbi_gene_id`,
`hgnc_gene_name`,
`taxonomy_id`,
`organism`,
`phylum`,
`class`,
`taxonomy_group`,
`info`,
`sequence`,
`variant_under_consideration`)
VALUES
('XP_003134084.1',
'H2B.L',
'311273883',
null,
null,
9823,
'Sus scrofa',
'Chordata',
'Mammalia',
null,
null,
'MARYITKKNRCSRGHRHPNSRKKTCSSTECGRRNYSLYVNRVLKEVVPQSGISSRTLDMMNTVINDIFERISMEASNLMYFRNRCTLTPEDVQKAVYLLLPRKLAKHAVAFGSDAVHRYVHS',
null);
INSERT INTO `curatedhitdb`.`sequence`
(`accession`,
`variant`,
`gi`,
`ncbi_gene_id`,
`hgnc_gene_name`,
`taxonomy_id`,
`organism`,
`phylum`,
`class`,
`taxonomy_group`,
`info`,
`sequence`,
`variant_under_consideration`)
VALUES
('XP_003135058.1',
'H2A.P',
'311276123',
null,
null,
9823,
'Sus scrofa',
'Chordata',
'Mammalia',
null,
null,
'MSGKQSPEGSYEAPTHLTTTEPQVPVSFVDHLLQEDQYVHTLSSSTTHFLFSVLEYLTDYILDLVDTKANTGRMQMTPQDVERAVDSNAEPHRQVKDTAFALFDEMPGSRRNG',
null);
INSERT INTO `curatedhitdb`.`sequence_has_publication`
(`sequence_accession`,
`publication_id`)
VALUES
('XP_003135058.1',
'22650316');
INSERT INTO `curatedhitdb`.`sequence_has_publication`
(`sequence_accession`,
`publication_id`)
VALUES
('XP_003135058.1',
'26989147');
INSERT INTO `curatedhitdb`.`sequence`
(`accession`,
`variant`,
`gi`,
`ncbi_gene_id`,
`hgnc_gene_name`,
`taxonomy_id`,
`organism`,
`phylum`,
`class`,
`taxonomy_group`,
`info`,
`sequence`,
`variant_under_consideration`)
VALUES
('XP_003135571.1',
'H2A.B',
'311277259',
null,
null,
9823,
'Sus scrofa',
'Chordata',
'Mammalia',
null,
null,
'MPGKRSRRKSPGRQGRTCARTTRAGLSASVSHMERLLREGPYAQCLSSSARVFLAATIEYLTARVLELAGDEAQIVGRRCITPELVAMAVHNNALLSAFFGTLAISQVAPTQE',
null);
INSERT INTO `curatedhitdb`.`sequence_has_publication`
(`sequence_accession`,
`publication_id`)
VALUES
('XP_003135571.1',
'22650316');
INSERT INTO `curatedhitdb`.`sequence_has_publication`
(`sequence_accession`,
`publication_id`)
VALUES
('XP_003135571.1',
'26989147');
INSERT INTO `curatedhitdb`.`sequence`
(`accession`,
`variant`,
`gi`,
`ncbi_gene_id`,
`hgnc_gene_name`,
`taxonomy_id`,
`organism`,
`phylum`,
`class`,
`taxonomy_group`,
`info`,
`sequence`,
`variant_under_consideration`)
VALUES
('XP_003282204.1',
'H2A.B',
'332266419',
null,
null,
61853,
'Nomascus leucogenys',
'Chordata',
'Mammalia',
null,
null,
'MPRRRSHRGSSGAGGRGRTCSRTVRAELSFSVSQVERGLREGHYAQRLSRTAPVYLAAVIEYLTAKVLELAGNEAQNNGERNITPLLLDMVVHNNRLLSTLFHTTTISRVAPGGD',
null);
INSERT INTO `curatedhitdb`.`sequence_has_publication`
(`sequence_accession`,
`publication_id`)
VALUES
('XP_003282204.1',
'22650316');
INSERT INTO `curatedhitdb`.`sequence_has_publication`
(`sequence_accession`,
`publication_id`)
VALUES
('XP_003282204.1',
'26989147');
INSERT INTO `curatedhitdb`.`sequence`
(`accession`,
`variant`,
`gi`,
`ncbi_gene_id`,
`hgnc_gene_name`,
`taxonomy_id`,
`organism`,
`phylum`,
`class`,
`taxonomy_group`,
`info`,
`sequence`,
`variant_under_consideration`)
VALUES
('XP_003317470.2',
'H2A.P',
'332860554',
null,
null,
9598,
'Pan troglodytes',
'Chordata',
'Mammalia',
null,
null,
'MSEKKNCKNSSTNNNQTQDPSRNELQVPMSFVDRVVQDEQDVQSQSSSTINTLLTLLDCLADYIMERVGLEASNNGSMRNTSQDREREVDNNREPHSAESDVTRFLFDEMPKSRKND',
null);
INSERT INTO `curatedhitdb`.`sequence_has_publication`
(`sequence_accession`,
`publication_id`)
VALUES
('XP_003317470.2',
'22650316');
INSERT INTO `curatedhitdb`.`sequence_has_publication`
(`sequence_accession`,
`publication_id`)
VALUES
('XP_003317470.2',
'26989147');
INSERT INTO `curatedhitdb`.`sequence`
(`accession`,
`variant`,
`gi`,
`ncbi_gene_id`,
`hgnc_gene_name`,
`taxonomy_id`,
`organism`,
`phylum`,
`class`,
`taxonomy_group`,
`info`,
`sequence`,
`variant_under_consideration`)
VALUES
('XP_003341803.1',
'H2A.R',
null,
null,
null,
13616,
'Monodelphis domestica',
'Chordata',
'Mammalia',
null,
null,
'MPEKRSHHGSLNTHNQIRSRSSRAQLQFPVSRVDRFLRQGHYAQRLASSAPVFLAAVLEYLTAEILELAGNAARDNKKTRIAPCHVQLAVRNDVELNQLFGHVTISQGGVLPRIHPELVQPATGGRSSQSHVGRNHNYSVKAK',
null);
INSERT INTO `curatedhitdb`.`sequence_has_publication`
(`sequence_accession`,
`publication_id`)
VALUES
('XP_003341803.1',
'29549088');
INSERT INTO `curatedhitdb`.`sequence`
(`accession`,
`variant`,
`gi`,
`ncbi_gene_id`,
`hgnc_gene_name`,
`taxonomy_id`,
`organism`,
`phylum`,
`class`,
`taxonomy_group`,
`info`,
`sequence`,
`variant_under_consideration`)
VALUES
('XP_003356618.1',
'cH2A_(Mammalia)',
'335291892',
null,
null,
9823,
'Sus scrofa',
'Chordata',
'Mammalia',
null,
null,
'MSGRGKQGGKARAKAKTRSSRAGLQFPVGRVHRLLRKGNYAERVGAGAPVYLAAVLEYLTAEILELAGNAARDNKKTRIIPRHLQLAIRNDEELNKLLGKVTIAQGGVLPNIQAVLLPKKTESHHKAKGK',
null);
INSERT INTO `curatedhitdb`.`sequence_has_publication`
(`sequence_accession`,
`publication_id`)
VALUES
('XP_003356618.1',
'22650316');
INSERT INTO `curatedhitdb`.`sequence_has_publication`
(`sequence_accession`,
`publication_id`)
VALUES
('XP_003356618.1',
'26989147');
INSERT INTO `curatedhitdb`.`sequence`
(`accession`,
`variant`,
`gi`,
`ncbi_gene_id`,
`hgnc_gene_name`,
`taxonomy_id`,
`organism`,
`phylum`,
`class`,
`taxonomy_group`,
`info`,
`sequence`,
`variant_under_consideration`)
VALUES
('XP_003360303.2',
'H2A.L',
'350595614',
null,
null,
9823,
'Sus scrofa',
'Chordata',
'Mammalia',
null,
null,
'MSRKRNLPQCNRRKKHALSRSSRAELQFPVSRVDRYLREGRYAQRLSSQAPVFLAGVLEYLTANILELAASEARSNNKMRIAPEHVQRAASHNQTLSSLFQASSVSRGAEEGAEEPLPEAGR',
null);
INSERT INTO `curatedhitdb`.`sequence_has_publication`
(`sequence_accession`,
`publication_id`)
VALUES
('XP_003360303.2',
'22650316');
INSERT INTO `curatedhitdb`.`sequence_has_publication`
(`sequence_accession`,
`publication_id`)
VALUES
('XP_003360303.2',
'26989147');
INSERT INTO `curatedhitdb`.`sequence`
(`accession`,
`variant`,
`gi`,
`ncbi_gene_id`,
`hgnc_gene_name`,
`taxonomy_id`,
`organism`,
`phylum`,
`class`,
`taxonomy_group`,
`info`,
`sequence`,
`variant_under_consideration`)
VALUES
('XP_003407998.1',
'H2B.L',
'344272356',
null,
null,
9785,
'Loxodonta africana',
'Chordata',
'Mammalia',
null,
null,
'MARSIIKKYRYSNGHLSSISIKKLHSSTNFGHRNYSLYVNRVLKEVVPQRGISSRTLDVMNTLINNIFKCIATEACNLMYFRNRCTLTPEDIQRAVYVRLPGKLAKHAVAFGSEAVNRYVHS',
null);
INSERT INTO `curatedhitdb`.`sequence`
(`accession`,
`variant`,
`gi`,
`ncbi_gene_id`,
`hgnc_gene_name`,
`taxonomy_id`,
`organism`,
`phylum`,
`class`,
`taxonomy_group`,
`info`,
`sequence`,
`variant_under_consideration`)
VALUES
('XP_003421752.1',
'H2A.B',
'344306151',
null,
null,
9785,
'Loxodonta africana',
'Chordata',
'Mammalia',
null,
null,
'MAGKRSRRGGGGGGGGGGGGGGGGGSSRRQRRTRSRTELIFSASHVAHLLREGHYAQRLSSSAPVFLAAILKCLTAKILELAGNEAQNSGRRLVTPELVDMAVHNNALLSGFFLTTTISQVAPAR',
null);
INSERT INTO `curatedhitdb`.`sequence_has_publication`
(`sequence_accession`,
`publication_id`)
VALUES
('XP_003421752.1',
'22650316');
INSERT INTO `curatedhitdb`.`sequence_has_publication`
(`sequence_accession`,
`publication_id`)
VALUES
('XP_003421752.1',
'26989147');
INSERT INTO `curatedhitdb`.`sequence`
(`accession`,
`variant`,
`gi`,
`ncbi_gene_id`,
`hgnc_gene_name`,
`taxonomy_id`,
`organism`,
`phylum`,
`class`,
`taxonomy_group`,
`info`,
`sequence`,
`variant_under_consideration`)
VALUES
('XP_003422330.1',
'cH2A_(Mammalia)',
'344307320',
null,
null,
9785,
'Loxodonta africana',
'Chordata',
'Mammalia',
null,
null,
'MSGRGKQGGKARAKAKTRSSRAGLQFPVGRVHRLLRKGNYAERVGAGAPVYLAAVLEYLTAEILELAGNAARDNKKTRIIPRHLQLAIRNDEELNKLLGKVTIAQGGVLPNIQAVLLPKKTESHHKAKGK',
null);
INSERT INTO `curatedhitdb`.`sequence_has_publication`
(`sequence_accession`,
`publication_id`)
VALUES
('XP_003422330.1',
'22650316');
INSERT INTO `curatedhitdb`.`sequence_has_publication`
(`sequence_accession`,
`publication_id`)
VALUES
('XP_003422330.1',
'26989147');
INSERT INTO `curatedhitdb`.`sequence`
(`accession`,
`variant`,
`gi`,
`ncbi_gene_id`,
`hgnc_gene_name`,
`taxonomy_id`,
`organism`,
`phylum`,
`class`,
`taxonomy_group`,
`info`,
`sequence`,
`variant_under_consideration`)
VALUES
('XP_003422331.1',
'cH2B_(Mammalia)',
'344307322',
null,
null,
9785,
'Loxodonta africana',
'Chordata',
'Mammalia',
null,
null,
'MPEPAKSAPAPKKGSKKAVTKAQKKDGKKRKRSRKESYSIYVYKVLKQVHPDTGISSKAMGIMNSFVNDIFERIAGEASRLAHYNKRSTITSREIQTAVRLLLPGELAKHAVSEGTKAVTKYTSAK',
null);
INSERT INTO `curatedhitdb`.`sequence`
(`accession`,
`variant`,
`gi`,
`ncbi_gene_id`,
`hgnc_gene_name`,
`taxonomy_id`,
`organism`,
`phylum`,
`class`,
`taxonomy_group`,
`info`,
`sequence`,
`variant_under_consideration`)
VALUES
('XP_003461969.1',
'H2B.L',
'348552306',
null,
null,
10141,
'Cavia porcellus',
'Chordata',
'Mammalia',
null,
null,
'MVKSVIKPRRYFRGRRTSISSKKSCLSSNSGYRNYSLYVSRVLKEVVPERAISSCTVNIMNTLIDDIFERISEEAHHLMCSQKRCTLTPKDIQKAVYLLLPRKLAKYAVAFGDGAVDRYVHS',
null);
INSERT INTO `curatedhitdb`.`sequence`
(`accession`,
`variant`,
`gi`,
`ncbi_gene_id`,
`hgnc_gene_name`,
`taxonomy_id`,
`organism`,
`phylum`,
`class`,
`taxonomy_group`,
`info`,
`sequence`,
`variant_under_consideration`)
VALUES
('XP_003469395.1',
'H2A.L',
'348567212',
null,
null,
10141,
'Cavia porcellus',
'Chordata',
'Mammalia',
null,
null,
'MAAKKCKGISSKPRKHPVSRSTRAQLQFPVSRVERYLRENGYLRLSACTPVFLAGILEYLTASALHLAARVAHRRHKKRISPEHLARALEKSEQLRQVFGDSTKALLDEIIQAKKK',
null);
INSERT INTO `curatedhitdb`.`sequence_has_publication`
(`sequence_accession`,
`publication_id`)
VALUES
('XP_003469395.1',
'22650316');
INSERT INTO `curatedhitdb`.`sequence_has_publication`
(`sequence_accession`,
`publication_id`)
VALUES
('XP_003469395.1',
'26989147');
INSERT INTO `curatedhitdb`.`sequence`
(`accession`,
`variant`,
`gi`,
`ncbi_gene_id`,
`hgnc_gene_name`,
`taxonomy_id`,
`organism`,
`phylum`,
`class`,
`taxonomy_group`,
`info`,
`sequence`,
`variant_under_consideration`)
VALUES
('XP_003469399.1',
'H2A.L',
'348567220',
null,
null,
10141,
'Cavia porcellus',
'Chordata',
'Mammalia',
null,
null,
'MDGKKSNEKSSQLRKHPVSCSRRAELQLPVSRMERYLRENSYAPHLPFSTPVFLEGVLEYLTASILDLARKEARGKRKKHILPQHLETAAENNQQLGLRFGDSRKSMLDEMTQNKKK',
null);
INSERT INTO `curatedhitdb`.`sequence_has_publication`
(`sequence_accession`,
`publication_id`)
VALUES
('XP_003469399.1',
'22650316');
INSERT INTO `curatedhitdb`.`sequence_has_publication`
(`sequence_accession`,
`publication_id`)
VALUES
('XP_003469399.1',
'26989147');
INSERT INTO `curatedhitdb`.`sequence`
(`accession`,
`variant`,
`gi`,
`ncbi_gene_id`,
`hgnc_gene_name`,
`taxonomy_id`,
`organism`,
`phylum`,
`class`,
`taxonomy_group`,
`info`,
`sequence`,
`variant_under_consideration`)
VALUES
('XP_003478913.1',
'cH2A_(Mammalia)',
'348586313',
null,
null,
10141,
'Cavia porcellus',
'Chordata',
'Mammalia',
null,
null,
'MSGRGKQGGKARAKAKSRSSRAGLQFPVGRVHRLLRKGNYAERVGAGAPVYMAAVLEYLTAEILELAGNAARDNKKTRIIPRHLQLAIRNDEELNKLLGKVTIAQGGVLPNIQAVLLPKKTESHHKAKGK',
null);
INSERT INTO `curatedhitdb`.`sequence_has_publication`
(`sequence_accession`,
`publication_id`)
VALUES
('XP_003478913.1',
'22650316');
INSERT INTO `curatedhitdb`.`sequence_has_publication`
(`sequence_accession`,
`publication_id`)
VALUES
('XP_003478913.1',
'26989147');
INSERT INTO `curatedhitdb`.`sequence`
(`accession`,
`variant`,
`gi`,
`ncbi_gene_id`,
`hgnc_gene_name`,
`taxonomy_id`,
`organism`,
`phylum`,
`class`,
`taxonomy_group`,
`info`,
`sequence`,
`variant_under_consideration`)
VALUES
('XP_003484147.1',
'H2A.L',
'350595620',
null,
null,
9823,
'Sus scrofa',
'Chordata',
'Mammalia',
null,
null,
'MSRKRNLPQCSHRKKHALSCSSRAELQFPMSSLDCVLPEGQYAQRLSSYTPVFLAGVLEHLMAHILELAAREARSSRKVRITPEHVQRALNNNETLSRLFQASSVSRGAEEGAEEPGAEEPLPEAGQ',
null);
INSERT INTO `curatedhitdb`.`sequence_has_publication`
(`sequence_accession`,
`publication_id`)
VALUES
('XP_003484147.1',
'22650316');
INSERT INTO `curatedhitdb`.`sequence_has_publication`
(`sequence_accession`,
`publication_id`)
VALUES
('XP_003484147.1',
'26989147');
INSERT INTO `curatedhitdb`.`sequence`
(`accession`,
`variant`,
`gi`,
`ncbi_gene_id`,
`hgnc_gene_name`,
`taxonomy_id`,
`organism`,
`phylum`,
`class`,
`taxonomy_group`,
`info`,
`sequence`,
`variant_under_consideration`)
VALUES
('XP_003508203.1',
'H2A.P',
'354492127',
null,
null,
10029,
'Cricetulus griseus',
'Chordata',
'Mammalia',
null,
null,
'MSGKKNQGKSCSDNKKMEDPSSKPEVQIPVNYVYHLLQEEQYTPCLGSTTSDFLLAMLDYITDYILEVVGSEANINSQQDIPQDRERQGDNDHDHSHAFKNAPFSLFDEMPGPRRNG',
null);
INSERT INTO `curatedhitdb`.`sequence_has_publication`
(`sequence_accession`,
`publication_id`)
VALUES
('XP_003508203.1',
'22650316');
INSERT INTO `curatedhitdb`.`sequence_has_publication`
(`sequence_accession`,
`publication_id`)
VALUES
('XP_003508203.1',
'26989147');
INSERT INTO `curatedhitdb`.`sequence`
(`accession`,
`variant`,
`gi`,
`ncbi_gene_id`,
`hgnc_gene_name`,
`taxonomy_id`,
`organism`,
`phylum`,
`class`,
`taxonomy_group`,
`info`,
`sequence`,
`variant_under_consideration`)
VALUES
('XP_003508207.1',
'H2A.L',
'354492135',
null,
null,
10029,
'Cricetulus griseus',
'Chordata',
'Mammalia',
null,
null,
'MEEKKRKETISRITRGQLQFSLDRIERFFRDGNFSQRLSASAPVFLAGVLEFLTSNILDLAGREAHANGTRLITPEHVTQVVQNNDQLREVFKEHEDPVVSETPEPEKN',
null);
INSERT INTO `curatedhitdb`.`sequence_has_publication`
(`sequence_accession`,
`publication_id`)
VALUES
('XP_003508207.1',
'22650316');
INSERT INTO `curatedhitdb`.`sequence_has_publication`
(`sequence_accession`,
`publication_id`)
VALUES
('XP_003508207.1',
'26989147');
INSERT INTO `curatedhitdb`.`sequence`
(`accession`,
`variant`,
`gi`,
`ncbi_gene_id`,
`hgnc_gene_name`,
`taxonomy_id`,
`organism`,
`phylum`,
`class`,
`taxonomy_group`,
`info`,
`sequence`,
`variant_under_consideration`)
VALUES
('XP_003514308.1',
'H2A.B',
'354504491',
null,
null,
10029,
'Cricetulus griseus',
'Chordata',
'Mammalia',
null,
null,
'MPRTRQSSRRGSSSRRSRTDRAELTFSVSLVEHHLRESGHARRLSETVPILVTAILEFLTRRLLELASNEAQRLGAQRLITPEILDLTIYNNALLSEMFQFTTISQTAPAGPRRRRRQI',
null);
INSERT INTO `curatedhitdb`.`sequence_has_publication`
(`sequence_accession`,
`publication_id`)
VALUES
('XP_003514308.1',
'22650316');
INSERT INTO `curatedhitdb`.`sequence_has_publication`
(`sequence_accession`,
`publication_id`)
VALUES
('XP_003514308.1',
'26989147');
INSERT INTO `curatedhitdb`.`sequence`
(`accession`,
`variant`,
`gi`,
`ncbi_gene_id`,
`hgnc_gene_name`,
`taxonomy_id`,
`organism`,
`phylum`,
`class`,
`taxonomy_group`,
`info`,
`sequence`,
`variant_under_consideration`)
VALUES
('XP_003515491.1',
'H2A.B',
'354506888',
null,
null,
10029,
'Cricetulus griseus',
'Chordata',
'Mammalia',
null,
null,
'MPRTRQSSLRGSSSRRSRTDRAELTFSVSLVEHHLRESGHAPRLSETVPILLTAILEFLTRRLLELASNEAQRLGAQRLITPEILDLTVYNNTLLSQLLQFTTISQTAPAGRRRRRRQT',
null);
INSERT INTO `curatedhitdb`.`sequence_has_publication`
(`sequence_accession`,
`publication_id`)
VALUES
('XP_003515491.1',
'22650316');
INSERT INTO `curatedhitdb`.`sequence_has_publication`
(`sequence_accession`,
`publication_id`)
VALUES
('XP_003515491.1',
'26989147');
INSERT INTO `curatedhitdb`.`sequence`
(`accession`,
`variant`,
`gi`,
`ncbi_gene_id`,
`hgnc_gene_name`,
`taxonomy_id`,
`organism`,
`phylum`,
`class`,
`taxonomy_group`,
`info`,
`sequence`,
`variant_under_consideration`)
VALUES
('XP_003515979.1',
'H2B.L',
'354507874',
null,
null,
10029,
'Cricetulus griseus',
'Chordata',
'Mammalia',
null,
null,
'MAKSIIKRYQFVKRRQRRAFRKRYSSINFGQRNYSLYISRVLKEVVPMRGLSSNTVDIMNTLINDLFERIATEACQLMYFRKRCTLTLEDIQKAVYLLVPKKLAKSAVTFGSKAVHRFIHS',
null);
INSERT INTO `curatedhitdb`.`sequence`
(`accession`,
`variant`,
`gi`,
`ncbi_gene_id`,
`hgnc_gene_name`,
`taxonomy_id`,
`organism`,
`phylum`,
`class`,
`taxonomy_group`,
`info`,
`sequence`,
`variant_under_consideration`)
VALUES
('XP_003539797.1',
'H2B.S',
null,
null,
null,
3847,
'Glycine max',
'Streptophyta',
'Magnoliopsida',
null,
null,
'MAPKRAEKLVVRSTKKVVESSVLVSVVGKRLTRGKKDTQTTDGEEEVGSQEHLVVIPIQEVTPQAQKDSPNSAITTENKAEQENNTQDGGVENNQEEEEEHEEVKEKKNKAKTPKGKNGKEKKRGRKKGRRSVEGYQRYVYRVLKQVHPEMGISSKCMTVLNNLMNDMFERLAFEASKLKDYTGHMTLSSREIQGAVRLVLPGELGKHAIAEGVKAVNNYTSYDA',
null);
INSERT INTO `curatedhitdb`.`sequence_has_publication`
(`sequence_accession`,
`publication_id`)
VALUES
('XP_003539797.1',
'32716939');
INSERT INTO `curatedhitdb`.`sequence`
(`accession`,
`variant`,
`gi`,
`ncbi_gene_id`,
`hgnc_gene_name`,
`taxonomy_id`,
`organism`,
`phylum`,
`class`,
`taxonomy_group`,
`info`,
`sequence`,
`variant_under_consideration`)
VALUES
('XP_003762607.1',
'H2A.R',
null,
null,
null,
9305,
'Sarcophilus harrisii',
'Chordata',
'Mammalia',
null,
null,
'MSEKRSHPGPSHPRARTRSRSSRAQLQFPVSRVDRFLRQGHYAQRLASGAPVFLAAVLEYLTAEILELAGNAARDNQKSRIAPRHVQLAVRNDAELNQLFGDVTISQGGVLPRIHSELLQSVNKAQGSRNRGGNSCIQSVKTK',
null);
INSERT INTO `curatedhitdb`.`sequence_has_publication`
(`sequence_accession`,
`publication_id`)
VALUES
('XP_003762607.1',
'29549088');
INSERT INTO `curatedhitdb`.`sequence`
(`accession`,
`variant`,
`gi`,
`ncbi_gene_id`,
`hgnc_gene_name`,
`taxonomy_id`,
`organism`,
`phylum`,
`class`,
`taxonomy_group`,
`info`,
`sequence`,
`variant_under_consideration`)
VALUES
('XP_003804825.1',
'H3.4_(Mammalia)',
'397466137',
null,
null,
9597,
'Pan paniscus',
'Chordata',
'Mammalia',
null,
null,
'MARTKQTARKSTGGKAPRKQLVTKVARKSAPATGGVKKPHRYRPGTVALREIRRYQKSTELLIRKLPFQRLMREIAQDFKTDLRFQSSAVMALQEACESYLVGLFEDTNLCVIHAKRVTIMPKDIQLARRIRGERA',
null);
INSERT INTO `curatedhitdb`.`sequence`
(`accession`,
`variant`,
`gi`,
`ncbi_gene_id`,
`hgnc_gene_name`,
`taxonomy_id`,
`organism`,
`phylum`,
`class`,
`taxonomy_group`,
`info`,
`sequence`,
`variant_under_consideration`)
VALUES
('XP_003954426.1',
'H3.5_(Primates_or_Hominids?)',
'410046862',
null,
null,
9598,
'Pan troglodytes',
'Chordata',
'Mammalia',
null,
null,
'MARTKQTARKSTGGKAPRKQLATKAARKSTPSTXGVKKPHRYRPGTVALREIRRYQKSTELLIRKLPFQRLVREIAQDFNTDLRFQSAAVGALQEASEAYLVGLLEDTNLCAIHAKRVTIMPKDIQLARRIRGERA',
null);
INSERT INTO `curatedhitdb`.`sequence`
(`accession`,
`variant`,
`gi`,
`ncbi_gene_id`,
`hgnc_gene_name`,
`taxonomy_id`,
`organism`,
`phylum`,
`class`,
`taxonomy_group`,
`info`,
`sequence`,
`variant_under_consideration`)
VALUES
('XP_004088806.1',
'cH2A_(Mammalia)',
'441622123',
null,
null,
61853,
'Nomascus leucogenys',
'Chordata',
'Mammalia',
null,
null,
'MSGRGKQGGKARAKAKSRSSRAGLQFPVGRVHRLLRKGNYAERVGAGAPVYLAAVLEYLTAEILELAGNAARDNKKTRIIPRHLQLAIRNDEELNKLLGRVTIAQGGVLPNIQAVLLPKKTESHHKAKGK',
null);
INSERT INTO `curatedhitdb`.`sequence_has_publication`
(`sequence_accession`,
`publication_id`)
VALUES
('XP_004088806.1',
'22650316');
INSERT INTO `curatedhitdb`.`sequence_has_publication`
(`sequence_accession`,
`publication_id`)
VALUES
('XP_004088806.1',
'26989147');
INSERT INTO `curatedhitdb`.`sequence`
(`accession`,
`variant`,
`gi`,
`ncbi_gene_id`,
`hgnc_gene_name`,
`taxonomy_id`,
`organism`,
`phylum`,
`class`,
`taxonomy_group`,
`info`,
`sequence`,
`variant_under_consideration`)
VALUES
('XP_004175972.1',
'H1.0',
'449481975',
null,
null,
59729,
'Taeniopygia guttata',
'Chordata',
'Aves',
null,
null,
'MTRLPSMCKASSSLMSCVHLCAFPPPKRARSARRPAAHPAYSDMVTAAVRADKSRGGASRQSIQKYVKSNYKVGQNADVQIRLAIRRLLAAGVLKQTKGVGASGSFRLAKAGKAKRSPSRKRKKAARRSTSPRKTARSRKARSPAKKPKSAARKARKKSRSPKKAKKPKTVKAKSLKASKPKKARRSKSRAKSGARKSPKKK',
null);
INSERT INTO `curatedhitdb`.`sequence`
(`accession`,
`variant`,
`gi`,
`ncbi_gene_id`,
`hgnc_gene_name`,
`taxonomy_id`,
`organism`,
`phylum`,
`class`,
`taxonomy_group`,
`info`,
`sequence`,
`variant_under_consideration`)
VALUES
('XP_004241294.1',
'H2B.S',
null,
null,
null,
4081,
'Solanum lycopersicum',
'Streptophyta',
'Magnoliopsida',
null,
null,
'MAPKKRGGRVRATVVTARKVVEETVSVVVTPVAGETETESQTLAEENQSFEILTPAPSEEPTPKRTINVQDISEGKKAPRRKPDPAQQVDEDETQPADEPEEMPSPPKKESGQKKTQKRKPEPAQRGDEDETQPSEEPEEMPTPPKMEADQRKAQKRKPDPAQKAKGGGERKKKRAKVGGGVGPSEGYRRYVFRVMKQVHPDMGISSKAMTVLNNLMGDMFERIANEAAILTKYVGRTTLASVDIQDAVKLVLPGELGKHAIAEGTNAVANYVTNVEKSKSKP',
null);
INSERT INTO `curatedhitdb`.`sequence_has_publication`
(`sequence_accession`,
`publication_id`)
VALUES
('XP_004241294.1',
'32716939');
INSERT INTO `curatedhitdb`.`sequence`
(`accession`,
`variant`,
`gi`,
`ncbi_gene_id`,
`hgnc_gene_name`,
`taxonomy_id`,
`organism`,
`phylum`,
`class`,
`taxonomy_group`,
`info`,
`sequence`,
`variant_under_consideration`)
VALUES
('XP_004295898.2',
'H2B.S',
null,
null,
null,
101020,
'Fragaria vesca subsp. vesca',
'Streptophyta',
'Magnoliopsida',
null,
null,
'MSPKRRSSSRLVVKTTKQVVKETVEVSVVRSKKRQKKVNDDEQQEPVESTIAFETKKENQTEKIEVSVEKDPAKRAIESQEETQIAEEDKEPEEIRTIPVEVPGMETPEKLRGATLSVDKDEEPKEPSTVLDDKEPVSNDVVTETQLDSDETQNFEEDGEQARTISMDSQEGSETQNFEETPMTPEKKEVNQSSKVEKEKSDDVKQTGDGEKKDKKRKRRSPGNKREGGKGYKRYVYKVFKQVHPELGMSAKAMVVLNNYMNDMFERLAGEAAKLTMYTSRKTLSSREIQGAVKLVLPGELGKHAMAEGTKAVSNYLSKNAAMSHKS',
null);
INSERT INTO `curatedhitdb`.`sequence_has_publication`
(`sequence_accession`,
`publication_id`)
VALUES
('XP_004295898.2',
'32716939');
INSERT INTO `curatedhitdb`.`sequence`
(`accession`,
`variant`,
`gi`,
`ncbi_gene_id`,
`hgnc_gene_name`,
`taxonomy_id`,
`organism`,
`phylum`,
`class`,
`taxonomy_group`,
`info`,
`sequence`,
`variant_under_consideration`)
VALUES
('XP_004847876.1',
'cH2A_(Mammalia)',
'512971505',
null,
null,
10181,
'Heterocephalus glaber',
'Chordata',
'Mammalia',
null,
null,
'MSGRGKQGGKARAKAKTRSSRAGLQFPVGRVHRLLRKGNYAERVGAGAPVYLAAVLEYLTAEILELAGNAARDNKKTRIIPRHLQLAIRNDEELNKLLGKVTIAQGGVLPNIQAVLLPKKTESHHKAKGK',
null);
INSERT INTO `curatedhitdb`.`sequence_has_publication`
(`sequence_accession`,
`publication_id`)
VALUES
('XP_004847876.1',
'22650316');
INSERT INTO `curatedhitdb`.`sequence_has_publication`
(`sequence_accession`,
`publication_id`)
VALUES
('XP_004847876.1',
'26989147');
INSERT INTO `curatedhitdb`.`sequence`
(`accession`,
`variant`,
`gi`,
`ncbi_gene_id`,
`hgnc_gene_name`,
`taxonomy_id`,
`organism`,
`phylum`,
`class`,
`taxonomy_group`,
`info`,
`sequence`,
`variant_under_consideration`)
VALUES
('XP_004885290.1',
'H2B.L',
'512843645',
null,
null,
10181,
'Heterocephalus glaber',
'Chordata',
'Mammalia',
null,
null,
'MVRSIIKQYGYSRRHLTPTYRKKSYLSTSFGHRNYSLYISRVLKEVAPQRHISSRTLDMMNALINNIFERIATEAHHLMCSRNRCTLAPEDIQRAVYLLLPGKLAKYAMAFGDEAVHRYVHS',
null);
INSERT INTO `curatedhitdb`.`sequence`
(`accession`,
`variant`,
`gi`,
`ncbi_gene_id`,
`hgnc_gene_name`,
`taxonomy_id`,
`organism`,
`phylum`,
`class`,
`taxonomy_group`,
`info`,
`sequence`,
`variant_under_consideration`)
VALUES
('XP_005535607.1',
null,
'544210412',
null,
null,
280699,
'Cyanidioschyzon merolae strain 10D',
'Rhodophyta',
'Bangiophyceae',
null,
null,
'MVRVFGNPVGGAHQYRQTQALNRDESLREQLQRTTVAEQDENIEPEPERSSPDEAQSRLKSLLGSVARSSSLLGRRVAGPPGSSLSNLAETRLLTEEAANRPTGAGRSERVSAGRAEPLPPGPTTATTNADANTVQRGLSVASAFPPRAPLQAAGFTVARRTTRSGVQRKHRFRPGSRAIMEIRKFQRSTELLLRRLPFARLVREICERLFGSSAFRWQASALEALQTAAEDYLIHLFEDSNLCAIHARRVTIMPRDIALARRIRGYHSDPHGYL',
'cenH3_(Plants)');
INSERT INTO `curatedhitdb`.`sequence`
(`accession`,
`variant`,
`gi`,
`ncbi_gene_id`,
`hgnc_gene_name`,
`taxonomy_id`,
`organism`,
`phylum`,
`class`,
`taxonomy_group`,
`info`,
`sequence`,
`variant_under_consideration`)
VALUES
('XP_005537317.1',
'cH3',
'544214341',
null,
null,
280699,
'Cyanidioschyzon merolae strain 10D',
'Rhodophyta',
'Bangiophyceae',
null,
null,
'MARTKQTARKSTGGKAPRKQLATKAARKSAPSVGGVKKPHRYRPGTVALREIRRYQKSTELLIRKLPFQRLVREIAQDFKTDLRFQSSAVLALQEAAEAYLVNLFEDTNLCAIHAKRVTIMPKDIQLARRIRGERA',
null);
INSERT INTO `curatedhitdb`.`sequence`
(`accession`,
`variant`,
`gi`,
`ncbi_gene_id`,
`hgnc_gene_name`,
`taxonomy_id`,
`organism`,
`phylum`,
`class`,
`taxonomy_group`,
`info`,
`sequence`,
`variant_under_consideration`)
VALUES
('XP_005610255.1',
'cH2B_(Mammalia)',
'545217094',
null,
null,
9796,
'Equus caballus',
'Chordata',
'Mammalia',
null,
null,
'MPEPAKSAPAPKKGSKKAVTKAQKKDGKKRKRSRKESYSIYVYKVLKQVHPDTGISSKAMGIMNSFVNDIFERIAGEASRLAHYNKRSTITSREIQTAVRLLLPGELAKHAVSEGTKAVTKYTSSK',
null);
INSERT INTO `curatedhitdb`.`sequence`
(`accession`,
`variant`,
`gi`,
`ncbi_gene_id`,
`hgnc_gene_name`,
`taxonomy_id`,
`organism`,
`phylum`,
`class`,
`taxonomy_group`,
`info`,
`sequence`,
`variant_under_consideration`)
VALUES
('XP_005640150.1',
'cH2A_(Mammalia)',
'545554572',
null,
null,
9615,
'Canis lupus familiaris',
'Chordata',
'Mammalia',
null,
null,
'MSGRGKQGGKARAKAKSRSSRAGLQFPVGRVHRLLRKGNYAERVGAGAPVYLAAVLEYLTAEILELAGNAARDNKKTRIIPRHLQLAIRNDEELNKLLGRVTIAQGGVLPNIQAVLLPKKTESHHKAKGK',
null);
INSERT INTO `curatedhitdb`.`sequence_has_publication`
(`sequence_accession`,
`publication_id`)
VALUES
('XP_005640150.1',
'22650316');
INSERT INTO `curatedhitdb`.`sequence_has_publication`
(`sequence_accession`,
`publication_id`)
VALUES
('XP_005640150.1',
'26989147');
INSERT INTO `curatedhitdb`.`sequence`
(`accession`,
`variant`,
`gi`,
`ncbi_gene_id`,
`hgnc_gene_name`,
`taxonomy_id`,
`organism`,
`phylum`,
`class`,
`taxonomy_group`,
`info`,
`sequence`,
`variant_under_consideration`)
VALUES
('XP_005640152.1',
'TS_H1.6',
'545554579',
null,
null,
9615,
'Canis lupus familiaris',
'Chordata',
'Mammalia',
null,
null,
'MSETVPAVAAGTALASMENPSAKKRGRKPGGIPEAAPKAPGLSVSKLIMEALSVSQERAGMSLAALKKALAAAGYDVEKNNSRIKLCLKSLVSKGTLVQTKGTGASGSFKLNKKALLPTPAKSRVKRPPSTKTKRLVLSRDSKSPKAAKTNKAKKPGGAGAQKAACSGRKAKGAKDKQPRKSPGKAPTGKPKAAKPRLNQQKVNPRKAVSKK',
null);
INSERT INTO `curatedhitdb`.`sequence`
(`accession`,
`variant`,
`gi`,
`ncbi_gene_id`,
`hgnc_gene_name`,
`taxonomy_id`,
`organism`,
`phylum`,
`class`,
`taxonomy_group`,
`info`,
`sequence`,
`variant_under_consideration`)
VALUES
('XP_005640164.1',
'cH2B_(Mammalia)',
'545554624',
null,
null,
9615,
'Canis lupus familiaris',
'Chordata',
'Mammalia',
null,
null,
'MPELTSKGTTISKKGFKRAVAKTQKKEGKKRRRCRKESYSIYIYKVLKQVHPDTGISSKAMGIMNSFVNDIFERIAGEASRLAHYNKRSTITSREIQTAVRLLLPGELAKHAVSEGTKAVTKYTSSK',
null);
INSERT INTO `curatedhitdb`.`sequence`
(`accession`,
`variant`,
`gi`,
`ncbi_gene_id`,
`hgnc_gene_name`,
`taxonomy_id`,
`organism`,
`phylum`,
`class`,
`taxonomy_group`,
`info`,
`sequence`,
`variant_under_consideration`)
VALUES
('XP_005641297.1',
'H2A.P',
'545557820',
null,
null,
9615,
'Canis lupus familiaris',
'Chordata',
'Mammalia',
null,
null,
'MEPNPANIMSGNKNHESSNQTQAHLVTTELQFPVSYVDRLLQEDQRTHCLSSTSTEFLLAMLDSLTDYILERVGTEANNNNMQTAPQDVERAVGSNREPQQCLKDTAFTLFDEMPRSRRNG',
null);
INSERT INTO `curatedhitdb`.`sequence_has_publication`
(`sequence_accession`,
`publication_id`)
VALUES
('XP_005641297.1',
'22650316');
INSERT INTO `curatedhitdb`.`sequence_has_publication`
(`sequence_accession`,
`publication_id`)
VALUES
('XP_005641297.1',
'26989147');
INSERT INTO `curatedhitdb`.`sequence`
(`accession`,
`variant`,
`gi`,
`ncbi_gene_id`,
`hgnc_gene_name`,
`taxonomy_id`,
`organism`,
`phylum`,
`class`,
`taxonomy_group`,
`info`,
`sequence`,
`variant_under_consideration`)
VALUES
('XP_005643326.1',
'cH2B_(Chlorophyta)',
null,
null,
null,
574566,
'Coccomyxa subellipsoidea C-169',
'Chlorophyta',
'Trebouxiophyceae',
null,
null,
'MAPKGSQGREEARQKGHQDRQDWCKKKTKAKVESFKIYMCEVLKQAHPYTGISSWAISILNAFVTDTFGKMATETAQLARYNKKPTVASGKIQTALRLILPGKLAKHTVSEGSKAVTESTSAAITP',
null);
INSERT INTO `curatedhitdb`.`sequence_has_publication`
(`sequence_accession`,
`publication_id`)
VALUES
('XP_005643326.1',
'32716939');
INSERT INTO `curatedhitdb`.`sequence`
(`accession`,
`variant`,
`gi`,
`ncbi_gene_id`,
`hgnc_gene_name`,
`taxonomy_id`,
`organism`,
`phylum`,
`class`,
`taxonomy_group`,
`info`,
`sequence`,
`variant_under_consideration`)
VALUES
('XP_005643701.1',
'cH2B_(Chlorophyta)',
null,
null,
null,
574566,
'Coccomyxa subellipsoidea C-169',
'Chlorophyta',
'Trebouxiophyceae',
null,
null,
'MAPKAEKKPAKKVAKTAKTGGKRKSKAKVESFKIYIYKVLKQVHPDTGISSRAISILNSFITDIFEKIATETAQLARYNKKPTVTSREIQTAVRLILPGELAKHAVSEGTKAVTKFTSA',
null);
INSERT INTO `curatedhitdb`.`sequence_has_publication`
(`sequence_accession`,
`publication_id`)
VALUES
('XP_005643701.1',
'32716939');
INSERT INTO `curatedhitdb`.`sequence`
(`accession`,
`variant`,
`gi`,
`ncbi_gene_id`,
`hgnc_gene_name`,
`taxonomy_id`,
`organism`,
`phylum`,
`class`,
`taxonomy_group`,
`info`,
`sequence`,
`variant_under_consideration`)
VALUES
('XP_005665716.1',
'cH2B_(Mammalia)',
'545837877',
null,
null,
9823,
'Sus scrofa',
'Chordata',
'Mammalia',
null,
null,
'MPDPAKSAPAPKKGSKKAVTKAQKKDGKKRKRSRKESYSVYVYKVLKQVHPDTGISSKAMGIMNSFVNDIFERIAGEASRLAHYNKRSTITSREIQTAVRLLLPGELAKHAVSEGTKAVTKYTSSK',
null);
INSERT INTO `curatedhitdb`.`sequence`
(`accession`,
`variant`,
`gi`,
`ncbi_gene_id`,
`hgnc_gene_name`,
`taxonomy_id`,
`organism`,
`phylum`,
`class`,
`taxonomy_group`,
`info`,
`sequence`,
`variant_under_consideration`)
VALUES
('XP_006306103.1',
'H2B.S',
null,
null,
null,
81985,
'Capsella rubella',
'Streptophyta',
'Magnoliopsida',
null,
null,
'MAPRKPKVVSVTKKKTVVEETVKVTVAEGGDPNVTTEITENDQETQDLTFSIPVGENVTTVEVPVEVLDERSPQPPETPASTSEGTLKKKTNEVEKKQEKKKKKNKKRDDLAGDEYRRYVYKVLKQVHPDLGITSKAMTVVNMFMGDMFERIAQEAARLSDYTKRRTLSSREIESAVRLVLPGELSRHAVAEGSKAISNYVSYDSRKL',
null);
INSERT INTO `curatedhitdb`.`sequence_has_publication`
(`sequence_accession`,
`publication_id`)
VALUES
('XP_006306103.1',
'32716939');
INSERT INTO `curatedhitdb`.`sequence`
(`accession`,
`variant`,
`gi`,
`ncbi_gene_id`,
`hgnc_gene_name`,
`taxonomy_id`,
`organism`,
`phylum`,
`class`,
`taxonomy_group`,
`info`,
`sequence`,
`variant_under_consideration`)
VALUES
('XP_006347209.1',
'H2B.S',
null,
null,
null,
4113,
'Solanum tuberosum',
'Streptophyta',
'Magnoliopsida',
null,
null,
'MAPKKRGGRARATVVTARKVVEETVSVVVSGETETESQTLTEENQSFEILTPLPYEEPTPKRTINVQDKSEGKKAQQRKPDPAQQVDEVETQPADEPEEMPSPPKKEAVRKKAQKRKPDPAQRVDEDETQPAEEPEEMPTPPKMEADQKKAQKAKGGGGERKKKRAKVGGGVGPSEGYRRYVFRVMKQVHPDMGISSKAMMILNNLMGDMFERIANEAAILTKYAGRATLASVDIQDAVKLVLPGELGKHAIAEGTKAVANYVTSVEKSKSKP',
null);
INSERT INTO `curatedhitdb`.`sequence_has_publication`
(`sequence_accession`,
`publication_id`)
VALUES
('XP_006347209.1',
'32716939');
INSERT INTO `curatedhitdb`.`sequence`
(`accession`,
`variant`,
`gi`,
`ncbi_gene_id`,
`hgnc_gene_name`,
`taxonomy_id`,
`organism`,
`phylum`,
`class`,
`taxonomy_group`,
`info`,
`sequence`,
`variant_under_consideration`)
VALUES
('XP_006417719.1',
'H2B.S',
null,
null,
null,
72664,
'Eutrema salsugineum',
'Streptophyta',
'Magnoliopsida',
null,
null,
'MAPRREKKVVSVTKKKKVVEETLKVTVTDGDPNVITETQTQDEETQDLTFSIPVEENVTTVEIPVDVRDDQSPQAPETPAPVSEGTVKEAHKVEKKQSKKKKKKMMKRGDLAGDHEYKRYVYKVMKQVHPELGITSKAMSVINTFMGDMFERIAEEAARLSDHTKRRTLSSREIEAAVRLVLPGELSRHAVSEGAKAISNYVAYGAKKR',
null);
INSERT INTO `curatedhitdb`.`sequence_has_publication`
(`sequence_accession`,
`publication_id`)
VALUES
('XP_006417719.1',
'32716939');
INSERT INTO `curatedhitdb`.`sequence`
(`accession`,
`variant`,
`gi`,
`ncbi_gene_id`,
`hgnc_gene_name`,
`taxonomy_id`,
`organism`,
`phylum`,
`class`,
`taxonomy_group`,
`info`,
`sequence`,
`variant_under_consideration`)
VALUES
('XP_006969783.1',
'H3.3',
'589115521',
null,
null,
431241,
'Trichoderma reesei QM6a',
'Ascomycota',
'Sordariomycetes',
null,
null,
'MARTKQTARKSTGGKAPRKQLASKAARKSAPSTGGVKKPHRYKPGTVALREIRRYQKSTELLIRKLPFQRLVREIAQDFKSDLRFQSSAIGALQESVESYLVSLFEDTNLCAIHAKRVTIQSKDIQLARRLRGERN',
null);
INSERT INTO `curatedhitdb`.`sequence`
(`accession`,
`variant`,
`gi`,
`ncbi_gene_id`,
`hgnc_gene_name`,
`taxonomy_id`,
`organism`,
`phylum`,
`class`,
`taxonomy_group`,
`info`,
`sequence`,
`variant_under_consideration`)
VALUES
('XP_007132352.1',
'H2B.S',
null,
null,
null,
3885,
'Phaseolus vulgaris',
'Streptophyta',
'Magnoliopsida',
null,
null,
'MAPKRAQKLVVRSTKKVVESSVQVSVVSSSSRKRQTRGNKDNIQTEEAVGEEKHVMVIPIQEGNPQAQKDSSTSAMTNENKGEQENSVQDDGVQNEEKKKKGENEEVKEEKKGRFPKGSNGKEKKLGKKKGRRSAEGYQRYVYRVLKQVHPEMGISSKCMTILNNLMNDMFERLAGEASKLKDYTGHMTLSSREIQGAVKLVLPGELGKHAIAEGVKAVNNFTSYDA',
null);
INSERT INTO `curatedhitdb`.`sequence_has_publication`
(`sequence_accession`,
`publication_id`)
VALUES
('XP_007132352.1',
'32716939');
INSERT INTO `curatedhitdb`.`sequence`
(`accession`,
`variant`,
`gi`,
`ncbi_gene_id`,
`hgnc_gene_name`,
`taxonomy_id`,
`organism`,
`phylum`,
`class`,
`taxonomy_group`,
`info`,
`sequence`,
`variant_under_consideration`)
VALUES
('XP_007485414.1',
'cH2A_(Mammalia)',
'612000617',
null,
null,
13616,
'Monodelphis domestica',
'Chordata',
'Mammalia',
null,
null,
'MSGRGKQGGKARAKAKSRSSRAGLQFPVGRVHRLLRKGNYAERVGAGAPVYMAAVLEYLTAEILELAGNAARDNKKTRIIPRHLQLAIRNDEELNKLLGKVTIAQGGVLPNIQAVLLPKKTESHHKTKGK',
null);
INSERT INTO `curatedhitdb`.`sequence_has_publication`
(`sequence_accession`,
`publication_id`)
VALUES
('XP_007485414.1',
'22650316');
INSERT INTO `curatedhitdb`.`sequence_has_publication`
(`sequence_accession`,
`publication_id`)
VALUES
('XP_007485414.1',
'26989147');
INSERT INTO `curatedhitdb`.`sequence`
(`accession`,
`variant`,
`gi`,
`ncbi_gene_id`,
`hgnc_gene_name`,
`taxonomy_id`,
`organism`,
`phylum`,
`class`,
`taxonomy_group`,
`info`,
`sequence`,
`variant_under_consideration`)
VALUES
('XP_007485418.1',
'cH2B_(Mammalia)',
'612000632',
null,
null,
13616,
'Monodelphis domestica',
'Chordata',
'Mammalia',
null,
null,
'MPEPGKSAPAPKKGSKKAVTKAQKKDGKKRKRSRKESYSVYVYKVLKQVHPDTGISSKAMGIMNSFVNDIFERIASEASRLAHYNKRSTITSREIQTAVRLLLPGELAKHAVSEGTKAVTKYTSSK',
null);
INSERT INTO `curatedhitdb`.`sequence`
(`accession`,
`variant`,
`gi`,
`ncbi_gene_id`,
`hgnc_gene_name`,
`taxonomy_id`,
`organism`,
`phylum`,
`class`,
`taxonomy_group`,
`info`,
`sequence`,
`variant_under_consideration`)
VALUES
('XP_007634672.1',
'cH2A_(Mammalia)',
'625285905',
null,
null,
10029,
'Cricetulus griseus',
'Chordata',
'Mammalia',
null,
null,
'MSGRGKQGGKARAKAKTRSSRAGLQFPVGRVHRLLRKGNYSERVGAGAPVYLAAVLEYLTAEILELAGNAARDNKKTRIIPRHLQLAIRNDEELNKLLGRVTIAQGGVLPNIQAVLLPKKTESHHKAKGK',
null);
INSERT INTO `curatedhitdb`.`sequence_has_publication`
(`sequence_accession`,
`publication_id`)
VALUES
('XP_007634672.1',
'22650316');
INSERT INTO `curatedhitdb`.`sequence_has_publication`
(`sequence_accession`,
`publication_id`)
VALUES
('XP_007634672.1',
'26989147');
INSERT INTO `curatedhitdb`.`sequence`
(`accession`,
`variant`,
`gi`,
`ncbi_gene_id`,
`hgnc_gene_name`,
`taxonomy_id`,
`organism`,
`phylum`,
`class`,
`taxonomy_group`,
`info`,
`sequence`,
`variant_under_consideration`)
VALUES
('XP_007634673.1',
'cH2B_(Mammalia)',
'625285907',
null,
null,
10029,
'Cricetulus griseus',
'Chordata',
'Mammalia',
null,
null,
'MPEPAKSAPAPKKGSKKAVTKAQKKDGKKRKRSRKESYSVYVYKVLKQVHPDTGISSKAMGIMNSFVNDIFERIAGEASRLAHYNKRSTITSREIQTAVRLLLPGELAKHAVSEGTKAVTKYTSAK',
null);
INSERT INTO `curatedhitdb`.`sequence`
(`accession`,
`variant`,
`gi`,
`ncbi_gene_id`,
`hgnc_gene_name`,
`taxonomy_id`,
`organism`,
`phylum`,
`class`,
`taxonomy_group`,
`info`,
`sequence`,
`variant_under_consideration`)
VALUES
('XP_008246690.1',
'cH2A_(Mammalia)',
'655885615',
null,
null,
9986,
'Oryctolagus cuniculus',
'Chordata',
'Mammalia',
null,
null,
'MSGRGKQGGKARAKAKTRSSRAGLQFPVGRVHRLLRKGNYAERVGAGAPVYLAAVLEYLTAEILELAGNAARDNKKTRIIPRHLQLAIRNDEELNKLLGKVTIAQGGVLPNIQAVLLPKKTESHHKAKGK',
null);
INSERT INTO `curatedhitdb`.`sequence_has_publication`
(`sequence_accession`,
`publication_id`)
VALUES
('XP_008246690.1',
'22650316');
INSERT INTO `curatedhitdb`.`sequence_has_publication`
(`sequence_accession`,
`publication_id`)
VALUES
('XP_008246690.1',
'26989147');
INSERT INTO `curatedhitdb`.`sequence`
(`accession`,
`variant`,
`gi`,
`ncbi_gene_id`,
`hgnc_gene_name`,
`taxonomy_id`,
`organism`,
`phylum`,
`class`,
`taxonomy_group`,
`info`,
`sequence`,
`variant_under_consideration`)
VALUES
('XP_008246696.1',
'cH2B_(Mammalia)',
'655885637',
null,
null,
9986,
'Oryctolagus cuniculus',
'Chordata',
'Mammalia',
null,
null,
'MPEPAKSAPAPKKGSKKAVTKAQKKDGKKRKRSRKESYSVYVYKVLKQVHPDTGISSKAMGIMNSFVNDIFERIAGEASRLAHYNKRSTITSREIQTAVRLLLPGELAKHAVSEGTKAVTKYTSSK',
null);
INSERT INTO `curatedhitdb`.`sequence`
(`accession`,
`variant`,
`gi`,
`ncbi_gene_id`,
`hgnc_gene_name`,
`taxonomy_id`,
`organism`,
`phylum`,
`class`,
`taxonomy_group`,
`info`,
`sequence`,
`variant_under_consideration`)
VALUES
('XP_008359166.3',
'H2B.S',
null,
null,
null,
3750,
'Malus domestica',
'Streptophyta',
'Magnoliopsida',
null,
null,
'MAPKRSAKMVVKTTKRVVKEMVEVSVVKTRRKKQQEDRPLETISVENNDSNQTQNVEVSVGKEPLKTSIIPIETLEQVIPIETQAENQTLKTQNAEVQVDREAEENPTTPDPQETEKLSKEEEQKSEEDKTLRGGENKDAEDLTKTEEQASKKGEKKSEVKGGKRREKRRSRGREEYKTYVYKVLKQVHPGMGVSSKAMTVLNNLMNDMFEKLADEAARLTTYTARKTLSSREIQGAVKLVLTGELGRHAMAEGTKAVSTYVSYGGGSSKS',
null);
INSERT INTO `curatedhitdb`.`sequence_has_publication`
(`sequence_accession`,
`publication_id`)
VALUES
('XP_008359166.3',
'32716939');
INSERT INTO `curatedhitdb`.`sequence`
(`accession`,
`variant`,
`gi`,
`ncbi_gene_id`,
`hgnc_gene_name`,
`taxonomy_id`,
`organism`,
`phylum`,
`class`,
`taxonomy_group`,
`info`,
`sequence`,
`variant_under_consideration`)
VALUES
('XP_008644553.1',
'H2A.X_(Plants)',
'670405864',
null,
null,
4577,
'Zea mays',
'Streptophyta',
'Magnoliopsida',
null,
null,
'MSSTGGGGRGKAKPATKSVSRSSKAGLQFPVGRIARYLKAGKYAERVGAGAPVYLSAVLEYLAAEVLELAGNAARDNKKNRIVPRHIQLAVRNDEELSKLLGTVTIAAGGVMPNIHQTLLPKKAGQKGDIGSASQEF',
null);
INSERT INTO `curatedhitdb`.`sequence_has_publication`
(`sequence_accession`,
`publication_id`)
VALUES
('XP_008644553.1',
'22650316');
INSERT INTO `curatedhitdb`.`sequence_has_publication`
(`sequence_accession`,
`publication_id`)
VALUES
('XP_008644553.1',
'26989147');
INSERT INTO `curatedhitdb`.`sequence`
(`accession`,
`variant`,
`gi`,
`ncbi_gene_id`,
`hgnc_gene_name`,
`taxonomy_id`,
`organism`,
`phylum`,
`class`,
`taxonomy_group`,
`info`,
`sequence`,
`variant_under_consideration`)
VALUES
('XP_008662624.1',
'H2A.X_(Plants)',
'670444449',
null,
null,
4577,
'Zea mays',
'Streptophyta',
'Magnoliopsida',
null,
null,
'MSSGGGRGKPKGSKALSRSTKAGLQFPVGRIARYLKAGKYAERVGGGAPVYLSAVLEYLAAEVLELAGNAARDNKKNRIVPRHIQLAVRNDEELSKLLGAVTIAAGGVLPNIHQTLLPKKAGGKGKADIGSASQEF',
null);
INSERT INTO `curatedhitdb`.`sequence_has_publication`
(`sequence_accession`,
`publication_id`)
VALUES
('XP_008662624.1',
'22650316');
INSERT INTO `curatedhitdb`.`sequence_has_publication`
(`sequence_accession`,
`publication_id`)
VALUES
('XP_008662624.1',
'26989147');
INSERT INTO `curatedhitdb`.`sequence`
(`accession`,
`variant`,
`gi`,
`ncbi_gene_id`,
`hgnc_gene_name`,
`taxonomy_id`,
`organism`,
`phylum`,
`class`,
`taxonomy_group`,
`info`,
`sequence`,
`variant_under_consideration`)
VALUES
('XP_008670031.1',
'H2B.S',
null,
null,
null,
4577,
'Zea mays',
'Streptophyta',
'Magnoliopsida',
null,
null,
'MAPKRRGNKVVGSVVKTKLVQETVEVIVADDDGLHAEKQQVPEALALAHPTVDVSGSTVVHVVEVTAKRGRGGGGGGGGGGRRNEGKPPPEEDSAAVPVPQSQETQDPNEELEFELEDEEEKQPETPRVASEKRKKAATPTKKTKTQQPRRRRQRLGQASSGGDAGMGGVGGYRRYVWRVLKQVHPDLGVSGHAMQVLDMMMADMFERLAEEAARLSKATGRATLTSREVQSAVRLVLPGELGRHAISEGTKAISKYMSYAA',
null);
INSERT INTO `curatedhitdb`.`sequence_has_publication`
(`sequence_accession`,
`publication_id`)
VALUES
('XP_008670031.1',
'32716939');
INSERT INTO `curatedhitdb`.`sequence`
(`accession`,
`variant`,
`gi`,
`ncbi_gene_id`,
`hgnc_gene_name`,
`taxonomy_id`,
`organism`,
`phylum`,
`class`,
`taxonomy_group`,
`info`,
`sequence`,
`variant_under_consideration`)
VALUES
('XP_008992112.1',
'cH2A_(Mammalia)',
'675650858',
null,
null,
9483,
'Callithrix jacchus',
'Chordata',
'Mammalia',
null,
null,
'MSGRGKQGGKVRAKAKSRSSRAGLQFPVGRIHRLLRKGKYADRIGAGAPVYLAAVLEYLTAEILELAGNASRDNKKTRIIPRHLQLAIRNDEELNKLLGGVTIAQGGVLPNIQAVLLPKKTESHHHKSQSK',
null);
INSERT INTO `curatedhitdb`.`sequence_has_publication`
(`sequence_accession`,
`publication_id`)
VALUES
('XP_008992112.1',
'22650316');
INSERT INTO `curatedhitdb`.`sequence_has_publication`
(`sequence_accession`,
`publication_id`)
VALUES
('XP_008992112.1',
'26989147');
INSERT INTO `curatedhitdb`.`sequence`
(`accession`,
`variant`,
`gi`,
`ncbi_gene_id`,
`hgnc_gene_name`,
`taxonomy_id`,
`organism`,
`phylum`,
`class`,
`taxonomy_group`,
`info`,
`sequence`,
`variant_under_consideration`)
VALUES
('XP_009296490.1',
'cH2A_(Vertebrata)',
'688617969',
null,
null,
7955,
'Danio rerio',
'Chordata',
'Actinopteri',
null,
null,
'MSGRGKTGGKARAKAKTRSSRAGLQFPVGRVHRLLRKGNYAERVGAGAPVYLAAVLEYLTAEILELAGNAARDNKKTRIIPRHLQLAVRNDEELNKLLGGVTIAQGGVLPNIQAVLLPKKTEKAAKGK',
null);
INSERT INTO `curatedhitdb`.`sequence_has_publication`
(`sequence_accession`,
`publication_id`)
VALUES
('XP_009296490.1',
'22650316');
INSERT INTO `curatedhitdb`.`sequence_has_publication`
(`sequence_accession`,
`publication_id`)
VALUES
('XP_009296490.1',
'26989147');
INSERT INTO `curatedhitdb`.`sequence`
(`accession`,
`variant`,
`gi`,
`ncbi_gene_id`,
`hgnc_gene_name`,
`taxonomy_id`,
`organism`,
`phylum`,
`class`,
`taxonomy_group`,
`info`,
`sequence`,
`variant_under_consideration`)
VALUES
('XP_009448979.1',
'cH2A_(Mammalia)',
'694915112',
null,
null,
9598,
'Pan troglodytes',
'Chordata',
'Mammalia',
null,
null,
'MSGRGKQGGKARAKAKTRSSRAGLQFPVGRVHRLLRKGNYAERVGAGAPVYLAAVLEYLTAEILELAGNAARDNKKTRIIPRHLQLAIRNDEELNKLLGKVTIAQGGVLPNIQAVLLPKKTESHHKAKGKA',
null);
INSERT INTO `curatedhitdb`.`sequence_has_publication`
(`sequence_accession`,
`publication_id`)
VALUES
('XP_009448979.1',
'22650316');
INSERT INTO `curatedhitdb`.`sequence_has_publication`
(`sequence_accession`,
`publication_id`)
VALUES
('XP_009448979.1',
'26989147');
INSERT INTO `curatedhitdb`.`sequence`
(`accession`,
`variant`,
`gi`,
`ncbi_gene_id`,
`hgnc_gene_name`,
`taxonomy_id`,
`organism`,
`phylum`,
`class`,
`taxonomy_group`,
`info`,
`sequence`,
`variant_under_consideration`)
VALUES
('XP_009526809.1',
'cenH3_(Eukarya)',
'695416328',
null,
null,
67593,
'Phytophthora sojae',
'Oomycota',
null,
null,
null,
'MASPRPPALPASDASSSSVTDSGTDDSTPPNSPQPQRSPSPPFAATRGPAAARAPPAAPSSVSSASTPSPPPNLPARRPSVAPVGRQAAIHATPTAPRRKRKATPPRRRPSSPASATQTVKKRRKPGEAALREIRLLQRSTKLLLRKLPFARVVREIQTEFTGVGYRWQAEALLALQEAAETYLVRTFEDAYVGG',
null);
INSERT INTO `curatedhitdb`.`sequence`
(`accession`,
`variant`,
`gi`,
`ncbi_gene_id`,
`hgnc_gene_name`,
`taxonomy_id`,
`organism`,
`phylum`,
`class`,
`taxonomy_group`,
`info`,
`sequence`,
`variant_under_consideration`)
VALUES
('XP_010685819.1',
'cH2A_(Embryophyta)',
'731349093',
null,
null,
3555,
'Beta vulgaris subsp. vulgaris',
'Streptophyta',
'Magnoliopsida',
null,
null,
'MDSTAGGKAKKGAGGRKGGGPKKKPVSRSVKAGLQFPVGRIGRYLKKGRYAQRVGTGAPVYLAAVLEYLAAEVLELAGNAARDNKKNRIIPRHVLLAVRNDDELGKLLSGVTIAHGGVLPNINPVLLPKKAGGDKATKEPKSPSKATKSPKKA',
null);
INSERT INTO `curatedhitdb`.`sequence_has_publication`
(`sequence_accession`,
`publication_id`)
VALUES
('XP_010685819.1',
'22650316');
INSERT INTO `curatedhitdb`.`sequence_has_publication`
(`sequence_accession`,
`publication_id`)
VALUES
('XP_010685819.1',
'26989147');
INSERT INTO `curatedhitdb`.`sequence`
(`accession`,
`variant`,
`gi`,
`ncbi_gene_id`,
`hgnc_gene_name`,
`taxonomy_id`,
`organism`,
`phylum`,
`class`,
`taxonomy_group`,
`info`,
`sequence`,
`variant_under_consideration`)
VALUES
('XP_010816821.1',
'generic_H1',
'741971516',
null,
null,
9913,
'Bos taurus',
'Chordata',
'Mammalia',
null,
null,
'MSEVALPAPAASTSPEKPSAGKKAKKPAKAAAAAKKKPAGPSVSELIVQAVSSSKERSGVSLAALKKALAAAGYDVEKNNSRIKLGLKSLVGKGTLVQTKGTGASGSFKLNKKVASVDAKPTATKVATKTKVTSASKKPKKASGAAAAKKSVKTPKKARKSVLTKKSSKSPKKPKAVKPKKVAKSPAKAKAVKPKGAKVKVTKPKTAAKPKKAAPKKK',
null);
INSERT INTO `curatedhitdb`.`sequence`
(`accession`,
`variant`,
`gi`,
`ncbi_gene_id`,
`hgnc_gene_name`,
`taxonomy_id`,
`organism`,
`phylum`,
`class`,
`taxonomy_group`,
`info`,
`sequence`,
`variant_under_consideration`)
VALUES
('XP_010887142.1',
'H1.0',
'742177175',
null,
null,
8010,
'Esox lucius',
'Chordata',
'Actinopteri',
null,
null,
'MAETVAAPAPKAKKAKAPKKPASHPKYSDMIKAAVQADKSRGGASRQSVQKYIKSHYKVGDNADSQIKLSLKRMVSGGLLRHTKGIGASGSFKLAKAEDTKKAPKPKPVVKAKKSPVKAAKPKKVAKPKKVVKSPAKAKKAKVAVKKVKKSPKKVAPKPKKVVKKVKAAKPAKAVKPKKAKAAKPKPKAAAKKAAKKK',
null);
INSERT INTO `curatedhitdb`.`sequence`
(`accession`,
`variant`,
`gi`,
`ncbi_gene_id`,
`hgnc_gene_name`,
`taxonomy_id`,
`organism`,
`phylum`,
`class`,
`taxonomy_group`,
`info`,
`sequence`,
`variant_under_consideration`)
VALUES
('XP_010950849.1',
'H2A.Q',
null,
null,
null,
9837,
'Camelus bactrianus',
'Chordata',
'Mammalia',
null,
null,
'MSGNRSCQSSCWLRKQTFSCSTKNKPLFPKSHADHLLQENHFAQQLNLPTQVFLSAILKYVTSNVLEVVGNKTHSNCRIQKAVDNDLQLSHLFEEDTNSQARETF',
null);
INSERT INTO `curatedhitdb`.`sequence_has_publication`
(`sequence_accession`,
`publication_id`)
VALUES
('XP_010950849.1',
'29549088');
INSERT INTO `curatedhitdb`.`sequence`
(`accession`,
`variant`,
`gi`,
`ncbi_gene_id`,
`hgnc_gene_name`,
`taxonomy_id`,
`organism`,
`phylum`,
`class`,
`taxonomy_group`,
`info`,
`sequence`,
`variant_under_consideration`)
VALUES
('XP_010995375.1',
'H2A.Q',
null,
null,
null,
9838,
'Camelus dromedarius',
'Chordata',
'Mammalia',
null,
null,
'MSGNRSCQSSCWLRKQTFSCSTKNKPLFPKSHADHLLQENHFAQQLNLPTQVFLSAILKYVTSNVLEVVGNKTHSNCRIQKAVDNDLQLSHLFEEDTNSQARETF',
null);
INSERT INTO `curatedhitdb`.`sequence_has_publication`
(`sequence_accession`,
`publication_id`)
VALUES
('XP_010995375.1',
'29549088');
INSERT INTO `curatedhitdb`.`sequence`
(`accession`,
`variant`,
`gi`,
`ncbi_gene_id`,
`hgnc_gene_name`,
`taxonomy_id`,
`organism`,
`phylum`,
`class`,
`taxonomy_group`,
`info`,
`sequence`,
`variant_under_consideration`)
VALUES
('XP_011105792.1',
'scH1',
'748455219',
null,
null,
1160507,
'Saccharomyces arboricola H-6',
'Ascomycota',
'Saccharomycetes',
null,
null,
'MAPKKTSTKTTTTNKGKKPVTSKGKDKPVIKTAVKKNAAKKEEPSSKSYKELIVEGLAALKERKGSSRPALKKFIKENYPLVGSTSNFDLYFNNAIKKGVETGDFEQPKGPAGTLKLAKKKSPELKKETSPKPKQAAAATTTTTTTTPTSLKAKAKTASKKQAPKKVVKKKVPAVAVIPKKTSSPSALTYKEMILKSMPELNDGKGSSRIVLKKYVKDTFSSKLKTSSNFDYLFNSAIKKCVENGELVQPKGPSGIIKINKKKAKLST',
null);
INSERT INTO `curatedhitdb`.`sequence`
(`accession`,
`variant`,
`gi`,
`ncbi_gene_id`,
`hgnc_gene_name`,
`taxonomy_id`,
`organism`,
`phylum`,
`class`,
`taxonomy_group`,
`info`,
`sequence`,
`variant_under_consideration`)
VALUES
('XP_011128492.1',
'H2B.Z',
null,
null,
null,
110365,
'Gregarina niphandrodes',
'Apicomplexa',
'Conoidasida',
null,
null,
'MSGKGGKQQLAKKTAANKLPSHHLDKNKKRRRRGETFSIYIYKVLRQVQPKLGMSRKSMAIMNSFINDIFERLATEAVKLIQYNKKRTLSSREMQTSVRLLLPGELSKHAATEGAKAVEKYENRPIA',
null);
INSERT INTO `curatedhitdb`.`sequence_has_publication`
(`sequence_accession`,
`publication_id`)
VALUES
('XP_011128492.1',
'DOI:10.5772/intechopen.81409');
INSERT INTO `curatedhitdb`.`sequence`
(`accession`,
`variant`,
`gi`,
`ncbi_gene_id`,
`hgnc_gene_name`,
`taxonomy_id`,
`organism`,
`phylum`,
`class`,
`taxonomy_group`,
`info`,
`sequence`,
`variant_under_consideration`)
VALUES
('XP_011215272.1',
'H2A.B',
'752439251',
null,
null,
9646,
'Ailuropoda melanoleuca',
'Chordata',
'Mammalia',
null,
null,
'MPGDRSRRGSSSGQRRTRSRTARAELSFSVSHVERLLREGHYAQRLGSSAPVFLAAVIQYLTAKVLELAGNEAQNSGGRRITPQLVDMAVHNHALLSGFFGTTTISQVAPAWN',
null);
INSERT INTO `curatedhitdb`.`sequence_has_publication`
(`sequence_accession`,
`publication_id`)
VALUES
('XP_011215272.1',
'22650316');
INSERT INTO `curatedhitdb`.`sequence_has_publication`
(`sequence_accession`,
`publication_id`)
VALUES
('XP_011215272.1',
'26989147');
INSERT INTO `curatedhitdb`.`sequence`
(`accession`,
`variant`,
`gi`,
`ncbi_gene_id`,
`hgnc_gene_name`,
`taxonomy_id`,
`organism`,
`phylum`,
`class`,
`taxonomy_group`,
`info`,
`sequence`,
`variant_under_consideration`)
VALUES
('XP_011215280.1',
'cH2A_(Mammalia)',
'752439274',
null,
null,
9646,
'Ailuropoda melanoleuca',
'Chordata',
'Mammalia',
null,
null,
'MSGRGKQGGKARAKAKSRSSRAGLQFPVGRVHRLLRKGNYAERVGAGAPVYLAAVLEYLTAEILELAGNAARDNKKTRIIPRHLQLAIRNDEELNKLLGRVTIAQGGVLPNIQAVLLPKKTESHHKAKGK',
null);
INSERT INTO `curatedhitdb`.`sequence_has_publication`
(`sequence_accession`,
`publication_id`)
VALUES
('XP_011215280.1',
'22650316');
INSERT INTO `curatedhitdb`.`sequence_has_publication`
(`sequence_accession`,
`publication_id`)
VALUES
('XP_011215280.1',
'26989147');
INSERT INTO `curatedhitdb`.`sequence`
(`accession`,
`variant`,
`gi`,
`ncbi_gene_id`,
`hgnc_gene_name`,
`taxonomy_id`,
`organism`,
`phylum`,
`class`,
`taxonomy_group`,
`info`,
`sequence`,
`variant_under_consideration`)
VALUES
('XP_011216221.1',
'cH2B_(Mammalia)',
'752441783',
null,
null,
9646,
'Ailuropoda melanoleuca',
'Chordata',
'Mammalia',
null,
null,
'MPDPAKSAPAPKKGSKKAVTKVQKKDGKKRKRSRKESYSVYVYKVLKQVHPDTGISSKAMGIMNSFVNDIFERIAGEASRLAHYNKRSTITSREIQTAVRLLLPGELAKHAVSEGTKAVTKYTSSK',
null);
INSERT INTO `curatedhitdb`.`sequence`
(`accession`,
`variant`,
`gi`,
`ncbi_gene_id`,
`hgnc_gene_name`,
`taxonomy_id`,
`organism`,
`phylum`,
`class`,
`taxonomy_group`,
`info`,
`sequence`,
`variant_under_consideration`)
VALUES
('XP_011387544.1',
'H2A.X_(Fungi)',
'758974979',
null,
null,
237631,
'Ustilago maydis 521',
'Basidiomycota',
'Ustilaginomycetes',
null,
null,
'MSSGGKSGGKAGDASSKAQSRSAKAGLQFPVGRIHRLLRKGNYAQRVGAGAPVYLAAVLEYLAAEILELAGNAARDNKKSRIIPRHLQLAIRNDEELNKLLGGVTISQGGVLPFIQSELLPAKSGKPKKAGGSQDI',
null);
INSERT INTO `curatedhitdb`.`sequence_has_publication`
(`sequence_accession`,
`publication_id`)
VALUES
('XP_011387544.1',
'22650316');
INSERT INTO `curatedhitdb`.`sequence_has_publication`
(`sequence_accession`,
`publication_id`)
VALUES
('XP_011387544.1',
'26989147');
INSERT INTO `curatedhitdb`.`sequence`
(`accession`,
`variant`,
`gi`,
`ncbi_gene_id`,
`hgnc_gene_name`,
`taxonomy_id`,
`organism`,
`phylum`,
`class`,
`taxonomy_group`,
`info`,
`sequence`,
`variant_under_consideration`)
VALUES
('XP_011741102.1',
'cH2B_(Mammalia)',
'795655520',
null,
null,
9545,
'Macaca nemestrina',
'Chordata',
'Mammalia',
null,
null,
'MPEPAKSAPAPKKGSKKAVTKAQKKDGKKRKRSRKESYSVYVYKVLKQVHPDTGISSKAMGIMNSFVNDIFERIAGEASRLAHYNKRSTITSREIQTAVRLLLPGELAKHAVSEGTKAVTKYTSSK',
null);
INSERT INTO `curatedhitdb`.`sequence`
(`accession`,
`variant`,
`gi`,
`ncbi_gene_id`,
`hgnc_gene_name`,
`taxonomy_id`,
`organism`,
`phylum`,
`class`,
`taxonomy_group`,
`info`,
`sequence`,
`variant_under_consideration`)
VALUES
('XP_012399201.1',
'H2A.R',
null,
null,
null,
9305,
'Sarcophilus harrisii',
'Chordata',
'Mammalia',
null,
null,
'MPEKRCHQGPLPPRARTRSRSSRAQLQFPVSRVDRFLRQGHYAQRLASGAPVFLAAVLEYLTAEILELAGNAARDNQKTRIAPCHVQLAVRNDAELNQLFGHVTISQGAVLPRIHSELLQPTSKARSSQCHVGQSHTYSMKAK',
null);
INSERT INTO `curatedhitdb`.`sequence_has_publication`
(`sequence_accession`,
`publication_id`)
VALUES
('XP_012399201.1',
'29549088');
INSERT INTO `curatedhitdb`.`sequence`
(`accession`,
`variant`,
`gi`,
`ncbi_gene_id`,
`hgnc_gene_name`,
`taxonomy_id`,
`organism`,
`phylum`,
`class`,
`taxonomy_group`,
`info`,
`sequence`,
`variant_under_consideration`)
VALUES
('XP_012484989.1',
'H2B.S',
null,
null,
null,
29730,
'Gossypium raimondii',
'Streptophyta',
'Magnoliopsida',
null,
null,
'MAPKRRAKVVVRSTKKIVKETVQVAVIDKTEGDNNGDQQQLDTVPLEDIEEAGERVITEIPIQGSTEDKAEKEPRKVEAPGQKNRVQGEEKTEPVHEEEEPRKEEKKGKRKRGKKKELVGHEGYKTYVFRVLKQVHPGMAISSKAMSVINSLMNDMFEKITNEATKLSQYTDRKTLSSREIQGAVRLVLPGELGKHAVAEGSKAVTNYASYDIKRSKLV',
null);
INSERT INTO `curatedhitdb`.`sequence_has_publication`
(`sequence_accession`,
`publication_id`)
VALUES
('XP_012484989.1',
'32716939');
INSERT INTO `curatedhitdb`.`sequence`
(`accession`,
`variant`,
`gi`,
`ncbi_gene_id`,
`hgnc_gene_name`,
`taxonomy_id`,
`organism`,
`phylum`,
`class`,
`taxonomy_group`,
`info`,
`sequence`,
`variant_under_consideration`)
VALUES
('XP_012838320.1',
'H2B.S',
null,
null,
null,
4155,
'Erythranthe guttata',
'Streptophyta',
'Magnoliopsida',
null,
null,
'MAPKKRPGRAKKTVVTSTKVVEETVKVVVTPGGSGGEDDDNDNNESVEMISSSTKQNTENVEIFTSSPEKEHVLRTIPVEDKEEQIPAPDIVPQEQDEDETQPYSEPETASTPPRKEAPPPKSSEPLETPPPAEKRETRKKKFQEKAKEAGQEKKATTEKLRPKRRRRSVAGAGAGESYKRYVFKVMKQVHPEMGISSKAMTIVNNLMTDMFERFAEEAARLQKYTGRKTMSSREVQGAVKLVLPGELGKHAVAEGAKAVTNYVSYVPKS',
null);
INSERT INTO `curatedhitdb`.`sequence_has_publication`
(`sequence_accession`,
`publication_id`)
VALUES
('XP_012838320.1',
'32716939');
INSERT INTO `curatedhitdb`.`sequence`
(`accession`,
`variant`,
`gi`,
`ncbi_gene_id`,
`hgnc_gene_name`,
`taxonomy_id`,
`organism`,
`phylum`,
`class`,
`taxonomy_group`,
`info`,
`sequence`,
`variant_under_consideration`)
VALUES
('XP_012928609.2',
'cH4',
'861442511',
null,
null,
10181,
'Heterocephalus glaber',
'Chordata',
'Mammalia',
null,
null,
'MFDVFGRDKGGKVLDKGRAKRHPKVLRGNIQGITKPAISRLARRSGVKRISGLICEETRGVLKVFRMETMIRDIVIYAEHAKRETVTAMDVVYTLKXQGRTLYGFGELSSCINREASQRFIRLLSVCSITHTKQAARKSTCGKTPRKQLATRAACKSXVKKPHRYRAGTEALREIRRYQKFTKLLIRKLPFQRLVREIAQDFKTDLRFQSSAVMALHEASEAYLVGLFEDTNLLLISSQLLAMSGRGKGGKGLGKGGAKRHRKVLRDNIQGITKPAIRRLARRGGVKRISGLIYEETRGVLKVFLENVIRDAVTYTEHAKRKTVTAMDVVYALKRQGRTLYGFGG',
null);
INSERT INTO `curatedhitdb`.`sequence`
(`accession`,
`variant`,
`gi`,
`ncbi_gene_id`,
`hgnc_gene_name`,
`taxonomy_id`,
`organism`,
`phylum`,
`class`,
`taxonomy_group`,
`info`,
`sequence`,
`variant_under_consideration`)
VALUES
('XP_012928647.1',
'cH2B_(Mammalia)',
'861442736',
null,
null,
10181,
'Heterocephalus glaber',
'Chordata',
'Mammalia',
null,
null,
'MPEPAKSAPAPKKGSKKAVTKAQKKDGKKRKRSRKESYSVYVYKVLKQVHPDTGISSKAMGIMNSFVNDIFERIAGEASRLAHYNKRSTITSREIQTAVRLLLPGELAKHAVSEGTKAVTKYTSSK',
null);
INSERT INTO `curatedhitdb`.`sequence`
(`accession`,
`variant`,
`gi`,
`ncbi_gene_id`,
`hgnc_gene_name`,
`taxonomy_id`,
`organism`,
`phylum`,
`class`,
`taxonomy_group`,
`info`,
`sequence`,
`variant_under_consideration`)
VALUES
('XP_013006892.1',
'cH2B_(Mammalia)',
'884911570',
null,
null,
10141,
'Cavia porcellus',
'Chordata',
'Mammalia',
null,
null,
'MPEPAKSAPAPKKGSKKAVTKAQKKDGKKRKRSRKESYSVYVYKVLKQVHPDTGISSKAMGIMNSFVNDIFERIAGEASRLAHYNKRSTITSREIQTAVRLLLPGELAKHAVSEGTKAVTKYTSSK',
null);
INSERT INTO `curatedhitdb`.`sequence`
(`accession`,
`variant`,
`gi`,
`ncbi_gene_id`,
`hgnc_gene_name`,
`taxonomy_id`,
`organism`,
`phylum`,
`class`,
`taxonomy_group`,
`info`,
`sequence`,
`variant_under_consideration`)
VALUES
('XP_013228334.1',
'H2B.Z',
null,
null,
null,
5802,
'Eimeria tenella',
'Apicomplexa',
'Conoidasida',
null,
null,
'MSGKGPAQKSQAAKKTAGKSLGPRYRRRKRTESFALYIYKVLKQVHPETGVSKKSMSIMNSFINDIFDRLADEAVRLIRYNKKRTLSSREIQTAVRLLLPGELSKHAVSEGTKAVSKYTTSGA',
null);
INSERT INTO `curatedhitdb`.`sequence_has_publication`
(`sequence_accession`,
`publication_id`)
VALUES
('XP_013228334.1',
'DOI:10.5772/intechopen.81409');
INSERT INTO `curatedhitdb`.`sequence`
(`accession`,
`variant`,
`gi`,
`ncbi_gene_id`,
`hgnc_gene_name`,
`taxonomy_id`,
`organism`,
`phylum`,
`class`,
`taxonomy_group`,
`info`,
`sequence`,
`variant_under_consideration`)
VALUES
('XP_013464866.1',
'H2B.S',
null,
null,
null,
3880,
'Medicago truncatula',
'Streptophyta',
'Magnoliopsida',
null,
null,
'MAPKSAKKVVVRSTRKVVQESVQVSVVSSHKRSTRGNNKDVEIDKDAGNATQQEHVRIIPVQEVTSQTKEDTNTNTNTTTVTSEDTTNQENTPNDATMEPKTPLSNKEQEKKVRTKEGGNDGKGKRKKKRGRRMGEGYQRYVYRVLKQVHPQMGISSQAMTILNNLMNDMFEKLADEAAKLTAYTKHMTLTSREIQGAVKLVLPGELGKHAIAEGAKAVTNYVSYVA',
null);
INSERT INTO `curatedhitdb`.`sequence_has_publication`
(`sequence_accession`,
`publication_id`)
VALUES
('XP_013464866.1',
'32716939');
INSERT INTO `curatedhitdb`.`sequence`
(`accession`,
`variant`,
`gi`,
`ncbi_gene_id`,
`hgnc_gene_name`,
`taxonomy_id`,
`organism`,
`phylum`,
`class`,
`taxonomy_group`,
`info`,
`sequence`,
`variant_under_consideration`)
VALUES
('XP_013966888.1',
'H2A.Q',
null,
null,
null,
9615,
'Canis lupus familiaris',
'Chordata',
'Mammalia',
null,
null,
'MSGKRSSQNSCRLGKQTLSSSTKTKLKFSVSHEDHLLQENHPAQHLRFSSQVCLSAILKYVATNILELVGNEAHNDCRVQRAVNNNMQSSHLFEDDTTSQVSEMF',
null);
INSERT INTO `curatedhitdb`.`sequence_has_publication`
(`sequence_accession`,
`publication_id`)
VALUES
('XP_013966888.1',
'29549088');
INSERT INTO `curatedhitdb`.`sequence`
(`accession`,
`variant`,
`gi`,
`ncbi_gene_id`,
`hgnc_gene_name`,
`taxonomy_id`,
`organism`,
`phylum`,
`class`,
`taxonomy_group`,
`info`,
`sequence`,
`variant_under_consideration`)
VALUES
('XP_014757906.1',
'H2B.S',
null,
null,
null,
15368,
'Brachypodium distachyon',
'Streptophyta',
'Magnoliopsida',
null,
null,
'MAPKRRVKKVVSSVVRKKTTKVVQETVQVSTAILPDDSAQPEPEVVVDVSTPATVVKHVEVTSDVGDDQATAAGATAVNNKPPQSKSPDKPADDNQATAPAVPSLQSQETQTQDPNEKKKTPQQEIVVVTTKGPPGLEPEEKTKKLQPDAPETPKQAGGAGTGGKDEAAAPKKKKKKKKKKRKARRGGGRRRGPVGDMGMMGGGYKRYVYRVLKQVHPDMGASGRAMEVLDMMMGDMFERLADEAARLAKVAGRATLSSREVQNAVRLVLPGELAKHAISEGTKAVTSYMSLA',
null);
INSERT INTO `curatedhitdb`.`sequence_has_publication`
(`sequence_accession`,
`publication_id`)
VALUES
('XP_014757906.1',
'32716939');
INSERT INTO `curatedhitdb`.`sequence`
(`accession`,
`variant`,
`gi`,
`ncbi_gene_id`,
`hgnc_gene_name`,
`taxonomy_id`,
`organism`,
`phylum`,
`class`,
`taxonomy_group`,
`info`,
`sequence`,
`variant_under_consideration`)
VALUES
('XP_015107649.1',
'H2A.Q',
null,
null,
null,
30538,
'Vicugna pacos',
'Chordata',
'Mammalia',
null,
null,
'MSGNRSCQSSCWLRKQTFSCSTKNKPLFPKSHADHLLQENHFAQQLNLSTQVFLSAILKYVTSNVLEVVGNKSHSNCRIQKAADNDLQLSHLFEEDTNSQARETF',
null);
INSERT INTO `curatedhitdb`.`sequence_has_publication`
(`sequence_accession`,
`publication_id`)
VALUES
('XP_015107649.1',
'29549088');
INSERT INTO `curatedhitdb`.`sequence`
(`accession`,
`variant`,
`gi`,
`ncbi_gene_id`,
`hgnc_gene_name`,
`taxonomy_id`,
`organism`,
`phylum`,
`class`,
`taxonomy_group`,
`info`,
`sequence`,
`variant_under_consideration`)
VALUES
('XP_015612586.1',
'H2B.S',
null,
null,
null,
39947,
'Oryza sativa Japonica Group',
'Streptophyta',
'Magnoliopsida',
null,
null,
'MAPKQKEAANKKKKKKEVAVLVKTKTKVVQLTTTTAELELEPTVTVQVDDNKTGAAADETPPVVPLQSQETQDPNEPKAAAAKKKKRAGHGRKRSRRRRGGALEYGGYKRYVWRVLKQVHPDLGASAQTMDVLDMMMADMFERLADEASRLSKLSGRLTLTSREVQSAVRLVLPADLANHAISEGTKAISNYLS',
null);
INSERT INTO `curatedhitdb`.`sequence_has_publication`
(`sequence_accession`,
`publication_id`)
VALUES
('XP_015612586.1',
'32716939');
INSERT INTO `curatedhitdb`.`sequence`
(`accession`,
`variant`,
`gi`,
`ncbi_gene_id`,
`hgnc_gene_name`,
`taxonomy_id`,
`organism`,
`phylum`,
`class`,
`taxonomy_group`,
`info`,
`sequence`,
`variant_under_consideration`)
VALUES
('XP_017234272.1',
'H2B.S',
null,
null,
null,
79200,
'Daucus carota subsp. sativus',
'Streptophyta',
'Magnoliopsida',
null,
null,
'MAPKKSPKKKAVGAVVKTTTKVIQETVQVSVIQTKPKPQQETPQTENNKNGPKDIEIQDVTTPTPTPKKATKTIPTQDTAKKTKKDSAQGATKKRKRSVEGYKRYVYKVLKQVHPDIGISSKAMTIVNNLMTDMFERLADEAARLTKYTKKMTLSSREIQGAVKLVLPGELGKHAVAEGAKAVTNYVQYASGPSKP',
null);
INSERT INTO `curatedhitdb`.`sequence_has_publication`
(`sequence_accession`,
`publication_id`)
VALUES
('XP_017234272.1',
'32716939');
INSERT INTO `curatedhitdb`.`sequence`
(`accession`,
`variant`,
`gi`,
`ncbi_gene_id`,
`hgnc_gene_name`,
`taxonomy_id`,
`organism`,
`phylum`,
`class`,
`taxonomy_group`,
`info`,
`sequence`,
`variant_under_consideration`)
VALUES
('XP_020113371.1',
'H2B.S',
null,
null,
null,
4615,
'Ananas comosus',
'Streptophyta',
'Magnoliopsida',
null,
null,
'MAPRKPRKMVGAVVKTTAKVVEETVKVAPVVGVGDGDGDGDGAEEVEEAAVPLKDSKVVQVVVVGGEKGDGEVPEANDGRDEPEKRKEAMEVDENQAPKETGEESKRRGRGRPLKERGPETPTEKSEIPPANKKKEKDRGGRSEGEAEEGKGRRRRRRKRRFGSAGDAGSGGVGGYKRYVFRVLKQVHPELGASARAMQVLDMMMADMFQRLAEEAARLSKYTGRATLTSREIQNAVRLVLPGELGRHAVSEGTKAVTNYMASQSS',
null);
INSERT INTO `curatedhitdb`.`sequence_has_publication`
(`sequence_accession`,
`publication_id`)
VALUES
('XP_020113371.1',
'32716939');
INSERT INTO `curatedhitdb`.`sequence`
(`accession`,
`variant`,
`gi`,
`ncbi_gene_id`,
`hgnc_gene_name`,
`taxonomy_id`,
`organism`,
`phylum`,
`class`,
`taxonomy_group`,
`info`,
`sequence`,
`variant_under_consideration`)
VALUES
('XP_021629190.1',
'H2B.S',
null,
null,
null,
3983,
'Manihot esculenta',
'Streptophyta',
'Magnoliopsida',
null,
null,
'MAPKGKRGKKKVLGTVLRSSKRVIKETVKIAVFEGDTQESTQEDQNGDTEELPENEPLVVRTIPVEERVEEEEEAQTIEVSVKKPKEEKRKQEKIETHEEKQEPAKTTKTKKRTQEEKGQEKKRRRRRRRGVEEGGEGYKRYVFRVLKQVHPELRISSMAMSVINSLMKDMFERIADEAAKLSQHSHKMTLSSREIQGAVKLVLPGELGRHAIAEGSKAVTNYMSYEAKGSKA',
null);
INSERT INTO `curatedhitdb`.`sequence_has_publication`
(`sequence_accession`,
`publication_id`)
VALUES
('XP_021629190.1',
'32716939');
INSERT INTO `curatedhitdb`.`sequence`
(`accession`,
`variant`,
`gi`,
`ncbi_gene_id`,
`hgnc_gene_name`,
`taxonomy_id`,
`organism`,
`phylum`,
`class`,
`taxonomy_group`,
`info`,
`sequence`,
`variant_under_consideration`)
VALUES
('XP_021901556.1',
'H2B.S',
null,
null,
null,
3649,
'Carica papaya',
'Streptophyta',
'Magnoliopsida',
null,
null,
'MAPKRSTRLLALKTTQKIIEKVEVSVVPSSGREQEITDVAVQKSPVKVIPVEEKSRKTVRIPVEETPSLKTIPVKTPEKEQETIDDQEPVTTSEEVAADNEQEQEKEEETDQTQEGITSSEPAGTTKEEKVEKRPSRRGRPRRRRKKKKGSDEGNYKGYKRYVFKVLKQVHPELAISSKAMVIINGFMNDMFERLADEAANLSRYSHKATLSSKEIQGAVRLVLPGELSKHATAEGSKAVTNYMSFPLHNS',
null);
INSERT INTO `curatedhitdb`.`sequence_has_publication`
(`sequence_accession`,
`publication_id`)
VALUES
('XP_021901556.1',
'32716939');
INSERT INTO `curatedhitdb`.`sequence`
(`accession`,
`variant`,
`gi`,
`ncbi_gene_id`,
`hgnc_gene_name`,
`taxonomy_id`,
`organism`,
`phylum`,
`class`,
`taxonomy_group`,
`info`,
`sequence`,
`variant_under_consideration`)
VALUES
('XP_022680431.1',
'H2B.S',
null,
null,
null,
4555,
'Setaria italica',
'Streptophyta',
'Magnoliopsida',
null,
null,
'MAPKRRSSGKVVGSVVKTKVVQETVEVTTAIVADGEPEQQLAPGALALAPRTGEVSRSKVVHVEITTPDSDNTTGRSSAKQQPTAKRGRGGRREEEKPPAPAEEAAQEPPPQSLETQEPNEEEEEEDVDVSKKRRKPPPQQRRRDEEEPETPRVASERKTAGTKTTPQKQKKRGGGGGGGGKAKTGRRRRLGEASPGGDAGMGGMGGYKRYVWRVLKQVHPELGVSGHAMRVLDMMMADMFERLADEAARLSKAAGRATLSSREVQSAVRLVLPGELGRHAMSEGTKAISKYMSYDDA',
null);
INSERT INTO `curatedhitdb`.`sequence_has_publication`
(`sequence_accession`,
`publication_id`)
VALUES
('XP_022680431.1',
'32716939');
INSERT INTO `curatedhitdb`.`sequence`
(`accession`,
`variant`,
`gi`,
`ncbi_gene_id`,
`hgnc_gene_name`,
`taxonomy_id`,
`organism`,
`phylum`,
`class`,
`taxonomy_group`,
`info`,
`sequence`,
`variant_under_consideration`)
VALUES
('XP_024376580.1',
'H2A.M',
null,
null,
null,
3218,
'Physcomitrium patens',
'Streptophyta',
'Bryopsida',
null,
null,
'MSGRGKGAGAAARKKSVSRSAKAGLQFPVGRLGRYLKKGRYARRVGSGAPVYLAAVLEYLAAEVLELAGNASRDNKKSRIIPRHIQLAIRNDEELGKLLSGVTIAYGGVLPNIHSVLLPKKTAGGAGADKSEKPEKEKKTKVEKASKG',
null);
INSERT INTO `curatedhitdb`.`sequence_has_publication`
(`sequence_accession`,
`publication_id`)
VALUES
('XP_024376580.1',
'25983206');
INSERT INTO `curatedhitdb`.`sequence`
(`accession`,
`variant`,
`gi`,
`ncbi_gene_id`,
`hgnc_gene_name`,
`taxonomy_id`,
`organism`,
`phylum`,
`class`,
`taxonomy_group`,
`info`,
`sequence`,
`variant_under_consideration`)
VALUES
('XP_024376581.1',
'H2A.M',
null,
null,
null,
3218,
'Physcomitrium patens',
'Streptophyta',
'Bryopsida',
null,
null,
'MSGRGKGAGAAARKKSVTKSAKAGLQFPVGRLGRYLKKGRYAQRVGSGAPVYLAAVLEYLAAEVLELAGNASRDNKKSRIIPRHIQLAIRNDEELGKLLSGVTIAYGGVLPNIHSVLLPKKTAGGTGGEKPEKPEKEKKEKKGKADKE',
null);
INSERT INTO `curatedhitdb`.`sequence_has_publication`
(`sequence_accession`,
`publication_id`)
VALUES
('XP_024376581.1',
'25983206');
INSERT INTO `curatedhitdb`.`sequence`
(`accession`,
`variant`,
`gi`,
`ncbi_gene_id`,
`hgnc_gene_name`,
`taxonomy_id`,
`organism`,
`phylum`,
`class`,
`taxonomy_group`,
`info`,
`sequence`,
`variant_under_consideration`)
VALUES
('XP_024377711.1',
'H2A.M',
null,
null,
null,
3218,
'Physcomitrium patens',
'Streptophyta',
'Bryopsida',
null,
null,
'MSGRGKGAGAAARKKSVTKSAKAGLQFPVGRLGRYLKKGRYAQRVGSGAPVYLAAVLEYLAAEVLELAGNASRDNKKSRIIPRHIQLAIRNDEELGKLLSGVTIAYGGVLPNIHSVLLPKKTAGGTGTEKPAKPEKEKKVKGEKASKE',
null);
INSERT INTO `curatedhitdb`.`sequence_has_publication`
(`sequence_accession`,
`publication_id`)
VALUES
('XP_024377711.1',
'25983206');
INSERT INTO `curatedhitdb`.`sequence`
(`accession`,
`variant`,
`gi`,
`ncbi_gene_id`,
`hgnc_gene_name`,
`taxonomy_id`,
`organism`,
`phylum`,
`class`,
`taxonomy_group`,
`info`,
`sequence`,
`variant_under_consideration`)
VALUES
('XP_028926523.1',
'H2B.O',
null,
null,
null,
9258,
'Ornithorhynchus anatinus',
'Chordata',
'Mammalia',
null,
null,
'YSIYVYKVLKQVHPLTSISTKAVGIMDSFINDIFDRIASEASRLARYTKRSTIASREIQTAVLLTLPGELARHAVSEGTKAITKYTS',
null);
INSERT INTO `curatedhitdb`.`sequence_has_publication`
(`sequence_accession`,
`publication_id`)
VALUES
('XP_028926523.1',
'35099534');
INSERT INTO `curatedhitdb`.`sequence`
(`accession`,
`variant`,
`gi`,
`ncbi_gene_id`,
`hgnc_gene_name`,
`taxonomy_id`,
`organism`,
`phylum`,
`class`,
`taxonomy_group`,
`info`,
`sequence`,
`variant_under_consideration`)
VALUES
('XP_031483632.1',
'H2B.S',
null,
null,
null,
210225,
'Nymphaea colorata',
'Streptophyta',
'Magnoliopsida',
null,
null,
'MGPRRSGRLVGSVVKETKVVEETVKVVADVDDLSSLEPSAISAGIIREIPVVEIKESKTPQKKVEPEAAPFPLEKKQKGIEAKEVEEKEQKGHVDQKKERKPQELNRRRKRLRRNEEGGVGAYRSYVYKVLKQVHPELGISSKAMDVLNGFMGDMFERLAEEAATLQKHTGRRTLSSREIQMAVRLVLPGELGKHAISEGSKAITNYYRYPEKKRR',
null);
INSERT INTO `curatedhitdb`.`sequence_has_publication`
(`sequence_accession`,
`publication_id`)
VALUES
('XP_031483632.1',
'32716939');
INSERT INTO `curatedhitdb`.`sequence`
(`accession`,
`variant`,
`gi`,
`ncbi_gene_id`,
`hgnc_gene_name`,
`taxonomy_id`,
`organism`,
`phylum`,
`class`,
`taxonomy_group`,
`info`,
`sequence`,
`variant_under_consideration`)
VALUES
('XP_034583365.1',
'H2B.S',
null,
null,
null,
4556,
'Setaria viridis',
'Streptophyta',
'Magnoliopsida',
null,
null,
'MAPKRRSSGKVVGSVVKTKVVQETVEVTTAIVADGEPEQQLAPGALALAPRTGEVSRSKVVHVEITTPDSDNTTGRSSAKQQPTAKRGRGGRREEEKPPAPAEEAAQEPPPQSLETQEPNEEEEEDVDVSKKRRKPPPQQRRRDEEEPETPRVASERKTTGTKTTPQKQKKRGGGGGGGGKAKTGRRRRLGEASPGGDAGMGGMGGYKRYVWRVLKQVHPELGVSGHAMRVLDMMMADMFERLADEAARLSKAAGRATLSSREVQSAVRLVLPGELGRHAMSEGTKAISKYMSYDDT',
null);
INSERT INTO `curatedhitdb`.`sequence_has_publication`
(`sequence_accession`,
`publication_id`)
VALUES
('XP_034583365.1',
'32716939');
INSERT INTO `curatedhitdb`.`sequence`
(`accession`,
`variant`,
`gi`,
`ncbi_gene_id`,
`hgnc_gene_name`,
`taxonomy_id`,
`organism`,
`phylum`,
`class`,
`taxonomy_group`,
`info`,
`sequence`,
`variant_under_consideration`)
VALUES
('XP_042914553.1',
'cH2B_(Chlorophyta)',
null,
null,
null,
3055,
'Chlamydomonas reinhardtii',
'Chlorophyta',
'Chlorophyceae',
null,
null,
'MAPKKDEKPPTQEAGAEAPAKAEAKPKAEKAAKKAKKEPSKKAAKEPKGDGEKKDKKKKKSAVETYKLYIYKVLKQVHPDTGISSKAMSIMNSFINDIFEKVATEASKLSRYNKKPTVTSREIQTAVRLVLPGELAKHAVSEGTKAVTKFTSG',
null);
INSERT INTO `curatedhitdb`.`sequence_has_publication`
(`sequence_accession`,
`publication_id`)
VALUES
('XP_042914553.1',
'32716939');
INSERT INTO `curatedhitdb`.`sequence`
(`accession`,
`variant`,
`gi`,
`ncbi_gene_id`,
`hgnc_gene_name`,
`taxonomy_id`,
`organism`,
`phylum`,
`class`,
`taxonomy_group`,
`info`,
`sequence`,
`variant_under_consideration`)
VALUES
('XP_042914596.1',
'cH2B_(Chlorophyta)',
null,
null,
null,
3055,
'Chlamydomonas reinhardtii',
'Chlorophyta',
'Chlorophyceae',
null,
null,
'MAPKRDEKPATQEAGAEAPAKAEAKPKAEKAAKKAKKEPSKKAAKEPKGDGAKKDKKKKKSAVETYKLYIYKVLKQVHPDTGISSKAMSIMNSFINDIFEKVATEASKLSRYNKKPTVTSREIQTAVRLVLPGELAKHAVSEGTKAVTKFTSG',
null);
INSERT INTO `curatedhitdb`.`sequence_has_publication`
(`sequence_accession`,
`publication_id`)
VALUES
('XP_042914596.1',
'32716939');
INSERT INTO `curatedhitdb`.`sequence`
(`accession`,
`variant`,
`gi`,
`ncbi_gene_id`,
`hgnc_gene_name`,
`taxonomy_id`,
`organism`,
`phylum`,
`class`,
`taxonomy_group`,
`info`,
`sequence`,
`variant_under_consideration`)
VALUES
('XP_042923653.1',
'cH2B_(Chlorophyta)',
null,
null,
null,
3055,
'Chlamydomonas reinhardtii',
'Chlorophyta',
'Chlorophyceae',
null,
null,
'MAPKKDEKPPKAEKAAKKAKKEPSKKAAKEPKGDGEKKDKKKKSSAVETYKLYIYKVLKQVHPDTGISSKAMSIMNSFINDIFEKVATEASKLSRYNKKPTVTSREIQTAVRLVLPGELAKHAVSEGTKAVTKFTSG',
null);
INSERT INTO `curatedhitdb`.`sequence_has_publication`
(`sequence_accession`,
`publication_id`)
VALUES
('XP_042923653.1',
'32716939');
INSERT INTO `curatedhitdb`.`sequence`
(`accession`,
`variant`,
`gi`,
`ncbi_gene_id`,
`hgnc_gene_name`,
`taxonomy_id`,
`organism`,
`phylum`,
`class`,
`taxonomy_group`,
`info`,
`sequence`,
`variant_under_consideration`)
VALUES
('XP_045802699.1',
'H2B.S',
null,
null,
null,
57577,
'Trifolium pratense',
'Streptophyta',
'Magnoliopsida',
null,
null,
'MAPKRANKKMVVRSTRKVVEESVQVSVVSSNKRSTRANKDNEIDKDVGSDHDQREEHVRIIPVQEVTPSAKEDSNASTTTFTTEDKTNQENTPNEATMEPKESENKKVKNKEGNYGKEKRKRKRVRRMGEGYQRYVYRVLKQVHPDMGISFKAMTILNNLMNDMFEKLADEAAKLTTYIGHMTLSSREIQGAVKLVLPGELGKHAIAEGAKAVTNYISSYGA',
null);
INSERT INTO `curatedhitdb`.`sequence_has_publication`
(`sequence_accession`,
`publication_id`)
VALUES
('XP_045802699.1',
'32716939');
INSERT INTO `curatedhitdb`.`sequence`
(`accession`,
`variant`,
`gi`,
`ncbi_gene_id`,
`hgnc_gene_name`,
`taxonomy_id`,
`organism`,
`phylum`,
`class`,
`taxonomy_group`,
`info`,
`sequence`,
`variant_under_consideration`)
VALUES
('XP_425456.1',
'generic_H1',
'50729210',
null,
null,
9031,
'Gallus gallus',
'Chordata',
'Aves',
null,
null,
'MSETAPVAAPAVSAPGAKAAAKKPKKAAGGAKARKPAGPSVTELITKAVSASKERKGLSLAALKKALAAGGYDVEKNNSRIKLGLKSLVSKGTLVQTKGTGASGSFKLNKKPGETKEKATKKKPAAKPKKPAAKKPAAAAKKPKKAAAVKKSPKKAKKPAAAATKKAAKSPKKATKAGRPKKTAKSPAKAKAVKPKAAKSKAAKPKAAKAKKAATKKK',
null);
INSERT INTO `curatedhitdb`.`sequence`
(`accession`,
`variant`,
`gi`,
`ncbi_gene_id`,
`hgnc_gene_name`,
`taxonomy_id`,
`organism`,
`phylum`,
`class`,
`taxonomy_group`,
`info`,
`sequence`,
`variant_under_consideration`)
VALUES
('XP_456791.1',
'H3.3',
'50408553',
null,
null,
284592,
'Debaryomyces hansenii CBS767',
'Ascomycota',
'Saccharomycetes',
null,
null,
'MARTKQTARKSTGGKAPRKQLASKAARKSAPSTGGVKKPHRYKPGTVALREIRRFQKSTELLIRKLPFQRLVREIAQDFKTDLRFQSSAIGALQESVEAYLVSLFEDTNLCAIHAKRVTIQKKDIQLARRLRGERS',
null);
INSERT INTO `curatedhitdb`.`sequence`
(`accession`,
`variant`,
`gi`,
`ncbi_gene_id`,
`hgnc_gene_name`,
`taxonomy_id`,
`organism`,
`phylum`,
`class`,
`taxonomy_group`,
`info`,
`sequence`,
`variant_under_consideration`)
VALUES
('XP_460476.1',
'cH3',
'50423783',
null,
null,
284592,
'Debaryomyces hansenii CBS767',
'Ascomycota',
'Saccharomycetes',
null,
null,
'MARTKQTARKSTGGKAPRKQLASKAARKSAPVSGGVKKPHRYKPGTVALREIRRFQKSTELLIRKLPFQRLVREIAQDFKSDLRFQSSAIGALQEAVEAYLVSLFEDTNLCAIHAKRVTIQKKDIQLARRLRGERS',
null);
INSERT INTO `curatedhitdb`.`sequence`
(`accession`,
`variant`,
`gi`,
`ncbi_gene_id`,
`hgnc_gene_name`,
`taxonomy_id`,
`organism`,
`phylum`,
`class`,
`taxonomy_group`,
`info`,
`sequence`,
`variant_under_consideration`)
VALUES
('XP_527254.2',
'cH3',
'114605759',
null,
null,
9598,
'Pan troglodytes',
'Chordata',
'Mammalia',
null,
null,
'MARTKQTARKSTGGKAPRKQLATKAARKSAPATGGVKKPHRYRPGTVALREIRRYQKSTELLIRKLPFQRLVREIAQDFKTDLRFQSSAVMALQEACEAYLVGLFEDTNLCAIHAKRVTIMPKDIQLARRIRGERA',
null);
INSERT INTO `curatedhitdb`.`sequence`
(`accession`,
`variant`,
`gi`,
`ncbi_gene_id`,
`hgnc_gene_name`,
`taxonomy_id`,
`organism`,
`phylum`,
`class`,
`taxonomy_group`,
`info`,
`sequence`,
`variant_under_consideration`)
VALUES
('XP_548517.2',
'H2B.W',
'545560116',
null,
null,
9615,
'Canis lupus familiaris',
'Chordata',
'Mammalia',
null,
null,
'MIPGKPEEGKGSSEGPICDTEVACDVRKCSDYKGASAPQQPPLSVLLSCWEGEPHMAEPGCETSSEECLGTKEPREAEPETPKRKKPRRQCHRRCRRSRSDSFAIYFPRVLKQVDEGLSLSQKAVSIMDSFVKDIFERIADEASRLARSTKRSTITSREIQTAVRLLLPGEIGKYAVSEATKALMRNQVGALEKQVKNVLSLGCG',
null);
INSERT INTO `curatedhitdb`.`sequence`
(`accession`,
`variant`,
`gi`,
`ncbi_gene_id`,
`hgnc_gene_name`,
`taxonomy_id`,
`organism`,
`phylum`,
`class`,
`taxonomy_group`,
`info`,
`sequence`,
`variant_under_consideration`)
VALUES
('XP_548938.1',
'H2A.L',
'57112025',
null,
null,
9615,
'Canis lupus familiaris',
'Chordata',
'Mammalia',
null,
null,
'MSGERGPGHSRRPRRHGLSRSRRAELQFPVSRVDRLLREGHYAHRLSSSTPVFLAGILEYLTSNILELAGQEARNSHKMRITPEHLQKALGNNQYLSQLFEENTYSQGDGMVQARKWSGPGTGADSRI',
null);
INSERT INTO `curatedhitdb`.`sequence_has_publication`
(`sequence_accession`,
`publication_id`)
VALUES
('XP_548938.1',
'22650316');
INSERT INTO `curatedhitdb`.`sequence_has_publication`
(`sequence_accession`,
`publication_id`)
VALUES
('XP_548938.1',
'26989147');
INSERT INTO `curatedhitdb`.`sequence`
(`accession`,
`variant`,
`gi`,
`ncbi_gene_id`,
`hgnc_gene_name`,
`taxonomy_id`,
`organism`,
`phylum`,
`class`,
`taxonomy_group`,
`info`,
`sequence`,
`variant_under_consideration`)
VALUES
('XP_548947.1',
'H2A.L',
'57112039',
null,
null,
9615,
'Canis lupus familiaris',
'Chordata',
'Mammalia',
null,
null,
'MSGERGPGHSRRPRRHGLSRSRRAELQFPVSRVDRLLREGCYAHRLSSSTPVFLTGILEYLTSNILELVGQEACNSHKMRITPEHMQKALGNNQYLSQLFEENTYSQGDGMVQARKWSGPGTGADSRI',
null);
INSERT INTO `curatedhitdb`.`sequence_has_publication`
(`sequence_accession`,
`publication_id`)
VALUES
('XP_548947.1',
'22650316');
INSERT INTO `curatedhitdb`.`sequence_has_publication`
(`sequence_accession`,
`publication_id`)
VALUES
('XP_548947.1',
'26989147');
INSERT INTO `curatedhitdb`.`sequence`
(`accession`,
`variant`,
`gi`,
`ncbi_gene_id`,
`hgnc_gene_name`,
`taxonomy_id`,
`organism`,
`phylum`,
`class`,
`taxonomy_group`,
`info`,
`sequence`,
`variant_under_consideration`)
VALUES
('XP_567545.1',
'H3.3',
'58260270',
null,
null,
214684,
'Cryptococcus neoformans var. neoformans JEC21',
'Basidiomycota',
'Tremellomycetes',
null,
null,
'MARTKQTARKSTGGKAPRKQLATKAARKQAPSQVSGGVKKPHRYRPGTVALREIRRYQKSTELLIRKLPFQRLVREIAQDFKTDLRFQSSAIGALQEASEAYLVSLFEDTNLAAIHAKRVTIQPKDLQLARRLRGERS',
null);
INSERT INTO `curatedhitdb`.`sequence`
(`accession`,
`variant`,
`gi`,
`ncbi_gene_id`,
`hgnc_gene_name`,
`taxonomy_id`,
`organism`,
`phylum`,
`class`,
`taxonomy_group`,
`info`,
`sequence`,
`variant_under_consideration`)
VALUES
('XP_624700.1',
'H2A.X_(Animals)',
'66506394',
null,
null,
7460,
'Apis mellifera',
'Arthropoda',
'Insecta',
null,
null,
'MSGRGKGGKAKGKAKTRSSRAGLQFPVGRIHRLLRKGNYAERVGAGAPVYLAAVMEYLAAEVLELAGNAARDNKKTRIIPRHLQLAIRNDEELNKLLSGVTIAQGGVLPNIQAVLLPKKTGTGGSGKGDKASQEY',
null);
INSERT INTO `curatedhitdb`.`sequence_has_publication`
(`sequence_accession`,
`publication_id`)
VALUES
('XP_624700.1',
'22650316');
INSERT INTO `curatedhitdb`.`sequence_has_publication`
(`sequence_accession`,
`publication_id`)
VALUES
('XP_624700.1',
'26989147');
INSERT INTO `curatedhitdb`.`sequence`
(`accession`,
`variant`,
`gi`,
`ncbi_gene_id`,
`hgnc_gene_name`,
`taxonomy_id`,
`organism`,
`phylum`,
`class`,
`taxonomy_group`,
`info`,
`sequence`,
`variant_under_consideration`)
VALUES
('XP_626045.1',
'H2A.Z',
'66357734',
null,
null,
353152,
'Cryptosporidium parvum Iowa II',
'Apicomplexa',
'Conoidasida',
null,
null,
'MDGATSSGKIGGKVGGKVGGKGKAGSGKGSKKQPTSRAARAGLQFPVGRIQRMLKHRIPGDCRVGSTASVYAAAILEYLTAEVLELAGNASKDLKVKRITPRHLQLAIRGDEELDSLIKATIAGGGVIPHIEKSLMGKALIGKKGKKGNMSP',
null);
INSERT INTO `curatedhitdb`.`sequence_has_publication`
(`sequence_accession`,
`publication_id`)
VALUES
('XP_626045.1',
'22650316');
INSERT INTO `curatedhitdb`.`sequence_has_publication`
(`sequence_accession`,
`publication_id`)
VALUES
('XP_626045.1',
'26989147');
INSERT INTO `curatedhitdb`.`sequence`
(`accession`,
`variant`,
`gi`,
`ncbi_gene_id`,
`hgnc_gene_name`,
`taxonomy_id`,
`organism`,
`phylum`,
`class`,
`taxonomy_group`,
`info`,
`sequence`,
`variant_under_consideration`)
VALUES
('XP_627120.1',
'H2A.X_(Protists)',
'66359884',
null,
null,
353152,
'Cryptosporidium parvum Iowa II',
'Apicomplexa',
'Conoidasida',
null,
null,
'MSGKVTSSGGRGGGKKTTRKTMSNSAKAGLQFPVGRVARYLKKGRYAKRIGAAAPVYLAAVLEYLCAELLELAGNAARDAKKTRITPRQIQLAVRNDEELSKFLGNVTIASGGVLPNIPTVLLPKKSKSKQGNSQEF',
null);
INSERT INTO `curatedhitdb`.`sequence_has_publication`
(`sequence_accession`,
`publication_id`)
VALUES
('XP_627120.1',
'22650316');
INSERT INTO `curatedhitdb`.`sequence_has_publication`
(`sequence_accession`,
`publication_id`)
VALUES
('XP_627120.1',
'26989147');
INSERT INTO `curatedhitdb`.`sequence`
(`accession`,
`variant`,
`gi`,
`ncbi_gene_id`,
`hgnc_gene_name`,
`taxonomy_id`,
`organism`,
`phylum`,
`class`,
`taxonomy_group`,
`info`,
`sequence`,
`variant_under_consideration`)
VALUES
('XP_628349.1',
'H2B.Z',
null,
null,
null,
353152,
'Cryptosporidium parvum Iowa II',
'Apicomplexa',
'Conoidasida',
null,
null,
'MSGKSGKSIKGPAQKQQAAKKTAGKSPADGGKRKRRKRTESFALYIYKVLKQVHPETGISKKSMSIMNSFINDVFDRLSAEAVKLVQYNKKRTLSSREVQTSVRLMLPGELSKHAVSEGTKAVTKYTSASA',
null);
INSERT INTO `curatedhitdb`.`sequence_has_publication`
(`sequence_accession`,
`publication_id`)
VALUES
('XP_628349.1',
'DOI:10.5772/intechopen.81409');
INSERT INTO `curatedhitdb`.`sequence`
(`accession`,
`variant`,
`gi`,
`ncbi_gene_id`,
`hgnc_gene_name`,
`taxonomy_id`,
`organism`,
`phylum`,
`class`,
`taxonomy_group`,
`info`,
`sequence`,
`variant_under_consideration`)
VALUES
('XP_637656.1',
'H2A.Z',
'66807867',
null,
null,
352472,
'Dictyostelium discoideum AX4',
'Evosea',
'Eumycetozoa',
null,
null,
'MTESETTSKKVNKRVKPVPKSTKAGLIFPVGRIHRMLKNKVPLKRVSILSSVYLAAILEYLASEVLELTISQVSIQSKEYHNVRRISPRHLLLAIKTDEELDNLIRVSTTIAGGGVIPYIHEVLKKVEQKPTHPQQKQTIKSI',
null);
INSERT INTO `curatedhitdb`.`sequence`
(`accession`,
`variant`,
`gi`,
`ncbi_gene_id`,
`hgnc_gene_name`,
`taxonomy_id`,
`organism`,
`phylum`,
`class`,
`taxonomy_group`,
`info`,
`sequence`,
`variant_under_consideration`)
VALUES
('XP_641587.1',
'H2A.X_(Protists)',
'66814816',
null,
null,
352472,
'Dictyostelium discoideum AX4',
'Evosea',
'Eumycetozoa',
null,
null,
'MSETKPASSKPAAAAKPKKVIPRVSRTGEPKSKPESRSARAGITFPVSRVDRLLREGRFAPRVESTAPVYLAAVLEYLVFEILELAHNTCSISKKTRITPQHINWAVGNDLELNSLFQHVTIAYGGVLPTPQQSTGEKKKKPSKKAAEGSSQIY',
null);
INSERT INTO `curatedhitdb`.`sequence_has_publication`
(`sequence_accession`,
`publication_id`)
VALUES
('XP_641587.1',
'22650316');
INSERT INTO `curatedhitdb`.`sequence_has_publication`
(`sequence_accession`,
`publication_id`)
VALUES
('XP_641587.1',
'26989147');
INSERT INTO `curatedhitdb`.`sequence`
(`accession`,
`variant`,
`gi`,
`ncbi_gene_id`,
`hgnc_gene_name`,
`taxonomy_id`,
`organism`,
`phylum`,
`class`,
`taxonomy_group`,
`info`,
`sequence`,
`variant_under_consideration`)
VALUES
('XP_678689.1',
'H2B.Z',
'68073549',
null,
null,
5823,
'Plasmodium berghei ANKA',
'Apicomplexa',
'Aconoidasida',
null,
null,
'MSGKGPAQKSQAAKKTAGKTLGPRHKRKRRTESFSLYIFKVLKQVHPETGVTKKSMNIMNSFINDIFDRLVTEATRLIRYNKKRTLSSREIQTAVRLLLPGELSKHAVSEGTKAVTKYTTSGA',
null);
INSERT INTO `curatedhitdb`.`sequence`
(`accession`,
`variant`,
`gi`,
`ncbi_gene_id`,
`hgnc_gene_name`,
`taxonomy_id`,
`organism`,
`phylum`,
`class`,
`taxonomy_group`,
`info`,
`sequence`,
`variant_under_consideration`)
VALUES
('XP_713710.1',
'H3.3',
'68484797',
null,
null,
237561,
'Candida albicans SC5314',
'Ascomycota',
'Saccharomycetes',
null,
null,
'MARTKQTARKSTGGKAPRKQLASKAARKSAPSTGGVKKPHRYKPGTVALREIRRFQKSTELLIRKLPFQRLVREIAQDFKTDLRFQSSAIGALQEAVEAYLVGLFEDTNLCAIHAKRVTIQKKDMQLARRLRGERS',
null);
INSERT INTO `curatedhitdb`.`sequence`
(`accession`,
`variant`,
`gi`,
`ncbi_gene_id`,
`hgnc_gene_name`,
`taxonomy_id`,
`organism`,
`phylum`,
`class`,
`taxonomy_group`,
`info`,
`sequence`,
`variant_under_consideration`)
VALUES
('XP_719887.1',
'cH3',
'68472183',
null,
null,
237561,
'Candida albicans SC5314',
'Ascomycota',
'Saccharomycetes',
null,
null,
'MARTKQTARKSTGGKAPRKQLASKAARKSAPVSGGVKKPHRYKPGTVALREIRRFQKSTELLIRKLPFQRLVREIAQDFKSDLRFQSSAIGALQEAVEAYLVGLFEDTNLCAIHAKRVTIQKKDMQLARRLRGERS',
null);
INSERT INTO `curatedhitdb`.`sequence`
(`accession`,
`variant`,
`gi`,
`ncbi_gene_id`,
`hgnc_gene_name`,
`taxonomy_id`,
`organism`,
`phylum`,
`class`,
`taxonomy_group`,
`info`,
`sequence`,
`variant_under_consideration`)
VALUES
('XP_724814.1',
'cH3',
'82541094',
null,
null,
5861,
'Plasmodium yoelii',
'Apicomplexa',
'Aconoidasida',
null,
null,
'MARTKQTARKSTAGKAPRKQLASKAARKSAPISAGIKKPHRYRPGTVALREIRRYQKSTDLLIRKLPFQRLVREIAQDYKTDLRFQSSAVMALQEAAEAYLVGLFEDTNLCAIHAKRVTIMPKDIQLARRIRGERS',
null);
INSERT INTO `curatedhitdb`.`sequence`
(`accession`,
`variant`,
`gi`,
`ncbi_gene_id`,
`hgnc_gene_name`,
`taxonomy_id`,
`organism`,
`phylum`,
`class`,
`taxonomy_group`,
`info`,
`sequence`,
`variant_under_consideration`)
VALUES
('XP_725474.1',
'H3.3',
'82594554',
null,
null,
5861,
'Plasmodium yoelii',
'Apicomplexa',
'Aconoidasida',
null,
null,
'MARTKQTARKSTGGKAPRKQLASKAARKSAPVSTGIKKPHRYRPGTVALREIRKFQKSTDLLIRKLPFQRLVREIAQEYKTDLRFQSQAVLALQEAAEAYLVGLFEDTNLCAIHAKRVTIMPKDIQLARRIRGERS',
null);
INSERT INTO `curatedhitdb`.`sequence`
(`accession`,
`variant`,
`gi`,
`ncbi_gene_id`,
`hgnc_gene_name`,
`taxonomy_id`,
`organism`,
`phylum`,
`class`,
`taxonomy_group`,
`info`,
`sequence`,
`variant_under_consideration`)
VALUES
('XP_823266.1',
'cH2B_(Protists)',
'71748422',
null,
null,
185431,
'Trypanosoma brucei brucei TREU927',
'Euglenozoa',
'Kinetoplastea',
null,
null,
'MATPKSTPAKTRKEAKKTRRQRKRTWNVYVSRSLRSINSQMSMTSRTMKIVNSFVNDLFERIAAEAATIVRVNRKRTLGARELQTAVRLVLPADLAKHAMAEGTKAVSHASS',
null);
INSERT INTO `curatedhitdb`.`sequence`
(`accession`,
`variant`,
`gi`,
`ncbi_gene_id`,
`hgnc_gene_name`,
`taxonomy_id`,
`organism`,
`phylum`,
`class`,
`taxonomy_group`,
`info`,
`sequence`,
`variant_under_consideration`)
VALUES
('XP_845905.1',
'cH2A_(Protists)',
'72391222',
null,
null,
185431,
'Trypanosoma brucei brucei TREU927',
'Euglenozoa',
'Kinetoplastea',
null,
null,
'MATPKQAVKKASKGGSSRSVKAGLIFPVGRVGTLLRRGQYARRIGASGAVYMAAVLEYLTAELLELSVKAAAQQTKKTKRLTPRTVTLAVRHDDDLGALLRNVTMSRGGVMPSLNKALAKKQKSGKHAKATPSV',
null);
INSERT INTO `curatedhitdb`.`sequence_has_publication`
(`sequence_accession`,
`publication_id`)
VALUES
('XP_845905.1',
'22650316');
INSERT INTO `curatedhitdb`.`sequence_has_publication`
(`sequence_accession`,
`publication_id`)
VALUES
('XP_845905.1',
'26989147');
INSERT INTO `curatedhitdb`.`sequence`
(`accession`,
`variant`,
`gi`,
`ncbi_gene_id`,
`hgnc_gene_name`,
`taxonomy_id`,
`organism`,
`phylum`,
`class`,
`taxonomy_group`,
`info`,
`sequence`,
`variant_under_consideration`)
VALUES
('XP_846259.1',
'H2A.Z',
'72391930',
null,
null,
185431,
'Trypanosoma brucei brucei TREU927',
'Euglenozoa',
'Kinetoplastea',
null,
null,
'MSLTGDDAVPQAPLVGGVAMSPEQASALTGGKLGGKAVGPAHGKGKGKGKGKRGGKTGGKAGRRDKMTRAARADLNFPVGRIHSRLKDGLNRKQRCGASAAIYCAALLEYLTSEVIELAGAAAKAQKTERIKPRHLLLAIRGDEELNQIVNATIARGGVVPFVHKSLEKKIIKKSKRGS',
null);
INSERT INTO `curatedhitdb`.`sequence_has_publication`
(`sequence_accession`,
`publication_id`)
VALUES
('XP_846259.1',
'22650316');
INSERT INTO `curatedhitdb`.`sequence_has_publication`
(`sequence_accession`,
`publication_id`)
VALUES
('XP_846259.1',
'26989147');
INSERT INTO `curatedhitdb`.`sequence`
(`accession`,
`variant`,
`gi`,
`ncbi_gene_id`,
`hgnc_gene_name`,
`taxonomy_id`,
`organism`,
`phylum`,
`class`,
`taxonomy_group`,
`info`,
`sequence`,
`variant_under_consideration`)
VALUES
('XP_875023.2',
'H2A.L',
'119923405',
null,
null,
9913,
'Bos taurus',
'Chordata',
'Mammalia',
null,
null,
'MSPRRHLWNCRRSRRHSLSRSTRAELQFPVSRVDRLLREGQGAYRLSSATPVFLTAVLEYLIANILDLAGKEACTNHRVRISPEHVQTALINNENLRRLFQPGAFSQPTASPHLPEN',
null);
INSERT INTO `curatedhitdb`.`sequence_has_publication`
(`sequence_accession`,
`publication_id`)
VALUES
('XP_875023.2',
'22650316');
INSERT INTO `curatedhitdb`.`sequence_has_publication`
(`sequence_accession`,
`publication_id`)
VALUES
('XP_875023.2',
'26989147');
INSERT INTO `curatedhitdb`.`sequence`
(`accession`,
`variant`,
`gi`,
`ncbi_gene_id`,
`hgnc_gene_name`,
`taxonomy_id`,
`organism`,
`phylum`,
`class`,
`taxonomy_group`,
`info`,
`sequence`,
`variant_under_consideration`)
VALUES
('XP_951561.1',
'cH4',
'84043542',
null,
null,
185431,
'Trypanosoma brucei brucei TREU927',
'Euglenozoa',
'Kinetoplastea',
null,
null,
'MAKGKRVGESKGAQKRQKKVLRDNVRGITRGSIRRLARRAGVKRISGVIYDEVRGVLKTFVESIVRDAGAYTEYSRKKTVTAAHVVFALRKRGKVLYGYD',
null);
INSERT INTO `curatedhitdb`.`sequence`
(`accession`,
`variant`,
`gi`,
`ncbi_gene_id`,
`hgnc_gene_name`,
`taxonomy_id`,
`organism`,
`phylum`,
`class`,
`taxonomy_group`,
`info`,
`sequence`,
`variant_under_consideration`)
VALUES
('XP_956003.1',
'H3.3',
'85077297',
null,
null,
367110,
'Neurospora crassa OR74A',
'Ascomycota',
'Sordariomycetes',
null,
null,
'MARTKQTARKSTGGKAPRKQLASKAARKSAPSTGGVKKPHRYKPGTVALREIRRYQKSTELLIRKLPFQRLVREIAQDFKSDLRFQSSAIGALQESVESYLVSLFEDTNLCAIHAKRVTIQSKDIQLARRLRGERN',
null);
INSERT INTO `curatedhitdb`.`sequence`
(`accession`,
`variant`,
`gi`,
`ncbi_gene_id`,
`hgnc_gene_name`,
`taxonomy_id`,
`organism`,
`phylum`,
`class`,
`taxonomy_group`,
`info`,
`sequence`,
`variant_under_consideration`)
VALUES
('XP_966164.1',
'H3.3',
'86171194',
null,
null,
36329,
'Plasmodium falciparum 3D7',
'Apicomplexa',
'Aconoidasida',
null,
null,
'MARTKQTARKSTGGKAPRKQLASKAARKSAPVSTGIKKPHRYRPGTVALREIRKFQKSTDLLIRKLPFQRLVREIAQEYKTDLRFQSQAVLALQEAAEAYLVGLFEDTNLCAIHAKRVTIMPKDIQLARRIRGERS',
null);